Age,Attrition,DailyRate,DistanceFromHome,Education,EnvironmentSatisfaction,Gender,HourlyRate,JobInvolvement,JobLevel,JobSatisfaction,MonthlyIncome,MonthlyRate,NumCompaniesWorked,OverTime,PercentSalaryHike,PerformanceRating,RelationshipSatisfaction,StockOptionLevel,TotalWorkingYears,TrainingTimesLastYear,WorkLifeBalance,YearsAtCompany,YearsInCurrentRole,YearsSinceLastPromotion,YearsWithCurrManager,BusinessTravel_Travel_Frequently,BusinessTravel_Travel_Rarely,Department_Research & Development,Department_Sales,EducationField_Life Sciences,EducationField_Marketing,EducationField_Medical,EducationField_Other,EducationField_Technical Degree,JobRole_Human Resources,JobRole_Laboratory Technician,JobRole_Manager,JobRole_Manufacturing Director,JobRole_Research Director,JobRole_Research Scientist,JobRole_Sales Executive,JobRole_Sales Representative,MaritalStatus_Married,MaritalStatus_Single,Age_Scaled,MonthlyIncome_Scaled,TotalWorkingYears_Scaled,YearsAtCompany_Scaled,AgeGroup,TenureRatio,IncomeCategory
41,1,1102,1,2,2,0,94,3,2,4,5993,19479,8,1,11,3,1,0,8,0,1,6,4,0,5,False,True,False,True,True,False,False,False,False,False,False,False,False,False,False,True,False,False,True,0.4463504035345031,-0.08476638869339953,-0.42164245835933756,-0.16461310905422863,Middle-Aged,0.6666666666666666,Medium
49,0,279,8,1,3,1,61,2,2,2,5130,24907,1,0,23,4,4,1,10,3,3,10,7,1,7,True,False,True,False,True,False,False,False,False,False,False,False,False,False,True,False,False,True,False,1.3223652142096962,-0.28307219586423016,-0.16451140099023315,0.48850772848886465,Senior,0.9090909090909091,Medium
37,1,1373,2,2,4,1,92,2,1,3,2090,2396,6,1,15,3,2,0,7,3,3,0,0,0,0,False,True,True,False,False,False,False,True,False,False,True,False,False,False,False,False,False,False,True,0.008342998196906572,-0.9816233590152441,-0.5502079870438897,-1.1442943653688686,Middle-Aged,0.0,Low
33,0,1392,3,4,4,0,56,3,1,3,2909,23159,1,1,11,3,3,0,8,3,3,8,7,3,0,True,False,True,False,True,False,False,False,False,False,False,False,False,False,True,False,False,True,False,-0.42966440714069,-0.7934281607847572,-0.42164245835933756,0.16194730971731802,Middle-Aged,0.8888888888888888,Low
27,0,591,2,1,1,1,40,3,1,2,3468,16632,9,0,12,3,4,1,6,3,3,2,2,2,2,False,True,True,False,False,False,True,False,False,False,True,False,False,False,False,False,False,True,False,-1.0866755151470848,-0.664977469929028,-0.678773515728442,-0.8177339465973219,Young,0.2857142857142857,Low
32,0,1005,2,2,4,1,79,3,1,4,3068,11864,0,0,13,3,3,0,8,2,2,7,7,3,6,True,False,True,False,True,False,False,False,False,False,True,False,False,False,False,False,False,False,True,-0.5391662584750891,-0.7568920966594245,-0.42164245835933756,-0.0013328996684553085,Middle-Aged,0.7777777777777778,Low
59,0,1324,3,3,3,0,81,4,1,1,2670,9964,4,1,20,4,1,3,12,3,2,1,0,0,0,False,True,True,False,False,False,True,False,False,False,True,False,False,False,False,False,False,True,False,2.4173837275536876,-0.8483471502561691,0.09261965637887129,-0.9810141559830953,Senior,0.07692307692307693,Low
30,0,1358,24,1,4,1,67,3,1,3,2693,13335,1,0,22,4,2,1,1,2,3,1,0,0,0,False,True,True,False,True,False,False,False,False,False,True,False,False,False,False,False,False,False,False,-0.7581699611438873,-0.8430620592191713,-1.3216011591512031,-0.9810141559830953,Young,0.5,Low
38,0,216,23,3,4,1,44,2,3,3,9526,8787,0,0,21,4,2,0,10,2,3,9,7,1,8,True,False,True,False,True,False,False,False,False,False,False,False,True,False,False,False,False,False,True,0.11784484953130571,0.7270695519028283,-0.16451140099023315,0.32522751910309133,Middle-Aged,0.8181818181818182,High
36,0,1299,27,3,3,1,94,3,2,3,5237,16577,6,0,13,3,2,2,17,3,2,7,7,7,7,False,True,True,False,False,False,True,False,False,False,False,False,False,False,False,False,False,True,False,-0.10115885313749257,-0.2584850332138491,0.7354472998016324,-0.0013328996684553085,Middle-Aged,0.3888888888888889,Medium
35,0,809,16,3,1,1,84,4,1,2,2426,16479,0,0,13,3,3,1,6,5,3,5,4,0,3,False,True,True,False,False,False,True,False,False,False,True,False,False,False,False,False,False,True,False,-0.2106607044718917,-0.904415072561711,-0.678773515728442,-0.32789331844000197,Middle-Aged,0.7142857142857143,Low
29,0,153,15,2,4,0,49,2,2,3,4193,12682,0,1,12,3,4,0,10,3,3,9,5,0,8,False,True,True,False,True,False,False,False,False,False,True,False,False,False,False,False,False,False,True,-0.8676718124782865,-0.49838220898018415,-0.16451140099023315,0.32522751910309133,Young,0.8181818181818182,Medium
31,0,670,26,1,1,1,31,3,1,3,2911,15170,1,0,17,3,4,1,5,1,2,5,2,4,3,False,True,True,False,True,False,False,False,False,False,False,False,False,False,True,False,False,False,False,-0.6486681098094882,-0.7929685876511051,-0.8073390444129942,-0.32789331844000197,Middle-Aged,0.8333333333333334,Low
34,0,1346,19,2,2,1,93,3,1,4,2661,8758,0,0,11,3,3,1,3,2,3,2,2,1,2,False,True,True,False,False,False,True,False,False,False,True,False,False,False,False,False,False,False,False,-0.3201625558062908,-0.850415229357603,-1.0644701017820986,-0.8177339465973219,Middle-Aged,0.5,Low
28,1,103,24,3,3,1,50,2,1,3,2028,12947,5,1,14,3,2,0,6,4,3,4,2,0,3,False,True,True,False,True,False,False,False,False,False,True,False,False,False,False,False,False,False,True,-0.9771736638126857,-0.9958701261584556,-0.678773515728442,-0.4911735278257753,Young,0.5714285714285714,Low
29,0,1389,21,4,2,0,51,4,3,1,9980,10195,1,0,11,3,3,1,10,1,3,10,9,8,8,False,True,True,False,True,False,False,False,False,False,False,False,True,False,False,False,False,False,False,-0.8676718124782865,0.8313926532418284,-0.16451140099023315,0.48850772848886465,Young,0.9090909090909091,High
32,0,334,5,2,1,1,80,4,1,2,3298,15053,0,1,12,3,4,2,7,5,2,6,2,0,5,False,True,True,False,True,False,False,False,False,False,False,False,False,False,True,False,False,False,False,-0.5391662584750891,-0.7040411862894465,-0.5502079870438897,-0.16461310905422863,Middle-Aged,0.75,Low
22,0,1123,16,2,4,1,96,4,1,4,2935,7324,1,1,13,3,2,2,1,2,2,1,0,0,0,False,False,True,False,False,False,True,False,False,False,True,False,False,False,False,False,False,False,False,-1.6341847718190805,-0.7874537100472814,-1.3216011591512031,-0.9810141559830953,Young,0.5,Low
53,0,1219,2,4,1,0,78,2,4,4,15427,22021,2,0,16,3,3,0,31,3,3,25,8,3,7,False,True,False,True,True,False,False,False,False,False,False,True,False,False,False,False,False,True,False,1.7603726195472926,2.083040082743004,2.535364701385363,2.9377108692754645,Senior,0.78125,High
38,0,371,2,3,4,1,45,3,1,4,3944,4306,5,1,11,3,3,0,6,3,3,3,2,1,2,False,True,True,False,True,False,False,False,False,False,False,False,False,False,True,False,False,False,True,0.11784484953130571,-0.555599064119856,-0.678773515728442,-0.6544537372115486,Middle-Aged,0.42857142857142855,Medium
24,0,673,11,2,1,0,96,4,2,3,4011,8232,0,0,18,3,4,1,5,5,2,4,2,1,3,False,False,True,False,False,False,False,True,False,False,False,False,True,False,False,False,False,False,False,-1.4151810691502822,-0.5402033641425146,-0.8073390444129942,-0.4911735278257753,Young,0.6666666666666666,Medium
36,1,1218,9,4,3,1,82,2,1,1,3407,6986,7,0,23,4,2,0,10,4,3,5,3,0,3,False,True,False,True,True,False,False,False,False,False,False,False,False,False,False,False,True,False,True,-0.10115885313749257,-0.6789944505054134,-0.16451140099023315,-0.32789331844000197,Middle-Aged,0.45454545454545453,Low
34,0,419,7,4,1,0,53,3,3,2,11994,21293,0,0,11,3,3,0,13,4,3,12,6,2,11,False,True,True,False,True,False,False,False,False,False,False,False,False,True,False,False,False,False,True,-0.3201625558062908,1.2941827988293753,0.2211851850634235,0.8150681472604113,Middle-Aged,0.8571428571428571,High
21,0,391,15,2,3,1,96,3,1,4,1232,19281,1,0,14,3,4,0,0,6,3,0,0,0,0,False,True,True,False,True,False,False,False,False,False,False,False,False,False,True,False,False,False,True,-1.7436866231534796,-1.1787802333519448,-1.4501666878357553,-1.1442943653688686,Young,0.0,Low
34,1,699,6,1,2,1,83,3,1,1,2960,17102,2,0,11,3,3,0,8,2,3,4,2,1,3,False,True,True,False,False,False,True,False,False,False,False,False,False,False,True,False,False,False,True,-0.3201625558062908,-0.7817090458766316,-0.42164245835933756,-0.4911735278257753,Middle-Aged,0.4444444444444444,Low
53,0,1282,5,3,3,0,58,3,5,3,16581,10735,4,0,11,3,4,1,26,3,2,14,13,4,8,False,True,True,False,False,False,False,True,False,False,False,True,False,False,False,False,False,False,False,1.7603726195472926,2.3482137808601977,1.8925370579626022,1.141628566031958,Senior,0.5185185185185185,High
32,1,1125,16,1,2,0,72,1,1,1,3919,4681,1,1,22,4,2,0,10,5,3,10,2,6,7,True,False,True,False,True,False,False,False,False,False,False,False,False,False,True,False,False,False,True,-0.5391662584750891,-0.5613437282905058,-0.16451140099023315,0.48850772848886465,Middle-Aged,0.9090909090909091,Medium
42,0,691,8,4,3,1,48,3,2,2,6825,21173,0,0,11,3,4,1,10,2,3,9,7,4,2,False,True,False,True,False,True,False,False,False,False,False,False,False,False,False,True,False,True,False,0.5558522548689022,0.10641603490582537,-0.16451140099023315,0.32522751910309133,Middle-Aged,0.8181818181818182,High
44,0,477,7,4,1,0,42,2,3,4,10248,2094,3,0,14,3,4,1,24,4,3,22,6,5,17,False,True,True,False,False,False,True,False,False,False,False,False,False,False,False,False,False,True,False,0.7748559575377005,0.8929754531511941,1.6354060005934978,2.4478702411181446,Middle-Aged,0.88,High
46,0,705,2,4,2,0,83,3,5,1,16581,22822,3,0,12,3,4,0,22,2,2,2,2,2,1,False,True,False,True,False,True,False,False,False,False,False,True,False,False,False,False,False,False,True,0.9938596602064987,2.3482137808601977,1.3782749432243935,-0.8177339465973219,Senior,0.08695652173913043,High
33,0,924,2,3,3,1,78,3,1,4,2496,6670,4,0,11,3,4,0,7,3,3,1,1,0,0,False,True,True,False,False,False,True,False,False,False,True,False,False,False,False,False,False,False,True,-0.42966440714069,-0.8883300128838916,-0.5502079870438897,-0.9810141559830953,Middle-Aged,0.125,Low
44,0,1459,10,4,4,1,41,3,2,4,6465,19121,2,1,13,3,4,0,9,5,4,4,2,1,3,False,True,True,False,False,False,False,True,False,False,False,False,False,False,False,False,False,True,False,0.7748559575377005,0.02369287084846844,-0.2930769296747854,-0.4911735278257753,Middle-Aged,0.4,Medium
30,0,125,9,2,4,1,83,2,1,3,2206,16117,1,0,13,3,1,0,10,5,3,10,0,1,8,False,True,True,False,False,False,True,False,False,False,True,False,False,False,False,False,False,False,True,-0.7581699611438873,-0.9549681172634291,-0.16451140099023315,0.48850772848886465,Young,0.9090909090909091,Low
39,1,895,5,3,4,1,56,3,2,4,2086,3335,3,0,14,3,3,1,19,6,4,1,0,0,0,False,True,False,True,False,False,False,False,True,False,False,False,False,False,False,False,True,True,False,0.22734670086570485,-0.9825425052825482,0.9925783571707368,-0.9810141559830953,Middle-Aged,0.05,Low
24,1,813,1,3,2,1,61,3,1,4,2293,3020,2,1,16,3,1,1,6,2,2,2,0,2,0,False,True,True,False,False,False,True,False,False,False,False,False,False,False,True,False,False,True,False,-1.4151810691502822,-0.9349766859495678,-0.678773515728442,-0.8177339465973219,Young,0.2857142857142857,Low
43,0,1273,2,2,4,0,72,4,1,3,2645,21923,1,0,12,3,4,2,6,3,2,5,3,1,4,False,True,True,False,False,False,True,False,False,False,False,False,False,False,True,False,False,False,False,0.6653541062033014,-0.8540918144268189,-0.678773515728442,-0.32789331844000197,Middle-Aged,0.7142857142857143,Low
50,1,869,3,2,1,1,86,2,1,3,2683,3810,1,1,14,3,3,0,3,2,3,3,2,0,2,False,True,False,True,False,True,False,False,False,False,False,False,False,False,False,False,True,True,False,1.4318670655440953,-0.8453599248874312,-1.0644701017820986,-0.6544537372115486,Senior,0.75,Low
35,0,890,2,3,4,0,97,3,1,4,2014,9687,1,0,13,3,1,0,2,3,3,2,2,2,2,False,True,False,True,False,True,False,False,False,False,False,False,False,False,False,False,True,True,False,-0.2106607044718917,-0.9990871380940195,-1.193035630466651,-0.8177339465973219,Middle-Aged,0.6666666666666666,Low
36,0,852,5,4,2,0,82,2,1,1,3419,13072,9,1,14,3,4,1,6,3,4,1,1,0,0,False,True,True,False,True,False,False,False,False,False,False,False,False,False,True,False,False,True,False,-0.10115885313749257,-0.6762370117035015,-0.678773515728442,-0.9810141559830953,Middle-Aged,0.14285714285714285,Low
33,0,1141,1,3,3,0,42,4,2,1,5376,3193,2,0,19,3,1,2,10,3,3,5,3,1,3,True,False,False,True,True,False,False,False,False,False,False,False,False,False,False,True,False,True,False,-0.42966440714069,-0.22654470042503624,-0.16451140099023315,-0.32789331844000197,Middle-Aged,0.45454545454545453,Medium
35,0,464,4,2,3,1,75,3,1,4,1951,10910,1,0,12,3,3,1,1,3,3,1,0,0,0,False,True,True,False,False,False,False,True,False,False,True,False,False,False,False,False,False,False,False,-0.2106607044718917,-1.013563691804057,-1.3216011591512031,-0.9810141559830953,Middle-Aged,0.5,Low
27,0,1240,2,4,4,0,33,3,1,1,2341,19715,1,0,13,3,4,1,1,6,3,1,0,0,0,False,True,True,False,True,False,False,False,False,False,True,False,False,False,False,False,False,False,False,-1.0866755151470848,-0.9239469307419202,-1.3216011591512031,-0.9810141559830953,Young,0.5,Low
26,1,1357,25,3,1,1,48,1,1,3,2293,10558,1,0,12,3,3,0,1,2,2,1,0,0,1,False,True,True,False,True,False,False,False,False,False,True,False,False,False,False,False,False,False,True,-1.1961773664814839,-0.9349766859495678,-1.3216011591512031,-0.9810141559830953,Young,0.5,Low
27,0,994,8,3,4,1,37,3,3,3,8726,2975,1,0,15,3,4,0,9,0,3,9,8,1,7,True,False,False,True,True,False,False,False,False,False,False,False,False,False,False,True,False,False,True,-1.0866755151470848,0.5432402984420351,-0.2930769296747854,0.32522751910309133,Young,0.9,High
30,0,721,1,2,3,0,58,3,2,4,4011,10781,1,0,23,4,4,0,12,2,3,12,8,3,7,True,False,True,False,False,False,True,False,False,False,True,False,False,False,False,False,False,False,True,-0.7581699611438873,-0.5402033641425146,0.09261965637887129,0.8150681472604113,Young,0.9230769230769231,Medium
41,1,1360,12,3,2,0,49,3,5,3,16581,16280,1,0,12,3,4,0,23,0,3,22,15,15,8,False,True,True,False,False,False,False,False,True,False,False,False,False,True,False,False,False,True,False,0.4463504035345031,2.3482137808601977,1.5068404719089457,2.4478702411181446,Middle-Aged,0.9166666666666666,High
34,0,1065,23,4,2,1,72,3,2,3,4568,10034,0,0,20,4,3,0,10,2,3,9,5,8,7,False,False,False,True,False,True,False,False,False,False,False,False,False,False,False,True,False,False,True,-0.3201625558062908,-0.41221224642043736,-0.16451140099023315,0.32522751910309133,Middle-Aged,0.8181818181818182,Medium
37,0,408,19,2,2,1,73,3,1,2,3022,10227,4,0,21,4,1,0,8,1,3,1,0,0,0,False,True,True,False,True,False,False,False,False,False,False,False,False,False,True,False,False,True,False,0.008342998196906572,-0.7674622787334201,-0.42164245835933756,-0.9810141559830953,Middle-Aged,0.1111111111111111,Low
46,0,1211,5,4,1,1,98,3,2,4,5772,20445,4,1,21,4,3,0,14,4,3,9,6,0,8,True,False,False,True,False,True,False,False,False,False,False,False,False,False,False,True,False,False,True,0.9938596602064987,-0.13554921996194363,0.34975071374797573,0.32522751910309133,Senior,0.6,Medium
35,0,1229,8,1,4,1,36,4,1,4,2269,4892,1,0,19,3,4,0,1,2,3,1,0,0,1,False,True,True,False,True,False,False,False,False,False,True,False,False,False,False,False,False,True,False,-0.2106607044718917,-0.9404915635533917,-1.3216011591512031,-0.9810141559830953,Middle-Aged,0.5,Low
48,1,626,1,2,1,1,98,2,3,3,5381,19294,9,1,13,3,4,0,23,2,3,1,0,0,0,False,True,True,False,True,False,False,False,False,False,True,False,False,False,False,False,False,False,True,1.2128633628752972,-0.2253957675909063,1.5068404719089457,-0.9810141559830953,Senior,0.041666666666666664,Medium
28,1,1434,5,4,3,1,50,3,1,3,3441,11179,1,1,13,3,3,0,2,3,2,2,2,2,2,False,True,True,False,False,False,False,False,True,False,True,False,False,False,False,False,False,False,True,-0.9771736638126857,-0.6711817072333297,-1.193035630466651,-0.8177339465973219,Young,0.6666666666666666,Low
44,0,1488,1,5,2,0,75,3,2,1,5454,4009,5,1,21,4,3,1,9,2,2,4,3,1,3,False,True,False,True,False,True,False,False,False,False,False,False,False,False,False,True,False,False,False,0.7748559575377005,-0.20862134821260891,-0.2930769296747854,-0.4911735278257753,Middle-Aged,0.4,Medium
35,0,1097,11,2,3,1,79,2,3,1,9884,8302,2,1,13,3,3,1,10,3,3,4,0,2,3,False,False,True,False,False,False,True,False,False,False,False,False,False,False,False,False,False,True,False,-0.2106607044718917,0.8093331428265332,-0.16451140099023315,-0.4911735278257753,Middle-Aged,0.36363636363636365,High
26,0,1443,23,3,3,0,47,2,2,4,4157,21436,7,1,19,3,3,1,5,2,2,2,2,0,0,False,True,False,True,False,True,False,False,False,False,False,False,False,False,False,True,False,True,False,-1.1961773664814839,-0.5066545253859198,-0.8073390444129942,-0.8177339465973219,Young,0.3333333333333333,Medium
33,0,515,1,2,1,0,98,3,3,4,13458,15146,1,1,12,3,3,0,15,1,3,15,14,8,12,True,False,True,False,True,False,False,False,False,False,False,False,False,True,False,False,False,False,True,-0.42966440714069,1.6305903326626265,0.4783162424325279,1.3049087754177313,Middle-Aged,0.9375,High
35,0,853,18,5,2,1,71,3,3,1,9069,11031,1,0,22,4,4,1,9,3,2,9,8,1,8,True,False,False,True,True,False,False,False,False,False,False,False,False,False,False,True,False,True,False,-0.2106607044718917,0.6220570908633501,-0.2930769296747854,0.32522751910309133,Middle-Aged,0.9,High
35,0,1142,23,4,3,0,30,3,1,1,4014,16002,3,1,15,3,3,1,4,3,3,2,2,2,2,False,True,True,False,False,False,True,False,False,False,True,False,False,False,False,False,False,True,False,-0.2106607044718917,-0.5395140044420366,-0.9359045730975464,-0.8177339465973219,Middle-Aged,0.4,Medium
31,0,655,7,4,4,1,48,3,2,4,5915,9528,3,0,22,4,4,1,10,3,2,7,7,1,7,False,True,True,False,True,False,False,False,False,False,True,False,False,False,False,False,False,False,False,-0.6486681098094882,-0.10268974090582686,-0.16451140099023315,-0.0013328996684553085,Middle-Aged,0.6363636363636364,Medium
37,0,1115,1,4,1,1,51,2,2,3,5993,2689,1,0,18,3,3,1,7,2,4,7,5,0,7,False,True,True,False,True,False,False,False,False,False,False,False,True,False,False,False,False,False,False,0.008342998196906572,-0.08476638869339953,-0.5502079870438897,-0.0013328996684553085,Middle-Aged,0.875,Medium
32,0,427,1,3,1,1,33,3,2,4,6162,10877,1,1,22,4,2,1,9,3,3,9,8,7,8,False,True,True,False,False,False,True,False,False,False,False,False,True,False,False,False,False,True,False,-0.5391662584750891,-0.04593245889980697,-0.2930769296747854,0.32522751910309133,Middle-Aged,0.9,Medium
38,0,653,29,5,4,0,50,3,2,4,2406,5456,1,0,11,3,4,0,10,2,3,10,3,9,9,True,False,True,False,True,False,False,False,False,False,True,False,False,False,False,False,False,False,True,0.11784484953130571,-0.9090108038982309,-0.16451140099023315,0.48850772848886465,Middle-Aged,0.9090909090909091,Low
50,0,989,7,2,2,0,43,2,5,3,16581,16701,5,1,12,3,4,1,29,2,2,27,3,13,8,False,True,True,False,False,False,True,False,False,False,False,False,False,True,False,False,False,False,False,1.4318670655440953,2.3482137808601977,2.2782336440162587,3.264271288047011,Senior,0.9,High
59,0,1435,25,3,1,0,99,3,3,1,7637,2354,7,0,11,3,4,0,28,3,2,21,16,7,9,False,True,False,True,True,False,False,False,False,False,False,False,False,False,False,True,False,False,True,2.4173837275536876,0.29300272716853043,2.1496681153317065,2.284590031732371,Senior,0.7241379310344828,High
36,0,1223,8,3,3,0,59,3,3,3,10096,8202,1,0,13,3,2,3,17,2,3,17,14,12,8,False,True,True,False,False,False,False,False,True,False,False,False,False,False,False,False,False,False,False,-0.10115885313749257,0.8580478949936434,0.7354472998016324,1.6314691941892778,Middle-Aged,0.9444444444444444,High
55,0,836,8,3,4,0,33,3,4,3,14756,19730,2,1,14,3,3,3,21,2,3,5,0,0,2,False,True,True,False,False,False,True,False,False,False,False,True,False,False,False,False,False,False,False,1.979376322216091,1.9288532964027636,1.2497094145398413,-0.32789331844000197,Senior,0.22727272727272727,High
36,0,1195,11,3,2,1,95,2,2,2,6499,22656,1,0,13,3,3,0,6,3,3,6,5,0,3,True,False,True,False,True,False,False,False,False,False,False,False,True,False,False,False,False,False,True,-0.10115885313749257,0.031505614120552146,-0.678773515728442,-0.16461310905422863,Middle-Aged,0.8571428571428571,Medium
45,0,1339,7,3,2,1,59,3,3,1,9724,18787,2,0,17,3,3,1,25,2,3,1,0,0,0,False,True,True,False,True,False,False,False,False,False,False,False,False,False,True,False,False,False,False,0.8843578088720997,0.7725672921343746,1.76397152927805,-0.9810141559830953,Middle-Aged,0.038461538461538464,High
35,0,664,1,3,2,1,79,3,1,1,2194,5868,4,0,13,3,4,1,5,2,2,3,2,1,2,True,False,True,False,False,False,True,False,False,False,False,False,False,False,True,False,False,True,False,-0.2106607044718917,-0.957725556065341,-0.8073390444129942,-0.6544537372115486,Middle-Aged,0.5,Low
36,1,318,9,3,4,1,79,2,1,3,3388,21777,0,1,17,3,1,1,2,0,2,1,0,0,0,False,True,True,False,False,False,True,False,False,False,False,False,False,False,True,False,False,True,False,-0.10115885313749257,-0.6833603952751073,-1.193035630466651,-0.9810141559830953,Middle-Aged,0.3333333333333333,Low
59,0,1225,1,1,1,0,57,2,2,3,5473,24668,7,0,11,3,4,0,20,2,2,4,3,1,3,True,False,False,True,True,False,False,False,False,False,False,False,False,False,False,True,False,False,True,2.4173837275536876,-0.20425540344291507,1.121143885855289,-0.4911735278257753,Senior,0.19047619047619047,Medium
29,0,1328,2,3,3,1,76,3,1,2,2703,4956,0,0,23,4,4,1,6,3,3,5,4,0,4,False,True,True,False,True,False,False,False,False,False,False,False,False,False,True,False,False,True,False,-0.8676718124782865,-0.8407641935509114,-0.678773515728442,-0.32789331844000197,Young,0.7142857142857143,Low
31,0,1082,1,4,3,1,87,3,1,2,2501,18775,1,0,17,3,2,0,1,4,3,1,1,1,0,False,True,True,False,False,False,True,False,False,False,False,False,False,False,True,False,False,False,True,-0.6486681098094882,-0.8871810800497617,-1.3216011591512031,-0.9810141559830953,Middle-Aged,0.5,Low
32,0,548,1,3,2,1,66,3,2,2,6220,7346,1,0,17,3,2,2,10,3,3,10,4,0,9,False,True,True,False,True,False,False,False,False,False,False,False,False,False,True,False,False,True,False,-0.5391662584750891,-0.03260483802389946,-0.16451140099023315,0.48850772848886465,Middle-Aged,0.9090909090909091,Medium
36,0,132,6,3,2,0,55,4,1,4,3038,22002,3,0,12,3,2,0,5,3,3,1,0,0,0,False,True,True,False,True,False,False,False,False,False,True,False,False,False,False,False,False,True,False,-0.10115885313749257,-0.7637856936642042,-0.8073390444129942,-0.9810141559830953,Middle-Aged,0.16666666666666666,Low
31,0,746,8,4,3,0,61,3,2,4,4424,20682,1,0,23,4,4,0,11,2,3,11,7,1,8,False,True,True,False,True,False,False,False,False,False,False,False,True,False,False,False,False,False,True,-0.6486681098094882,-0.4453015120433801,-0.03594587230568093,0.651787937874638,Middle-Aged,0.9166666666666666,Medium
35,0,776,1,4,3,1,32,2,2,1,4312,23016,0,0,14,3,2,0,16,2,3,15,13,2,8,False,True,False,True,False,True,False,False,False,False,False,False,False,False,False,True,False,False,True,-0.2106607044718917,-0.47103760752789114,0.6068817711170802,1.3049087754177313,Middle-Aged,0.8823529411764706,Medium
45,0,193,6,4,4,1,52,3,3,1,13245,15067,4,1,14,3,2,0,17,3,4,0,0,0,0,False,True,True,False,False,False,False,True,False,False,False,False,False,True,False,False,False,True,False,0.8843578088720997,1.5816457939286905,0.7354472998016324,-1.1442943653688686,Middle-Aged,0.0,High
37,0,397,7,4,1,1,30,3,3,3,13664,25258,4,0,13,3,1,0,16,3,4,5,2,0,2,False,True,True,False,False,False,True,False,False,False,False,False,False,True,False,False,False,False,True,0.008342998196906572,1.6779263654287808,0.6068817711170802,-0.32789331844000197,Middle-Aged,0.29411764705882354,High
46,0,945,5,2,2,1,80,3,2,2,5021,10425,8,1,22,4,4,1,16,2,3,4,2,0,2,False,True,False,False,False,False,True,False,False,True,False,False,False,False,False,False,False,False,False,0.9938596602064987,-0.3081189316482632,0.6068817711170802,-0.4911735278257753,Senior,0.23529411764705882,Medium
30,0,852,1,1,4,1,55,2,2,4,5126,15998,1,1,12,3,3,2,10,1,2,10,8,3,0,False,True,True,False,True,False,False,False,False,False,True,False,False,False,False,False,False,True,False,-0.7581699611438873,-0.2839913421315341,-0.16451140099023315,0.48850772848886465,Young,0.9090909090909091,Medium
35,0,1214,1,3,2,1,30,2,1,3,2859,26278,1,0,18,3,1,0,6,3,3,6,4,0,4,False,True,True,False,False,False,True,False,False,False,False,False,False,False,True,False,False,False,True,-0.2106607044718917,-0.8049174891260568,-0.678773515728442,-0.16461310905422863,Middle-Aged,0.8571428571428571,Low
55,0,111,1,2,1,1,70,3,3,4,10239,18092,3,0,14,3,4,1,24,4,3,1,0,1,0,False,True,False,True,True,False,False,False,False,False,False,False,False,False,False,True,False,True,False,1.979376322216091,0.8909073740497602,1.6354060005934978,-0.9810141559830953,Senior,0.04,High
38,0,573,6,3,2,0,79,1,2,4,5329,15717,7,1,12,3,4,3,17,3,3,13,11,1,9,False,False,True,False,False,False,True,False,False,False,False,False,False,False,True,False,False,False,False,0.11784484953130571,-0.23734466906585786,0.7354472998016324,0.9783483566461847,Middle-Aged,0.7222222222222222,Medium
34,0,1153,1,2,1,1,94,3,2,2,4325,17736,1,0,15,3,3,0,5,2,3,5,2,1,3,False,True,True,False,False,False,True,False,False,False,False,False,True,False,False,False,False,True,False,-0.3201625558062908,-0.4680503821591533,-0.8073390444129942,-0.32789331844000197,Middle-Aged,0.8333333333333334,Medium
56,0,1400,7,3,4,1,49,1,3,4,7260,21698,4,0,11,3,1,0,37,3,2,6,4,0,2,False,True,True,False,True,False,False,False,False,False,False,False,True,False,False,False,False,False,True,2.08887817355049,0.20637319147513164,3.3067578734926766,-0.16461310905422863,Senior,0.15789473684210525,High
23,0,541,2,1,3,1,62,3,1,1,2322,9518,3,0,13,3,3,1,3,3,3,0,0,0,0,False,True,False,True,False,False,False,False,True,False,False,False,False,False,False,False,True,False,False,-1.5246829204846812,-0.9283128755116141,-1.0644701017820986,-1.1442943653688686,Young,0.0,Low
51,0,432,9,4,4,1,96,3,1,4,2075,18725,3,0,23,4,2,2,10,4,3,4,2,0,3,False,True,True,False,True,False,False,False,False,False,True,False,False,False,False,False,False,True,False,1.5413689168784945,-0.985070157517634,-0.16451140099023315,-0.4911735278257753,Senior,0.36363636363636365,Low
30,0,288,2,3,3,1,99,2,2,4,4152,15830,1,0,19,3,1,3,11,3,3,11,10,10,8,False,True,True,False,True,False,False,False,False,False,False,False,False,False,False,False,False,True,False,-0.7581699611438873,-0.5078034582200498,-0.03594587230568093,0.651787937874638,Young,0.9166666666666666,Medium
46,1,669,9,2,3,1,64,2,3,4,9619,13596,1,0,16,3,4,0,9,3,3,9,8,4,7,False,True,False,True,False,False,True,False,False,False,False,False,False,False,False,True,False,False,True,0.9938596602064987,0.7484397026176455,-0.2930769296747854,0.32522751910309133,Senior,0.9,High
40,0,530,1,4,3,1,78,2,4,2,13503,14115,1,0,22,4,4,1,22,3,2,22,3,11,11,True,False,True,False,True,False,False,False,False,False,False,False,False,False,False,False,False,True,False,0.33684855220010396,1.6409307281697962,1.3782749432243935,2.4478702411181446,Middle-Aged,0.9565217391304348,High
51,0,632,21,4,3,1,71,3,2,4,5441,8423,0,1,22,4,4,0,11,2,1,10,7,1,0,False,True,False,True,False,True,False,False,False,False,False,False,False,False,False,True,False,False,True,1.5413689168784945,-0.2116085735813468,-0.03594587230568093,0.48850772848886465,Senior,0.8333333333333334,Medium
30,0,1334,4,2,3,0,63,2,2,2,5209,19760,1,1,12,3,2,3,11,4,2,11,8,2,7,False,True,False,True,False,False,True,False,False,False,False,False,False,False,False,True,False,False,False,-0.7581699611438873,-0.2649190570849768,-0.03594587230568093,0.651787937874638,Young,0.9166666666666666,Medium
46,0,638,1,3,3,1,40,2,3,1,10673,3142,2,1,13,3,3,1,21,5,2,10,9,9,5,True,False,True,False,False,False,True,False,False,False,False,False,False,False,False,False,False,True,False,0.9938596602064987,0.9906347440522405,1.2497094145398413,0.48850772848886465,Senior,0.45454545454545453,High
32,0,1093,6,4,2,1,87,3,2,3,5010,24301,1,0,16,3,1,0,12,0,3,11,8,5,7,False,True,False,True,False,False,True,False,False,False,False,False,False,False,False,True,False,False,True,-0.5391662584750891,-0.3106465838833491,0.09261965637887129,0.651787937874638,Middle-Aged,0.8461538461538461,Medium
54,0,1217,2,4,1,0,60,3,3,3,13549,24001,9,0,12,3,1,1,16,5,1,4,3,0,3,False,True,True,False,False,False,False,False,True,False,False,False,False,True,False,False,False,True,False,1.869874470881692,1.6515009102437919,0.6068817711170802,-0.4911735278257753,Senior,0.23529411764705882,High
24,0,1353,3,2,1,0,33,3,2,3,4999,17519,0,0,21,4,1,1,4,2,2,3,2,0,2,False,True,False,True,False,False,False,True,False,False,False,False,False,False,False,True,False,True,False,-1.4151810691502822,-0.31317423611843503,-0.9359045730975464,-0.6544537372115486,Young,0.6,Medium
28,0,120,4,3,2,1,43,3,2,3,4221,8863,1,0,15,3,2,0,5,3,4,5,4,0,4,False,False,False,True,False,False,True,False,False,False,False,False,False,False,False,True,False,True,False,-0.9771736638126857,-0.49194818510905636,-0.8073390444129942,-0.32789331844000197,Young,0.8333333333333334,Medium
58,0,682,10,4,4,1,37,3,4,3,13872,24409,0,0,13,3,3,0,38,1,2,37,10,1,8,False,True,False,True,False,False,True,False,False,False,False,False,False,False,False,True,False,False,True,2.3078818762192883,1.7257219713285872,3.4353234021772288,4.897073381904744,Senior,0.9487179487179487,High
44,0,489,23,3,2,1,67,3,2,2,2042,25043,4,0,12,3,3,1,17,3,4,3,2,1,2,False,False,True,False,False,False,True,False,False,False,True,False,False,False,False,False,False,True,False,0.7748559575377005,-0.9926531142228917,0.7354472998016324,-0.6544537372115486,Middle-Aged,0.16666666666666666,Low
37,1,807,6,4,3,1,63,3,1,1,2073,23648,4,1,22,4,4,0,7,3,3,3,2,0,2,False,True,False,False,False,False,False,False,False,True,False,False,False,False,False,False,False,False,False,0.008342998196906572,-0.985529730651286,-0.5502079870438897,-0.6544537372115486,Middle-Aged,0.375,Low
32,0,827,1,1,4,1,71,3,1,1,2956,15178,1,0,13,3,4,0,1,2,3,1,0,0,0,False,True,True,False,True,False,False,False,False,False,False,False,False,False,True,False,False,False,True,-0.5391662584750891,-0.7826281921439355,-1.3216011591512031,-0.9810141559830953,Middle-Aged,0.5,Low
20,1,871,6,3,4,0,66,2,1,4,2926,19783,1,1,18,3,2,0,1,5,3,1,0,1,0,True,False,True,False,True,False,False,False,False,False,True,False,False,False,False,False,False,False,True,-1.8531884744878788,-0.7895217891487153,-1.3216011591512031,-0.9810141559830953,Young,0.5,Low
34,0,665,6,4,1,0,41,3,2,3,4809,12482,1,0,14,3,3,0,16,3,3,16,13,2,10,False,True,True,False,False,False,False,True,False,False,False,False,False,False,True,False,False,False,True,-0.3201625558062908,-0.3568336838153734,0.6068817711170802,1.4681889848035046,Middle-Aged,0.9411764705882353,Medium
37,0,1040,2,2,3,1,100,2,2,4,5163,15850,5,0,14,3,4,1,17,2,4,1,0,0,0,False,False,True,False,True,False,False,False,False,False,False,False,False,False,False,False,False,False,False,0.008342998196906572,-0.27548923915897244,0.7354472998016324,-0.9810141559830953,Middle-Aged,0.05555555555555555,Medium
59,0,1420,2,4,3,0,32,2,5,4,16581,21922,9,0,21,4,4,1,30,3,3,3,2,2,2,False,False,False,False,False,False,False,False,False,False,False,True,False,False,False,False,False,True,False,2.4173837275536876,2.3482137808601977,2.406799172700811,-0.6544537372115486,Senior,0.0967741935483871,High
50,0,1115,1,3,1,0,73,3,5,2,16581,9755,3,1,19,3,1,0,28,1,2,8,3,0,7,True,False,True,False,True,False,False,False,False,False,False,False,False,True,False,False,False,True,False,1.4318670655440953,2.3482137808601977,2.1496681153317065,0.16194730971731802,Senior,0.27586206896551724,High
25,1,240,5,3,3,1,46,2,2,3,5744,26959,1,1,11,3,4,0,6,1,3,6,4,0,3,False,True,False,True,False,True,False,False,False,False,False,False,False,False,False,True,False,False,True,-1.3056792178158831,-0.1419832438330714,-0.678773515728442,-0.16461310905422863,Young,0.8571428571428571,Medium
25,0,1280,7,1,4,1,64,2,1,4,2889,26897,1,0,11,3,3,2,2,2,3,2,2,2,1,False,True,True,False,False,False,True,False,False,False,False,False,False,False,True,False,False,True,False,-1.3056792178158831,-0.798023892121277,-1.193035630466651,-0.8177339465973219,Young,0.6666666666666666,Low
22,0,534,15,3,2,0,59,3,1,4,2871,23785,1,0,15,3,3,0,1,5,3,0,0,0,0,False,True,True,False,False,False,True,False,False,False,True,False,False,False,False,False,False,False,True,-1.6341847718190805,-0.8021600503241448,-1.3216011591512031,-1.1442943653688686,Young,0.0,Low
51,0,1456,1,4,1,0,30,2,3,1,7484,25796,3,0,20,4,3,0,23,1,2,13,12,12,8,True,False,True,False,False,False,True,False,False,False,False,False,False,False,False,False,False,False,True,1.5413689168784945,0.2578453824441537,1.5068404719089457,0.9783483566461847,Senior,0.5416666666666666,High
34,1,658,7,3,1,1,66,1,2,3,6074,22887,1,1,24,4,4,0,9,3,3,9,7,0,6,True,False,True,False,True,False,False,False,False,False,True,False,False,False,False,False,False,False,True,-0.3201625558062908,-0.06615367678049422,-0.2930769296747854,0.32522751910309133,Middle-Aged,0.9,Medium
54,0,142,26,3,4,0,30,4,4,4,16581,13871,2,1,12,3,3,0,23,3,3,5,3,4,4,False,False,False,False,False,False,False,False,False,False,False,True,False,False,False,False,False,False,True,1.869874470881692,2.3482137808601977,1.5068404719089457,-0.32789331844000197,Senior,0.20833333333333334,High
24,0,1127,18,1,2,1,52,3,1,3,2774,13257,0,0,12,3,3,1,6,2,3,5,3,1,2,False,True,True,False,True,False,False,False,False,False,True,False,False,False,False,False,False,True,False,-1.4151810691502822,-0.824449347306266,-0.678773515728442,-0.32789331844000197,Young,0.7142857142857143,Low
34,0,1031,6,4,3,0,45,2,2,2,4505,15000,6,0,15,3,3,1,12,3,3,1,0,0,0,False,True,True,False,True,False,False,False,False,False,False,False,False,False,True,False,False,False,False,-0.3201625558062908,-0.4266888001304748,0.09261965637887129,-0.9810141559830953,Middle-Aged,0.07692307692307693,Medium
37,0,1189,3,3,3,1,87,3,3,4,7428,14506,2,0,12,3,1,0,12,3,3,5,3,1,3,False,True,False,True,True,False,False,False,False,False,False,False,False,False,False,True,False,False,True,0.008342998196906572,0.2449773347018982,0.09261965637887129,-0.32789331844000197,Middle-Aged,0.38461538461538464,High
34,0,1354,5,3,3,0,45,2,3,1,11631,5615,2,0,12,3,4,0,14,6,3,11,10,5,8,False,True,True,False,False,False,True,False,False,False,False,True,False,False,False,False,False,False,True,-0.3201625558062908,1.2107702750715403,0.34975071374797573,0.651787937874638,Middle-Aged,0.7333333333333333,High
36,0,1467,11,2,2,0,92,3,3,4,9738,22952,0,0,14,3,3,1,10,6,3,9,7,2,8,True,False,False,True,False,False,False,False,True,False,False,False,False,False,False,True,False,True,False,-0.10115885313749257,0.7757843040699385,-0.16451140099023315,0.32522751910309133,Middle-Aged,0.8181818181818182,High
36,0,922,3,2,1,0,39,3,1,4,2835,2561,5,0,22,4,1,1,7,2,3,1,0,0,0,False,True,True,False,True,False,False,False,False,False,True,False,False,False,False,False,False,False,False,-0.10115885313749257,-0.8104323667298805,-0.5502079870438897,-0.9810141559830953,Middle-Aged,0.125,Low
43,0,394,26,2,3,1,92,3,4,4,16581,19494,1,1,12,3,4,2,25,3,4,25,12,4,12,True,False,False,True,True,False,False,False,False,False,False,True,False,False,False,False,False,True,False,0.6653541062033014,2.3482137808601977,1.76397152927805,2.9377108692754645,Middle-Aged,0.9615384615384616,High
30,0,1312,23,3,1,1,96,1,1,3,2613,22310,1,0,25,4,3,3,10,2,2,10,7,0,9,True,False,True,False,True,False,False,False,False,False,False,False,False,False,True,False,False,False,False,-0.7581699611438873,-0.8614449845652506,-0.16451140099023315,0.48850772848886465,Young,0.9090909090909091,Low
33,0,750,22,2,3,1,95,3,2,2,6146,15480,0,0,13,3,1,1,8,2,4,7,7,0,7,False,False,False,True,False,True,False,False,False,False,False,False,False,False,False,True,False,True,False,-0.42966440714069,-0.04960904396902283,-0.42164245835933756,-0.0013328996684553085,Middle-Aged,0.7777777777777778,Medium
56,1,441,14,4,2,0,72,3,1,2,4963,4510,9,1,18,3,1,3,7,2,3,5,4,4,3,False,True,True,False,True,False,False,False,False,False,False,False,False,False,True,False,False,True,False,2.08887817355049,-0.3214465525241707,-0.5502079870438897,-0.32789331844000197,Senior,0.625,Medium
51,0,684,6,3,1,1,51,3,5,3,16581,6462,7,0,13,3,3,0,23,5,3,20,18,15,15,False,True,True,False,True,False,False,False,False,False,False,False,False,True,False,False,False,False,True,1.5413689168784945,2.3482137808601977,1.5068404719089457,2.1213098223465976,Senior,0.8333333333333334,High
31,1,249,6,4,2,1,76,1,2,3,6172,20739,4,1,18,3,2,0,12,3,2,7,7,7,7,False,True,False,True,True,False,False,False,False,False,False,False,False,False,False,True,False,True,False,-0.6486681098094882,-0.04363459323154706,0.09261965637887129,-0.0013328996684553085,Middle-Aged,0.5384615384615384,Medium
26,0,841,6,3,3,0,46,2,1,2,2368,23300,1,0,19,3,3,0,5,3,2,5,4,4,3,False,True,True,False,False,False,False,True,False,False,False,False,False,False,True,False,False,True,False,-1.1961773664814839,-0.9177426934376185,-0.8073390444129942,-0.32789331844000197,Young,0.8333333333333334,Low
58,1,147,23,4,4,0,94,3,3,4,10312,3465,1,0,12,3,4,1,40,3,2,40,10,15,6,False,True,True,False,False,False,True,False,False,False,False,False,False,False,False,False,False,True,False,2.3078818762192883,0.9076817934280575,3.692454459546333,5.386914010062064,Senior,0.975609756097561,High
19,1,528,22,1,4,1,50,3,1,3,1675,26820,1,1,19,3,4,0,0,2,2,0,0,0,0,False,True,False,True,False,True,False,False,False,False,False,False,False,False,False,False,True,False,True,-1.9626903258222779,-1.0769847842480307,-1.4501666878357553,-1.1442943653688686,Young,0.0,Low
22,0,594,2,1,3,1,100,3,1,4,2523,19299,0,0,14,3,3,1,3,2,3,2,1,2,1,False,True,True,False,False,False,False,False,True,False,True,False,False,False,False,False,False,True,False,-1.6341847718190805,-0.8821257755795898,-1.0644701017820986,-0.8177339465973219,Young,0.5,Low
49,0,470,20,4,3,0,96,3,2,1,6567,5549,1,0,14,3,3,0,16,2,2,15,11,5,11,False,True,True,False,False,False,True,False,False,False,False,False,True,False,False,False,False,True,False,1.3223652142096962,0.047131100664719566,0.6068817711170802,1.3049087754177313,Senior,0.8823529411764706,High
43,0,957,28,3,2,0,72,4,1,3,4739,16090,4,0,12,3,4,0,18,2,3,3,2,1,2,True,False,True,False,False,False,True,False,False,False,False,False,False,False,True,False,False,False,True,0.6653541062033014,-0.3729187434931928,0.8640128284861845,-0.6544537372115486,Middle-Aged,0.15789473684210525,Medium
50,0,809,12,3,3,0,77,3,3,4,9208,6645,4,0,11,3,4,0,16,3,3,2,2,2,1,True,False,False,True,False,True,False,False,False,False,False,False,False,False,False,True,False,False,True,1.4318670655440953,0.653997423652163,0.6068817711170802,-0.8177339465973219,Senior,0.11764705882352941,High
31,1,542,20,3,2,0,71,1,2,3,4559,24788,3,1,11,3,3,1,4,2,3,2,2,2,2,False,True,False,True,True,False,False,False,False,False,False,False,False,False,False,True,False,True,False,-0.6486681098094882,-0.4142803255218713,-0.9359045730975464,-0.8177339465973219,Middle-Aged,0.4,Medium
41,0,802,9,1,3,1,96,3,3,3,8189,21196,3,1,13,3,3,1,12,2,3,9,7,0,7,False,True,False,True,True,False,False,False,False,False,False,False,False,False,False,True,False,False,False,0.4463504035345031,0.41984491205647767,0.09261965637887129,0.32522751910309133,Middle-Aged,0.6923076923076923,High
26,0,1355,25,1,3,0,61,3,1,3,2942,8916,1,0,23,4,4,1,8,3,3,8,7,5,7,False,True,False,False,True,False,False,False,False,True,False,False,False,False,False,False,False,True,False,-1.1961773664814839,-0.7858452040794994,-0.42164245835933756,0.16194730971731802,Young,0.8888888888888888,Low
36,0,216,6,2,2,1,84,3,2,2,4941,2819,6,0,20,4,4,2,7,0,3,3,2,0,1,False,True,True,False,False,False,True,False,False,False,False,False,True,False,False,False,False,False,False,-0.10115885313749257,-0.32650185699434253,-0.5502079870438897,-0.6544537372115486,Middle-Aged,0.375,Medium
51,1,1150,8,4,1,1,53,1,3,4,10650,25150,2,0,15,3,4,0,18,2,3,4,2,0,3,True,False,True,False,True,False,False,False,False,False,False,False,True,False,False,False,False,False,True,1.5413689168784945,0.9853496530152427,0.8640128284861845,-0.4911735278257753,Senior,0.21052631578947367,High
39,0,1329,4,4,4,0,47,2,2,3,5902,14590,4,0,14,3,3,1,17,1,4,15,11,5,9,False,True,False,True,True,False,False,False,False,False,False,False,False,False,False,True,False,True,False,0.22734670086570485,-0.10567696627456474,0.7354472998016324,1.3049087754177313,Middle-Aged,0.8333333333333334,Medium
25,0,959,28,3,1,1,41,2,2,3,8639,24835,2,0,18,3,4,0,6,3,3,2,2,2,2,False,True,False,True,True,False,False,False,False,False,False,False,False,False,False,True,False,True,False,-1.3056792178158831,0.5232488671281739,-0.678773515728442,-0.8177339465973219,Young,0.2857142857142857,High
30,0,1240,9,3,3,1,48,3,2,4,6347,13982,0,1,19,3,4,0,12,2,1,11,9,4,7,False,True,False,False,False,False,False,False,False,True,False,False,False,False,False,False,False,True,False,-0.7581699611438873,-0.003421944036998552,0.09261965637887129,0.651787937874638,Young,0.8461538461538461,Medium
32,1,1033,9,3,1,0,41,3,1,1,4200,10224,7,0,22,4,1,0,10,2,4,5,4,0,4,False,True,True,False,False,False,True,False,False,False,True,False,False,False,False,False,False,False,True,-0.5391662584750891,-0.4967737030124022,-0.16451140099023315,-0.32789331844000197,Middle-Aged,0.45454545454545453,Medium
45,0,1316,29,3,3,1,83,3,1,4,3452,9752,5,0,13,3,2,0,9,2,2,6,5,0,3,False,True,True,False,False,False,True,False,False,False,False,False,False,False,True,False,False,False,True,0.8843578088720997,-0.6686540549982438,-0.2930769296747854,-0.16461310905422863,Middle-Aged,0.6,Low
38,0,364,3,5,4,0,32,3,2,3,4317,2302,3,1,20,4,2,0,19,2,3,3,2,2,2,False,True,True,False,False,False,False,False,True,False,False,False,False,False,True,False,False,False,True,0.11784484953130571,-0.4698886746937612,0.9925783571707368,-0.6544537372115486,Middle-Aged,0.15,Medium
30,0,438,18,3,1,0,75,3,1,3,2632,23910,1,0,14,3,3,0,5,4,2,5,4,0,4,False,True,True,False,True,False,False,False,False,False,False,False,False,False,True,False,False,False,True,-0.7581699611438873,-0.8570790397955568,-0.8073390444129942,-0.32789331844000197,Young,0.8333333333333334,Low
32,0,689,9,2,4,1,35,1,2,4,4668,22812,0,0,17,3,4,3,9,2,4,8,7,0,7,True,False,False,True,False,False,True,False,False,False,False,False,False,False,False,True,False,False,False,-0.5391662584750891,-0.38923358973783817,-0.2930769296747854,0.16194730971731802,Middle-Aged,0.8,Medium
30,0,201,5,3,4,0,84,3,1,1,3204,10415,5,0,14,3,4,1,8,3,3,3,2,2,2,False,True,True,False,False,False,False,False,True,False,False,False,False,False,True,False,False,False,False,-0.7581699611438873,-0.7256411235710897,-0.42164245835933756,-0.6544537372115486,Young,0.3333333333333333,Low
30,0,1427,2,1,2,1,35,2,1,4,2720,11162,0,0,13,3,4,0,6,3,3,5,3,1,2,False,True,True,False,False,False,True,False,False,False,True,False,False,False,False,False,False,False,True,-0.7581699611438873,-0.8368578219148696,-0.678773515728442,-0.32789331844000197,Young,0.7142857142857143,Low
41,0,857,10,3,4,1,91,2,4,1,16581,12888,4,0,13,3,2,1,21,2,2,7,6,7,7,True,False,True,False,True,False,False,False,False,False,False,True,False,False,False,False,False,False,False,0.4463504035345031,2.3482137808601977,1.2497094145398413,-0.0013328996684553085,Middle-Aged,0.3181818181818182,High
41,0,933,9,4,3,1,94,3,1,1,2238,6961,2,0,21,4,4,1,7,2,3,5,0,1,4,False,True,True,False,True,False,False,False,False,False,True,False,False,False,False,False,False,True,False,0.4463504035345031,-0.9476149471249974,-0.5502079870438897,-0.32789331844000197,Middle-Aged,0.625,Low
19,0,1181,3,1,2,0,79,3,1,2,1483,16102,1,0,14,3,4,0,1,3,3,1,0,0,0,False,True,True,False,False,False,True,False,False,False,True,False,False,False,False,False,False,False,True,-1.9626903258222779,-1.121103805078621,-1.3216011591512031,-0.9810141559830953,Young,0.5,Low
40,0,1395,26,3,2,0,54,3,2,2,5605,8504,1,0,11,3,1,1,20,2,3,20,7,2,13,True,False,True,False,False,False,True,False,False,False,False,False,False,False,True,False,False,False,False,0.33684855220010396,-0.1739235766218842,1.121143885855289,2.1213098223465976,Middle-Aged,0.9523809523809523,Medium
35,0,662,1,5,3,1,94,3,3,2,7295,11439,1,0,13,3,1,2,10,3,3,10,8,0,6,False,True,False,True,False,True,False,False,False,False,False,False,False,False,False,True,False,True,False,-0.2106607044718917,0.21441572131404135,-0.16451140099023315,0.48850772848886465,Middle-Aged,0.9090909090909091,High
53,0,1436,6,2,2,1,34,3,2,3,2306,16047,2,1,20,4,4,1,13,3,1,7,7,4,5,False,True,False,True,False,True,False,False,False,False,False,False,False,False,False,False,True,True,False,1.7603726195472926,-0.93198946058083,0.2211851850634235,-0.0013328996684553085,Senior,0.5,Low
45,0,194,9,3,2,1,60,3,2,2,2348,10901,8,0,18,3,3,1,20,2,1,17,9,0,15,False,True,True,False,True,False,False,False,False,False,True,False,False,False,False,False,False,False,False,0.8843578088720997,-0.9223384247741384,1.121143885855289,1.6314691941892778,Middle-Aged,0.8095238095238095,Low
32,0,967,8,3,2,0,43,3,3,4,8998,15589,1,0,14,3,4,0,9,2,3,9,8,3,7,True,False,False,True,False,True,False,False,False,False,False,False,False,False,False,True,False,False,True,-0.5391662584750891,0.6057422446187047,-0.2930769296747854,0.32522751910309133,Middle-Aged,0.9,High
29,0,1496,1,1,4,1,41,3,2,3,4319,26283,1,0,13,3,1,1,10,1,3,10,7,0,9,False,False,True,False,False,False,False,False,True,False,False,False,True,False,False,False,False,True,False,-0.8676718124782865,-0.4694291015601092,-0.16451140099023315,0.48850772848886465,Young,0.9090909090909091,Medium
51,0,1169,7,4,2,1,34,2,2,3,6132,13983,2,0,17,3,3,0,10,2,3,1,0,0,0,False,True,True,False,False,False,True,False,False,False,False,False,True,False,False,False,False,True,False,1.5413689168784945,-0.052826055904586715,-0.16451140099023315,-0.9810141559830953,Senior,0.09090909090909091,Medium
58,0,1145,9,3,2,0,75,2,1,2,3346,11873,4,1,20,4,2,1,9,3,2,1,0,0,0,False,True,True,False,False,False,True,False,False,False,False,False,False,False,True,False,False,True,False,2.3078818762192883,-0.6930114310817989,-0.2930769296747854,-0.9810141559830953,Senior,0.1,Low
40,0,630,4,4,3,1,67,2,3,4,10855,8552,7,0,11,3,1,1,15,2,2,12,11,2,11,False,True,False,True,False,True,False,False,False,False,False,False,False,False,False,True,False,True,False,0.33684855220010396,1.032455899214571,0.4783162424325279,0.8150681472604113,Middle-Aged,0.75,High
34,0,303,2,4,3,0,75,3,1,3,2231,11314,6,0,18,3,4,1,6,3,3,4,3,1,2,True,False,False,True,False,True,False,False,False,False,False,False,False,False,False,False,True,True,False,-0.3201625558062908,-0.9492234530927793,-0.678773515728442,-0.4911735278257753,Middle-Aged,0.5714285714285714,Low
22,0,1256,19,1,3,1,80,3,1,4,2323,11992,1,0,24,4,1,2,2,6,3,2,2,2,2,False,True,True,False,False,False,True,False,False,False,False,False,False,False,True,False,False,True,False,-1.6341847718190805,-0.9280830889447882,-1.193035630466651,-0.8177339465973219,Young,0.6666666666666666,Low
27,0,691,9,3,4,1,57,3,1,2,2024,5970,6,0,18,3,4,1,6,1,1,2,2,2,2,False,False,True,False,False,False,True,False,False,False,False,False,False,False,True,False,False,False,False,-1.0866755151470848,-0.9967892724257595,-0.678773515728442,-0.8177339465973219,Young,0.2857142857142857,Low
28,0,440,21,3,3,1,42,3,1,4,2713,6672,1,0,11,3,3,1,5,2,1,5,2,0,2,False,True,True,False,False,False,True,False,False,False,False,False,False,False,True,False,False,True,False,-0.9771736638126857,-0.8384663278826515,-0.8073390444129942,-0.32789331844000197,Young,0.8333333333333334,Low
57,0,334,24,2,3,1,83,4,3,4,9439,23402,3,1,16,3,2,1,12,2,1,5,3,1,4,False,True,True,False,True,False,False,False,False,False,False,False,False,False,False,False,False,False,False,2.1983800248848895,0.707078120588967,0.09261965637887129,-0.32789331844000197,Senior,0.38461538461538464,High
27,0,1450,3,3,3,1,79,2,1,3,2566,25326,1,1,15,3,4,1,1,2,2,1,1,0,1,False,False,True,False,False,False,True,False,False,False,False,False,False,False,True,False,False,False,False,-1.0866755151470848,-0.8722449532060722,-1.3216011591512031,-0.9810141559830953,Young,0.5,Low
50,0,1452,11,3,3,0,53,3,5,2,16581,17053,3,0,15,3,2,0,21,5,3,5,4,4,4,False,True,True,False,True,False,False,False,False,False,False,True,False,False,False,False,False,False,True,1.4318670655440953,2.3482137808601977,1.2497094145398413,-0.32789331844000197,Senior,0.22727272727272727,High
41,0,465,14,3,1,1,56,3,1,3,2451,4609,4,0,12,3,1,1,13,2,3,9,8,1,8,False,True,True,False,True,False,False,False,False,False,False,False,False,False,True,False,False,False,False,0.4463504035345031,-0.8986704083910613,0.2211851850634235,0.32522751910309133,Middle-Aged,0.6428571428571429,Low
30,0,1339,5,3,2,0,41,3,3,4,9419,8053,2,0,12,3,3,1,12,2,3,10,9,7,4,False,True,False,True,True,False,False,False,False,False,False,False,False,False,False,True,False,True,False,-0.7581699611438873,0.7024823892524472,0.09261965637887129,0.48850772848886465,Young,0.7692307692307693,High
38,0,702,1,4,1,0,59,2,2,4,8686,12930,4,0,22,4,3,0,12,2,4,8,3,0,7,False,True,False,True,True,False,False,False,False,False,False,False,False,False,False,True,False,False,True,0.11784484953130571,0.5340488357689954,0.09261965637887129,0.16194730971731802,Middle-Aged,0.6153846153846154,High
32,0,120,6,5,3,1,43,3,1,3,3038,12430,3,0,20,4,1,0,8,2,3,5,4,1,4,False,True,True,False,True,False,False,False,False,False,False,False,False,False,True,False,False,False,True,-0.5391662584750891,-0.7637856936642042,-0.42164245835933756,-0.32789331844000197,Middle-Aged,0.5555555555555556,Low
27,0,1157,17,3,3,1,51,3,1,2,3058,13364,0,1,16,3,4,1,6,3,2,5,2,1,1,False,True,True,False,False,False,False,False,True,False,False,False,False,False,True,False,False,True,False,-1.0866755151470848,-0.7591899623276844,-0.678773515728442,-0.32789331844000197,Young,0.7142857142857143,Low
19,1,602,1,1,3,0,100,1,1,1,2325,20989,0,0,21,4,1,0,1,5,4,0,0,0,0,True,False,False,True,False,False,False,False,True,False,False,False,False,False,False,False,True,False,True,-1.9626903258222779,-0.9276235158111361,-1.3216011591512031,-1.1442943653688686,Young,0.0,Low
36,0,1480,3,2,4,1,30,3,1,2,2088,15062,4,0,12,3,3,0,13,3,2,8,7,7,2,True,False,True,False,False,False,True,False,False,False,True,False,False,False,False,False,False,False,True,-0.10115885313749257,-0.9820829321488961,0.2211851850634235,0.16194730971731802,Middle-Aged,0.5714285714285714,Low
30,0,111,9,3,3,1,66,3,2,1,3072,11012,1,0,11,3,3,2,12,4,3,12,9,6,10,False,False,True,False,False,False,True,False,False,False,True,False,False,False,False,False,False,False,False,-0.7581699611438873,-0.7559729503921205,0.09261965637887129,0.8150681472604113,Young,0.9230769230769231,Low
45,0,1268,4,2,3,0,30,3,2,1,5006,6319,4,1,11,3,1,1,9,3,4,5,4,0,3,False,True,False,True,True,False,False,False,False,False,False,False,False,False,False,True,False,False,False,0.8843578088720997,-0.3115657301506531,-0.2930769296747854,-0.32789331844000197,Middle-Aged,0.5,Medium
56,0,713,8,3,3,0,67,3,1,1,4257,13939,4,1,18,3,3,1,19,3,3,2,2,2,2,False,True,True,False,True,False,False,False,False,False,False,False,False,False,True,False,False,False,False,2.08887817355049,-0.4836758687033207,0.9925783571707368,-0.8177339465973219,Senior,0.1,Medium
33,0,134,2,3,3,1,90,3,1,4,2500,10515,0,0,14,3,1,0,4,2,4,3,1,0,2,False,True,True,False,True,False,False,False,False,False,False,False,False,False,True,False,False,False,True,-0.42966440714069,-0.8874108666165876,-0.9359045730975464,-0.6544537372115486,Middle-Aged,0.6,Low
19,1,303,2,3,2,1,47,2,1,4,1102,9241,1,0,22,4,3,0,1,3,2,1,0,1,0,False,True,True,False,True,False,False,False,False,False,True,False,False,False,False,False,False,False,True,-1.9626903258222779,-1.2086524870393236,-1.3216011591512031,-0.9810141559830953,Young,0.5,Low
46,0,526,1,2,2,0,92,3,3,1,10453,2137,1,0,25,4,3,3,24,2,3,24,13,15,7,False,True,False,True,False,True,False,False,False,False,False,False,False,False,False,True,False,False,False,0.9938596602064987,0.9400816993505223,1.6354060005934978,2.774430659889691,Senior,0.96,High
38,0,1380,9,2,3,0,75,3,1,4,2288,6319,1,0,12,3,3,0,2,3,3,2,2,2,1,False,True,True,False,True,False,False,False,False,False,True,False,False,False,False,False,False,False,True,0.11784484953130571,-0.9361256187836978,-1.193035630466651,-0.8177339465973219,Middle-Aged,0.6666666666666666,Low
31,0,140,12,1,3,0,95,3,1,4,3929,6984,8,1,23,4,3,1,7,0,3,4,2,0,2,False,True,True,False,False,False,True,False,False,False,False,False,False,False,True,False,False,True,False,-0.6486681098094882,-0.5590458626222459,-0.5502079870438897,-0.4911735278257753,Middle-Aged,0.5,Medium
34,0,629,27,2,4,0,95,3,1,2,2311,5711,2,0,15,3,4,0,9,3,3,3,2,1,2,False,True,True,False,False,False,True,False,False,False,False,False,False,False,True,False,False,False,True,-0.3201625558062908,-0.9308405277467,-0.2930769296747854,-0.6544537372115486,Middle-Aged,0.3,Low
41,1,1356,20,2,2,0,70,3,1,2,3140,21728,1,1,22,4,4,0,4,5,2,4,3,0,2,False,True,False,True,False,True,False,False,False,False,False,False,False,False,False,False,True,False,True,0.4463504035345031,-0.7403474638479531,-0.9359045730975464,-0.4911735278257753,Middle-Aged,0.8,Low
50,0,328,1,3,3,1,86,2,1,3,3690,3425,2,0,15,3,4,1,5,2,2,3,2,0,2,False,True,True,False,False,False,True,False,False,False,True,False,False,False,False,False,False,True,False,1.4318670655440953,-0.6139648520936578,-0.8073390444129942,-0.6544537372115486,Senior,0.5,Medium
53,0,1084,13,2,4,0,57,4,2,1,4450,26250,1,0,11,3,3,2,5,3,3,4,2,1,3,False,True,True,False,False,False,True,False,False,False,False,False,True,False,False,False,False,False,False,1.7603726195472926,-0.4393270613059043,-0.8073390444129942,-0.4911735278257753,Senior,0.6666666666666666,Medium
33,0,931,14,3,4,0,72,3,1,2,2756,4673,1,0,13,3,4,1,8,5,3,8,7,1,6,False,True,True,False,False,False,True,False,False,False,False,False,False,False,True,False,False,True,False,-0.42966440714069,-0.8285855055091338,-0.42164245835933756,0.16194730971731802,Middle-Aged,0.8888888888888888,Low
40,0,989,4,1,4,0,46,3,5,3,16581,6499,1,0,14,3,2,1,21,2,3,20,8,9,9,False,True,True,False,False,False,True,False,False,False,False,True,False,False,False,False,False,True,False,0.33684855220010396,2.3482137808601977,1.2497094145398413,2.1213098223465976,Middle-Aged,0.9090909090909091,High
55,0,692,14,4,3,1,61,4,5,2,16581,13339,8,0,11,3,4,0,36,3,3,24,15,2,15,False,True,True,False,False,False,True,False,False,False,False,False,False,True,False,False,False,False,True,1.979376322216091,2.3482137808601977,3.1781923448081244,2.774430659889691,Senior,0.6486486486486487,High
34,0,1069,2,1,4,1,45,2,2,3,9547,14074,1,0,17,3,3,0,10,2,2,10,9,1,9,True,False,True,False,True,False,False,False,False,False,False,False,True,False,False,False,False,True,False,-0.3201625558062908,0.7318950698061741,-0.16451140099023315,0.48850772848886465,Middle-Aged,0.9090909090909091,High
51,0,313,3,3,4,0,98,3,4,2,13734,7192,3,0,18,3,3,0,21,6,3,7,7,1,0,False,True,True,False,False,False,True,False,False,False,False,False,False,False,False,False,False,False,True,1.5413689168784945,1.6940114251066003,1.2497094145398413,-0.0013328996684553085,Senior,0.3181818181818182,High
52,0,699,1,4,3,1,65,2,5,3,16581,5678,0,0,14,3,1,1,34,5,3,33,18,11,9,False,True,True,False,True,False,False,False,False,False,False,True,False,False,False,False,False,True,False,1.6508707682128936,2.3482137808601977,2.9210612874390196,4.243952544361651,Senior,0.9428571428571428,High
27,0,894,9,3,4,0,99,3,1,2,2279,11781,1,0,16,3,4,0,7,2,2,7,7,0,3,False,True,True,False,False,False,True,False,False,False,False,False,False,False,True,False,False,False,True,-1.0866755151470848,-0.9381936978851317,-0.5502079870438897,-0.0013328996684553085,Young,0.875,Low
35,1,556,23,2,2,1,50,2,2,3,5916,15497,3,1,13,3,1,0,8,1,3,1,0,0,1,False,True,True,False,True,False,False,False,False,False,False,False,True,False,False,False,False,True,False,-0.2106607044718917,-0.10245995433900086,-0.42164245835933756,-0.9810141559830953,Middle-Aged,0.1111111111111111,Medium
43,0,1344,7,3,4,1,37,4,1,4,2089,5228,4,0,14,3,4,3,7,3,4,5,4,2,2,False,False,True,False,False,False,True,False,False,False,False,False,False,False,True,False,False,False,False,0.6653541062033014,-0.9818531455820702,-0.5502079870438897,-0.32789331844000197,Middle-Aged,0.625,Low
45,0,1195,2,2,1,1,65,2,4,4,16581,20462,9,0,23,4,4,1,22,1,3,20,8,11,8,False,False,True,False,False,False,True,False,False,False,False,True,False,False,False,False,False,True,False,0.8843578088720997,2.3482137808601977,1.3782749432243935,2.1213098223465976,Middle-Aged,0.8695652173913043,High
37,0,290,21,3,2,1,65,4,1,1,3564,22977,1,1,12,3,1,1,8,3,2,8,7,1,7,False,True,True,False,True,False,False,False,False,False,False,False,False,False,True,False,False,True,False,0.008342998196906572,-0.6429179595137328,-0.42164245835933756,0.16194730971731802,Middle-Aged,0.8888888888888888,Low
35,0,138,2,3,2,0,37,3,2,2,4425,15986,5,0,11,3,4,0,10,5,3,6,2,1,2,True,False,True,False,False,False,True,False,False,False,True,False,False,False,False,False,False,False,True,-0.2106607044718917,-0.4450717254765541,-0.16451140099023315,-0.16461310905422863,Middle-Aged,0.5454545454545454,Medium
42,0,926,21,2,3,0,36,3,2,3,5265,16439,2,0,16,3,2,1,11,5,3,5,3,0,2,False,False,True,False,False,False,True,False,False,False,False,False,True,False,False,False,False,False,False,0.5558522548689022,-0.2520510093427213,-0.03594587230568093,-0.32789331844000197,Middle-Aged,0.4166666666666667,Medium
38,0,1261,2,4,4,1,88,3,2,3,6553,7259,9,0,14,3,2,0,14,3,3,1,0,0,0,False,True,True,False,True,False,False,False,False,False,False,False,True,False,False,False,False,True,False,0.11784484953130571,0.043914088729155684,0.34975071374797573,-0.9810141559830953,Middle-Aged,0.06666666666666667,High
38,0,1084,29,3,4,1,54,3,2,4,6261,4185,3,0,18,3,1,1,9,3,1,7,7,1,7,False,True,True,False,False,False,False,False,True,False,False,False,True,False,False,False,False,True,False,0.11784484953130571,-0.023183588784033815,-0.2930769296747854,-0.0013328996684553085,Middle-Aged,0.7,Medium
27,0,472,1,1,3,1,60,2,2,1,4298,9679,5,0,19,3,3,1,6,1,3,2,2,2,0,True,False,True,False,False,False,False,False,True,False,False,False,True,False,False,False,False,True,False,-1.0866755151470848,-0.47425461946345504,-0.678773515728442,-0.8177339465973219,Young,0.2857142857142857,Medium
49,0,1002,18,4,4,1,92,3,2,4,6804,23793,1,1,15,3,1,2,7,0,3,7,7,1,7,False,False,True,False,True,False,False,False,False,False,False,False,True,False,False,False,False,False,False,1.3223652142096962,0.10159051700247954,-0.5502079870438897,-0.0013328996684553085,Senior,0.875,High
34,0,878,10,4,4,1,43,3,1,3,3815,5972,1,1,17,3,4,1,5,4,4,5,3,2,0,True,False,True,False,False,False,True,False,False,False,False,False,False,False,True,False,False,False,False,-0.3201625558062908,-0.5852415312404089,-0.8073390444129942,-0.32789331844000197,Middle-Aged,0.8333333333333334,Medium
40,0,905,19,2,3,1,99,3,2,4,2741,16523,8,1,15,3,3,1,15,2,4,7,2,3,7,False,True,True,False,False,False,True,False,False,False,True,False,False,False,False,False,False,True,False,0.33684855220010396,-0.8320323040115237,0.4783162424325279,-0.0013328996684553085,Middle-Aged,0.4375,Low
38,1,1180,29,1,2,1,70,3,2,1,6673,11354,7,1,19,3,2,0,17,2,3,1,0,0,0,False,True,True,False,False,False,True,False,False,False,False,False,False,False,False,False,False,True,False,0.11784484953130571,0.07148847674827466,0.7354472998016324,-0.9810141559830953,Middle-Aged,0.05555555555555555,High
29,1,121,27,3,2,0,35,3,3,4,7639,24525,1,0,22,4,4,3,10,3,2,10,4,1,9,False,True,False,True,False,True,False,False,False,False,False,False,False,False,False,True,False,True,False,-0.8676718124782865,0.2934623003021824,-0.16451140099023315,0.48850772848886465,Young,0.9090909090909091,High
22,0,1136,5,3,4,1,60,4,1,2,2328,12392,1,1,16,3,1,1,4,2,2,4,2,2,2,False,True,True,False,True,False,False,False,False,False,False,False,False,False,True,False,False,False,False,-1.6341847718190805,-0.9269341561106582,-0.9359045730975464,-0.4911735278257753,Young,0.8,Low
36,0,635,18,1,2,0,73,3,1,4,2153,7703,1,0,13,3,1,0,8,2,3,8,1,1,7,True,False,True,False,False,False,True,False,False,False,True,False,False,False,False,False,False,False,True,-0.10115885313749257,-0.9671468053052067,-0.42164245835933756,0.16194730971731802,Middle-Aged,0.8888888888888888,Low
40,0,1151,9,5,4,1,63,2,2,4,4876,14242,9,0,14,3,4,1,5,5,1,3,2,0,2,False,False,True,False,True,False,False,False,False,False,False,False,False,False,False,False,False,True,False,0.33684855220010396,-0.341437983838032,-0.8073390444129942,-0.6544537372115486,Middle-Aged,0.5,Medium
46,0,644,1,4,4,1,97,3,3,1,9396,12368,7,0,16,3,3,1,17,3,3,4,2,0,3,False,True,True,False,False,False,True,False,False,False,False,False,False,False,False,False,False,False,False,0.9938596602064987,0.6971972982154494,0.7354472998016324,-0.4911735278257753,Senior,0.2222222222222222,High
32,1,1045,4,4,4,1,32,1,3,4,10400,25812,1,0,11,3,3,0,14,2,2,14,8,9,8,False,True,False,True,False,False,True,False,False,False,False,False,False,False,False,True,False,True,False,-0.5391662584750891,0.9279030113087448,0.34975071374797573,1.141628566031958,Middle-Aged,0.9333333333333333,High
30,0,829,1,1,3,1,88,2,3,3,8474,20925,1,0,22,4,3,0,12,2,3,11,8,5,8,False,False,True,False,True,False,False,False,False,False,False,False,True,False,False,False,False,False,True,-0.7581699611438873,0.48533408360188524,0.09261965637887129,0.651787937874638,Young,0.8461538461538461,High
27,0,1242,20,3,4,0,90,3,2,3,9981,12916,1,0,14,3,4,0,7,2,3,7,7,0,7,True,False,False,True,True,False,False,False,False,False,False,False,False,False,False,True,False,False,True,-1.0866755151470848,0.8316224398086544,-0.5502079870438897,-0.0013328996684553085,Young,0.875,High
51,0,1469,8,4,2,1,81,2,3,2,12490,15736,5,0,16,3,4,2,16,5,1,10,9,4,7,False,True,True,False,True,False,False,False,False,False,False,False,False,True,False,False,False,True,False,1.5413689168784945,1.408156935975067,0.6068817711170802,0.48850772848886465,Senior,0.5882352941176471,High
30,1,1005,3,3,4,0,88,3,1,1,2657,8556,5,1,11,3,3,0,8,5,3,5,2,0,4,False,True,True,False,False,False,False,False,True,False,False,False,False,False,True,False,False,False,True,-0.7581699611438873,-0.851334375624907,-0.42164245835933756,-0.32789331844000197,Young,0.5555555555555556,Low
41,0,896,6,3,4,0,75,3,3,4,13591,14674,3,1,18,3,3,0,16,3,3,1,0,0,0,False,True,False,True,True,False,False,False,False,False,False,True,False,False,False,False,False,False,True,0.4463504035345031,1.6611519460504836,0.6068817711170802,-0.9810141559830953,Middle-Aged,0.058823529411764705,High
30,1,334,26,4,3,0,52,2,2,1,6696,22967,5,0,15,3,3,0,9,5,2,6,3,0,1,True,False,False,True,False,True,False,False,False,False,False,False,False,False,False,True,False,False,True,-0.7581699611438873,0.07677356778527246,-0.2930769296747854,-0.16461310905422863,Young,0.6,High
29,1,992,1,3,3,1,85,3,1,3,2058,19757,0,0,14,3,4,0,7,1,2,6,2,1,5,False,True,True,False,False,False,False,False,True,False,False,False,False,False,True,False,False,False,True,-0.8676718124782865,-0.9889765291536758,-0.5502079870438897,-0.16461310905422863,Young,0.75,Low
45,0,1052,6,3,4,0,57,2,3,4,8865,16840,6,0,12,3,4,0,23,2,3,19,7,12,8,False,False,False,True,False,False,True,False,False,False,False,False,False,False,False,True,False,False,True,0.8843578088720997,0.575180631230848,1.5068404719089457,1.9580296129608246,Middle-Aged,0.7916666666666666,High
54,0,1147,3,3,4,0,52,3,2,1,5940,17011,2,0,14,3,4,1,16,4,3,6,2,0,5,False,True,False,True,False,True,False,False,False,False,False,False,False,False,False,True,False,True,False,1.869874470881692,-0.09694507673517708,0.6068817711170802,-0.16461310905422863,Senior,0.35294117647058826,Medium
36,0,1396,5,2,4,1,62,3,2,2,5914,9945,8,0,16,3,4,0,16,3,4,13,11,3,7,False,True,True,False,True,False,False,False,False,False,True,False,False,False,False,False,False,False,True,-0.10115885313749257,-0.10291952747265284,0.6068817711170802,0.9783483566461847,Middle-Aged,0.7647058823529411,Medium
33,0,147,4,4,3,0,47,2,1,2,2622,13248,6,0,21,4,4,0,7,3,3,3,2,1,1,False,True,True,False,False,False,True,False,False,False,False,False,False,False,True,False,False,True,False,-0.42966440714069,-0.8593769054638167,-0.5502079870438897,-0.6544537372115486,Middle-Aged,0.375,Low
37,0,663,11,3,2,1,47,3,3,4,12185,10056,1,1,14,3,3,3,10,1,3,10,8,0,7,True,False,True,False,False,False,False,True,False,False,False,False,False,True,False,False,False,False,False,0.008342998196906572,1.3380720330931395,-0.16451140099023315,0.48850772848886465,Middle-Aged,0.9090909090909091,High
38,0,119,3,3,1,1,76,3,3,3,10609,9647,0,0,12,3,3,2,17,6,2,16,10,5,13,False,True,False,True,True,False,False,False,False,False,False,False,False,False,False,True,False,False,False,0.11784484953130571,0.975928403775377,0.7354472998016324,1.4681889848035046,Middle-Aged,0.8888888888888888,High
31,0,979,1,4,3,1,90,1,2,3,4345,4381,0,0,12,3,4,1,6,2,3,5,4,1,4,False,False,True,False,False,False,True,False,False,False,False,False,True,False,False,False,False,True,False,-0.6486681098094882,-0.46345465082263343,-0.678773515728442,-0.32789331844000197,Middle-Aged,0.7142857142857143,Medium
59,0,142,3,3,3,1,70,2,1,4,2177,8456,3,0,17,3,1,1,7,6,3,1,0,0,0,False,True,True,False,True,False,False,False,False,False,False,False,False,False,True,False,False,True,False,2.4173837275536876,-0.961631927701383,-0.5502079870438897,-0.9810141559830953,Senior,0.125,Low
37,0,319,4,4,1,1,41,3,1,4,2793,2539,4,0,17,3,3,1,13,2,3,9,8,5,8,True,False,False,True,False,True,False,False,False,False,False,False,False,False,False,False,True,False,False,0.008342998196906572,-0.8200834025365722,0.2211851850634235,0.32522751910309133,Middle-Aged,0.6428571428571429,Low
29,0,1413,1,1,2,0,42,3,3,4,7918,6599,1,0,14,3,4,1,11,5,3,11,10,4,1,True,False,False,True,False,False,True,False,False,False,False,False,False,False,False,True,False,True,False,-0.8676718124782865,0.357572752446634,-0.03594587230568093,0.651787937874638,Young,0.9166666666666666,High
35,0,944,1,3,3,0,92,3,3,3,8789,9096,1,0,14,3,1,0,10,3,4,10,7,0,8,True,False,False,True,False,True,False,False,False,False,False,False,False,False,False,True,False,False,True,-0.2106607044718917,0.5577168521520726,-0.16451140099023315,0.48850772848886465,Middle-Aged,0.9090909090909091,High
29,1,896,18,1,3,1,86,2,1,4,2389,14961,1,1,13,3,3,0,4,3,2,4,3,0,1,False,True,True,False,False,False,True,False,False,False,False,False,False,False,True,False,False,False,True,-0.8676718124782865,-0.9129171755342728,-0.9359045730975464,-0.4911735278257753,Young,0.8,Low
52,0,1323,2,3,3,0,89,2,1,4,3212,3300,7,0,15,3,2,0,6,3,2,2,2,2,2,False,True,True,False,True,False,False,False,False,False,True,False,False,False,False,False,False,False,True,1.6508707682128936,-0.7238028310364818,-0.678773515728442,-0.8177339465973219,Senior,0.2857142857142857,Low
42,0,532,4,2,3,1,58,3,5,4,16581,4933,1,0,11,3,4,0,22,3,3,22,17,11,15,False,True,True,False,False,False,False,False,True,False,False,True,False,False,False,False,False,True,False,0.5558522548689022,2.3482137808601977,1.3782749432243935,2.4478702411181446,Middle-Aged,0.9565217391304348,High
59,0,818,6,2,2,1,52,3,1,3,2267,25657,8,0,17,3,4,0,7,2,2,2,2,2,2,False,True,False,False,False,False,True,False,False,True,False,False,False,False,False,False,False,True,False,2.4173837275536876,-0.9409511366870437,-0.5502079870438897,-0.8177339465973219,Senior,0.25,Low
50,0,854,1,4,4,0,68,3,5,4,16581,24118,3,0,11,3,3,1,32,3,2,7,0,0,6,False,True,False,True,False,False,True,False,False,False,False,True,False,False,False,False,False,False,False,1.4318670655440953,2.3482137808601977,2.6639302300699153,-0.0013328996684553085,Senior,0.21212121212121213,High
33,1,813,14,3,3,1,58,3,1,4,2436,22149,5,1,13,3,3,1,8,2,1,5,4,0,4,False,True,True,False,False,False,True,False,False,False,True,False,False,False,False,False,False,True,False,-0.42966440714069,-0.9021172068934511,-0.42164245835933756,-0.32789331844000197,Middle-Aged,0.5555555555555556,Low
43,0,1034,16,3,4,0,80,3,4,4,16064,7744,5,1,22,4,3,1,22,3,3,17,13,1,9,False,True,False,True,False,True,False,False,False,False,False,True,False,False,False,False,False,True,False,0.6653541062033014,2.2294141258111604,1.3782749432243935,1.6314691941892778,Middle-Aged,0.7391304347826086,High
33,1,465,2,2,1,0,39,3,1,1,2707,21509,7,0,20,4,1,0,13,3,4,9,7,1,7,False,True,True,False,True,False,False,False,False,False,True,False,False,False,False,False,False,True,False,-0.42966440714069,-0.8398450472836074,0.2211851850634235,0.32522751910309133,Middle-Aged,0.6428571428571429,Low
52,0,771,2,4,1,1,79,2,5,3,16581,21030,1,1,18,3,4,0,33,2,4,33,7,15,12,False,False,False,True,True,False,False,False,False,False,False,True,False,False,False,False,False,False,True,1.6508707682128936,2.3482137808601977,2.7924957587544674,4.243952544361651,Senior,0.9705882352941176,High
32,0,1401,4,2,3,0,56,3,1,2,3931,20990,2,0,11,3,1,1,6,5,3,4,3,1,2,False,True,False,True,True,False,False,False,False,False,False,False,False,False,False,False,True,True,False,-0.5391662584750891,-0.5585862894885939,-0.678773515728442,-0.4911735278257753,Middle-Aged,0.5714285714285714,Medium
32,1,515,1,3,4,1,62,2,1,3,3730,9571,0,1,14,3,4,0,4,2,1,3,2,1,2,False,True,True,False,True,False,False,False,False,False,True,False,False,False,False,False,False,False,True,-0.5391662584750891,-0.6047733894206182,-0.9359045730975464,-0.6544537372115486,Middle-Aged,0.6,Medium
39,0,1431,1,4,3,0,96,3,1,3,2232,15417,7,0,14,3,3,3,7,1,3,3,2,1,2,False,True,True,False,False,False,True,False,False,False,True,False,False,False,False,False,False,False,False,0.22734670086570485,-0.9489936665259534,-0.5502079870438897,-0.6544537372115486,Middle-Aged,0.375,Low
32,0,976,26,4,3,1,100,3,2,4,4465,12069,0,0,18,3,1,0,4,2,3,3,2,2,2,False,False,False,True,False,True,False,False,False,False,False,False,False,False,False,True,False,True,False,-0.5391662584750891,-0.43588026280351444,-0.9359045730975464,-0.6544537372115486,Middle-Aged,0.6,Medium
41,0,1411,19,2,3,1,36,3,2,1,3072,19877,2,0,16,3,1,2,17,2,2,1,0,0,0,False,True,True,False,True,False,False,False,False,False,False,False,False,False,True,False,False,False,False,0.4463504035345031,-0.7559729503921205,0.7354472998016324,-0.9810141559830953,Middle-Aged,0.05555555555555555,Low
40,0,1300,24,2,1,1,62,3,2,4,3319,24447,1,0,17,3,1,2,9,3,3,9,8,4,7,False,True,True,False,False,False,False,False,True,False,False,False,False,False,True,False,False,False,False,0.33684855220010396,-0.6992156683861006,-0.2930769296747854,0.32522751910309133,Middle-Aged,0.9,Low
45,0,252,1,3,3,1,70,4,5,4,16581,15970,0,0,11,3,3,1,25,2,3,24,0,1,7,False,True,True,False,False,False,False,True,False,False,False,True,False,False,False,False,False,True,False,0.8843578088720997,2.3482137808601977,1.76397152927805,2.774430659889691,Middle-Aged,0.9230769230769231,High
31,0,1327,3,4,2,1,73,3,3,3,13675,13523,9,0,12,3,1,1,9,3,3,2,2,2,2,True,False,True,False,False,False,True,False,False,False,False,False,False,True,False,False,False,False,False,-0.6486681098094882,1.6804540176638667,-0.2930769296747854,-0.8177339465973219,Middle-Aged,0.2,High
33,0,832,5,4,3,0,63,2,1,4,2911,14776,1,0,13,3,3,1,2,2,2,2,2,0,2,False,True,True,False,True,False,False,False,False,False,False,False,False,False,True,False,False,True,False,-0.42966440714069,-0.7929685876511051,-1.193035630466651,-0.8177339465973219,Middle-Aged,0.6666666666666666,Low
34,0,470,2,4,4,1,84,2,2,1,5957,23687,6,0,13,3,2,1,13,3,3,11,9,5,9,False,True,True,False,True,False,False,False,False,False,False,False,True,False,False,False,False,True,False,-0.3201625558062908,-0.09303870509913521,0.2211851850634235,0.651787937874638,Middle-Aged,0.7857142857142857,Medium
37,0,1017,1,2,3,0,83,2,1,1,3920,18697,2,0,14,3,1,1,17,2,2,3,1,0,2,False,True,True,False,False,False,True,False,False,False,False,False,False,False,True,False,False,True,False,0.008342998196906572,-0.5611139417236798,0.7354472998016324,-0.6544537372115486,Middle-Aged,0.16666666666666666,Medium
45,0,1199,7,4,1,1,77,4,2,3,6434,5118,4,0,17,3,4,1,9,1,3,3,2,0,2,True,False,True,False,True,False,False,False,False,False,False,False,True,False,False,False,False,True,False,0.8843578088720997,0.016569487276862704,-0.2930769296747854,-0.6544537372115486,Middle-Aged,0.3,Medium
37,1,504,10,3,1,1,61,3,3,3,10048,22573,6,0,11,3,2,2,17,5,3,1,0,0,0,True,False,True,False,False,False,True,False,False,False,False,False,True,False,False,False,False,False,False,0.008342998196906572,0.8470181397859958,0.7354472998016324,-0.9810141559830953,Middle-Aged,0.05555555555555555,High
39,0,505,2,4,3,0,64,3,3,3,10938,6420,0,0,25,4,4,0,20,1,3,19,6,11,8,True,False,True,False,False,False,False,False,True,False,False,False,False,False,False,False,False,False,True,0.22734670086570485,1.0515281842611282,1.121143885855289,1.9580296129608246,Middle-Aged,0.9047619047619048,High
29,0,665,15,3,3,1,60,3,1,4,2340,22673,1,0,19,3,1,0,6,1,3,6,5,1,5,False,True,True,False,True,False,False,False,False,False,False,False,False,False,True,False,False,False,True,-0.8676718124782865,-0.9241767173087463,-0.678773515728442,-0.16461310905422863,Young,0.8571428571428571,Low
42,0,916,17,2,4,0,82,4,2,1,6545,23016,3,1,13,3,3,0,10,1,3,3,2,0,2,False,True,True,False,True,False,False,False,False,False,False,False,False,False,True,False,False,False,True,0.5558522548689022,0.04207579619454775,-0.16451140099023315,-0.6544537372115486,Middle-Aged,0.2727272727272727,High
29,0,1247,20,2,4,1,45,3,2,4,6931,10732,2,0,14,3,4,1,10,2,3,3,2,0,2,False,True,False,True,False,True,False,False,False,False,False,False,False,False,False,True,False,False,False,-0.8676718124782865,0.13077341098938045,-0.16451140099023315,-0.6544537372115486,Young,0.2727272727272727,High
25,0,685,1,3,1,0,62,3,2,3,4898,7505,0,0,12,3,4,2,5,3,3,4,2,1,2,False,True,True,False,True,False,False,False,False,False,False,False,True,False,False,False,False,True,False,-1.3056792178158831,-0.33638267936786015,-0.8073390444129942,-0.4911735278257753,Young,0.6666666666666666,Medium
42,0,269,2,3,4,0,56,2,1,1,2593,8007,0,1,11,3,3,1,10,4,3,9,6,7,8,False,True,True,False,False,False,True,False,False,False,True,False,False,False,False,False,False,False,False,0.5558522548689022,-0.8660407159017705,-0.16451140099023315,0.32522751910309133,Middle-Aged,0.8181818181818182,Low
40,0,1416,2,2,1,1,49,3,5,3,16581,5949,0,0,19,3,4,1,22,5,3,21,7,3,9,False,True,True,False,False,False,True,False,False,False,False,False,False,True,False,False,False,False,False,0.33684855220010396,2.3482137808601977,1.3782749432243935,2.284590031732371,Middle-Aged,0.9130434782608695,High
51,0,833,1,3,3,1,96,3,1,4,2723,23231,1,0,11,3,2,0,1,0,2,1,0,0,0,False,True,True,False,True,False,False,False,False,False,False,False,False,False,True,False,False,True,False,1.5413689168784945,-0.8361684622143916,-1.3216011591512031,-0.9810141559830953,Senior,0.5,Low
31,1,307,29,2,3,1,71,2,1,2,3479,11652,0,0,11,3,2,0,6,2,4,5,4,1,4,True,False,True,False,False,False,True,False,False,False,True,False,False,False,False,False,False,False,True,-0.6486681098094882,-0.6624498176939421,-0.678773515728442,-0.32789331844000197,Middle-Aged,0.7142857142857143,Low
32,0,1311,7,3,2,1,100,4,1,2,2794,26062,1,0,20,4,3,0,5,3,1,5,1,0,3,True,False,True,False,True,False,False,False,False,False,True,False,False,False,False,False,False,True,False,-0.5391662584750891,-0.8198536159697462,-0.8073390444129942,-0.32789331844000197,Middle-Aged,0.8333333333333334,Low
38,0,1327,2,2,4,1,39,2,2,4,5249,19682,3,0,18,3,4,1,13,0,3,8,7,7,5,False,False,False,True,True,False,False,False,False,False,False,False,False,False,False,True,False,True,False,0.11784484953130571,-0.25572759441193715,0.2211851850634235,0.16194730971731802,Middle-Aged,0.5714285714285714,Medium
32,0,128,2,1,4,1,84,2,2,1,2176,19737,4,0,13,3,4,0,9,5,3,6,2,0,4,False,True,True,False,False,False,False,False,True,False,True,False,False,False,False,False,False,False,True,-0.5391662584750891,-0.9618617142682089,-0.2930769296747854,-0.16461310905422863,Middle-Aged,0.6,Low
46,0,488,2,3,3,0,75,1,4,2,16581,14977,3,1,12,3,2,1,28,2,2,7,7,7,7,False,True,False,True,False,False,False,False,True,False,False,True,False,False,False,False,False,True,False,0.9938596602064987,2.3482137808601977,2.1496681153317065,-0.0013328996684553085,Senior,0.2413793103448276,High
28,1,529,2,4,1,1,79,3,1,3,3485,14935,2,0,11,3,3,0,5,5,1,0,0,0,0,False,True,True,False,True,False,False,False,False,False,True,False,False,False,False,False,False,False,True,-0.9771736638126857,-0.661071098292986,-0.8073390444129942,-1.1442943653688686,Young,0.0,Low
29,0,1210,2,3,1,1,78,2,2,2,6644,3687,2,0,19,3,2,2,10,2,3,0,0,0,0,False,True,False,True,False,False,True,False,False,False,False,False,False,False,False,True,False,True,False,-0.8676718124782865,0.06482466631032091,-0.16451140099023315,-1.1442943653688686,Young,0.0,High
31,0,1463,23,3,2,1,64,2,2,4,5582,14408,0,0,21,4,2,1,10,2,3,9,0,7,8,False,True,True,False,False,False,True,False,False,False,False,False,False,False,False,False,False,True,False,-0.6486681098094882,-0.17920866765888202,-0.16451140099023315,0.32522751910309133,Middle-Aged,0.8181818181818182,Medium
25,0,675,5,2,2,1,85,4,2,1,4000,18384,1,0,12,3,4,2,6,2,3,6,3,1,5,False,False,True,False,True,False,False,False,False,False,False,False,False,False,False,False,False,False,False,-1.3056792178158831,-0.5427310163776005,-0.678773515728442,-0.16461310905422863,Young,0.8571428571428571,Medium
45,0,1385,20,2,3,1,79,3,4,4,13496,7501,0,1,14,3,2,0,21,2,3,20,7,4,10,False,True,True,False,False,False,True,False,False,False,False,False,False,False,False,False,False,True,False,0.8843578088720997,1.6393222222020143,1.2497094145398413,2.1213098223465976,Middle-Aged,0.9090909090909091,High
36,0,1403,6,3,4,1,47,3,1,4,3210,20251,0,0,11,3,3,1,16,4,3,15,13,10,11,False,True,True,False,True,False,False,False,False,False,True,False,False,False,False,False,False,True,False,-0.10115885313749257,-0.7242624041701338,0.6068817711170802,1.3049087754177313,Middle-Aged,0.8823529411764706,Low
55,0,452,1,3,4,1,81,3,5,1,16581,18938,0,1,14,3,3,0,37,2,3,36,10,4,13,False,True,True,False,False,False,True,False,False,False,False,True,False,False,False,False,False,False,True,1.979376322216091,2.3482137808601977,3.3067578734926766,4.733793172518971,Senior,0.9473684210526315,High
47,1,666,29,4,1,1,88,3,3,2,11849,10268,1,1,12,3,4,1,10,2,2,10,7,9,9,False,False,True,False,True,False,False,False,False,False,False,True,False,False,False,False,False,True,False,1.103361511540898,1.2608637466396064,-0.16451140099023315,0.48850772848886465,Senior,0.9090909090909091,High
28,0,1158,9,3,4,1,94,3,1,4,2070,2613,1,0,23,4,4,1,5,3,2,5,2,0,4,False,True,True,False,False,False,True,False,False,False,False,False,False,False,True,False,False,True,False,-0.9771736638126857,-0.986219090351764,-0.8073390444129942,-0.32789331844000197,Young,0.8333333333333334,Low
37,0,228,6,4,3,1,98,3,2,4,6502,22825,4,0,14,3,2,1,7,5,4,5,4,0,1,False,True,False,True,False,False,True,False,False,False,False,False,False,False,False,True,False,True,False,0.008342998196906572,0.03219497382103012,-0.5502079870438897,-0.32789331844000197,Middle-Aged,0.625,Medium
21,0,996,3,2,4,1,100,2,1,3,3230,10531,1,0,17,3,1,0,3,4,4,3,2,1,0,False,True,True,False,False,False,True,False,False,False,False,False,False,False,True,False,False,False,True,-1.7436866231534796,-0.7196666728336139,-1.0644701017820986,-0.6544537372115486,Young,0.75,Low
37,0,728,1,4,1,0,80,3,3,4,13603,11677,2,1,18,3,1,2,15,2,3,5,2,0,2,False,False,True,False,False,False,True,False,False,False,False,False,False,True,False,False,False,False,False,0.008342998196906572,1.6639093848523954,0.4783162424325279,-0.32789331844000197,Middle-Aged,0.3125,High
35,0,1315,22,3,2,0,71,4,3,2,11996,19100,7,0,18,3,2,1,10,6,2,7,7,6,2,False,True,True,False,True,False,False,False,False,False,False,True,False,False,False,False,False,False,False,-0.2106607044718917,1.2946423719630271,-0.16451140099023315,-0.0013328996684553085,Middle-Aged,0.6363636363636364,High
38,0,322,7,2,1,0,44,4,2,1,5605,19191,1,1,24,4,3,1,8,3,3,8,0,7,7,False,True,False,True,False,False,True,False,False,False,False,False,False,False,False,True,False,False,False,0.11784484953130571,-0.1739235766218842,-0.42164245835933756,0.16194730971731802,Middle-Aged,0.8888888888888888,Medium
26,0,1479,1,3,3,0,84,3,2,2,6397,26767,1,0,20,4,1,1,6,6,1,6,5,1,4,True,False,True,False,True,False,False,False,False,False,False,False,True,False,False,False,False,False,False,-1.1961773664814839,0.00806738430430102,-0.678773515728442,-0.16461310905422863,Young,0.8571428571428571,Medium
50,0,797,4,1,1,1,96,3,5,2,16581,15815,3,0,14,3,1,2,28,4,2,10,4,1,6,False,True,True,False,True,False,False,False,False,False,False,False,False,True,False,False,False,False,False,1.4318670655440953,2.3482137808601977,2.1496681153317065,0.48850772848886465,Senior,0.3448275862068966,High
53,0,1070,3,4,3,1,45,3,4,3,16581,21016,3,1,16,3,4,3,21,5,2,5,3,1,3,False,True,True,False,False,False,True,False,False,False,False,False,False,True,False,False,False,True,False,1.7603726195472926,2.3482137808601977,1.2497094145398413,-0.32789331844000197,Senior,0.22727272727272727,High
42,0,635,1,1,2,1,99,3,2,3,4907,24532,1,0,25,4,3,0,20,3,3,20,16,11,6,False,True,False,True,True,False,False,False,False,False,False,False,False,False,False,True,False,True,False,0.5558522548689022,-0.33431460026642623,1.121143885855289,2.1213098223465976,Middle-Aged,0.9523809523809523,Medium
29,0,442,2,2,2,1,44,3,2,4,4554,20260,1,0,18,3,1,0,10,3,2,10,7,0,9,True,False,False,True,True,False,False,False,False,False,False,False,False,False,False,True,False,False,True,-0.8676718124782865,-0.4154292583560012,-0.16451140099023315,0.48850772848886465,Young,0.9090909090909091,Medium
55,0,147,20,2,2,1,37,3,2,4,5415,15972,3,1,19,3,4,1,12,4,3,10,7,0,8,False,True,True,False,False,False,False,False,True,False,True,False,False,False,False,False,False,True,False,1.979376322216091,-0.2175830243188226,0.09261965637887129,0.48850772848886465,Senior,0.7692307692307693,Medium
26,0,496,11,2,1,1,60,3,2,1,4741,22722,1,1,13,3,3,1,5,3,3,5,3,3,3,True,False,True,False,False,False,True,False,False,False,False,False,False,False,False,False,False,True,False,-1.1961773664814839,-0.3724591703595408,-0.8073390444129942,-0.32789331844000197,Young,0.8333333333333334,Medium
37,0,1372,1,3,4,0,42,3,1,4,2115,15881,1,0,12,3,2,0,17,3,3,17,12,5,7,False,True,True,False,True,False,False,False,False,False,False,False,False,False,True,False,False,False,True,0.008342998196906572,-0.9758786948445943,0.7354472998016324,1.6314691941892778,Middle-Aged,0.9444444444444444,Low
44,1,920,24,3,4,1,43,3,1,3,3161,19920,3,1,22,4,4,1,19,0,1,1,0,0,0,True,False,True,False,True,False,False,False,False,False,True,False,False,False,False,False,False,False,False,0.7748559575377005,-0.7355219459446073,0.9925783571707368,-0.9810141559830953,Middle-Aged,0.05,Low
38,0,688,23,4,4,1,82,3,2,4,5745,18899,9,0,14,3,2,1,10,2,3,2,2,1,2,False,True,True,False,True,False,False,False,False,False,False,False,False,False,False,False,False,False,False,0.11784484953130571,-0.14175345726624541,-0.16451140099023315,-0.8177339465973219,Middle-Aged,0.18181818181818182,Medium
26,1,1449,16,4,1,1,45,3,1,2,2373,14180,2,1,13,3,4,1,5,2,3,3,2,0,2,False,True,True,False,False,False,True,False,False,False,True,False,False,False,False,False,False,False,False,-1.1961773664814839,-0.9165937606034885,-0.8073390444129942,-0.6544537372115486,Young,0.5,Low
28,0,1117,8,2,4,0,66,3,1,4,3310,4488,1,0,21,4,4,0,5,3,3,5,3,0,2,False,True,True,False,True,False,False,False,False,False,False,False,False,False,True,False,False,False,True,-0.9771736638126857,-0.7012837474875346,-0.8073390444129942,-0.32789331844000197,Young,0.8333333333333334,Low
49,0,636,10,4,3,0,35,3,5,1,16581,25594,9,1,11,3,4,0,22,4,3,3,2,1,2,True,False,True,False,True,False,False,False,False,False,False,False,False,True,False,False,False,False,True,1.3223652142096962,2.3482137808601977,1.3782749432243935,-0.6544537372115486,Senior,0.13043478260869565,High
36,0,506,3,3,3,1,30,3,2,2,4485,26285,4,0,12,3,4,0,10,2,3,8,0,7,7,False,True,True,False,False,False,False,False,True,False,False,False,False,False,True,False,False,False,True,-0.10115885313749257,-0.43128453146699464,-0.16451140099023315,0.16194730971731802,Middle-Aged,0.7272727272727273,Medium
31,0,444,5,3,4,0,84,3,1,2,2789,3909,1,0,11,3,3,1,2,5,2,2,2,2,2,True,False,False,True,False,True,False,False,False,False,False,False,False,False,False,False,True,False,False,-0.6486681098094882,-0.8210025488038761,-1.193035630466651,-0.8177339465973219,Middle-Aged,0.6666666666666666,Low
26,1,950,4,4,4,1,48,2,2,4,5828,8450,1,1,12,3,2,0,8,0,3,8,7,7,4,False,True,False,True,False,True,False,False,False,False,False,False,False,False,False,True,False,False,True,-1.1961773664814839,-0.12268117221968812,-0.42164245835933756,0.16194730971731802,Young,0.8888888888888888,Medium
37,0,889,9,3,2,1,53,3,1,4,2326,11411,1,1,12,3,3,3,4,3,2,4,2,1,2,True,False,True,False,False,False,True,False,False,False,False,False,False,False,True,False,False,True,False,0.008342998196906572,-0.9273937292443102,-0.9359045730975464,-0.4911735278257753,Middle-Aged,0.8,Low
42,0,555,26,3,3,0,77,3,4,2,13525,14864,5,0,14,3,4,1,23,2,4,20,4,4,8,True,False,False,True,False,True,False,False,False,False,False,False,False,False,False,True,False,True,False,0.5558522548689022,1.645986032639968,1.5068404719089457,2.1213098223465976,Middle-Aged,0.8333333333333334,High
18,1,230,3,3,3,1,54,3,1,3,1420,25233,1,0,13,3,3,0,0,2,3,0,0,0,0,False,True,True,False,True,False,False,False,False,False,True,False,False,False,False,False,False,False,True,-2.072192177156677,-1.1355803587886584,-1.4501666878357553,-1.1442943653688686,Young,0.0,Low
35,0,1232,16,3,3,1,96,3,3,2,8020,5100,0,0,15,3,3,2,12,3,2,11,9,6,9,False,True,False,True,False,True,False,False,False,False,False,False,False,False,False,True,False,True,False,-0.2106607044718917,0.38101098226288516,0.09261965637887129,0.651787937874638,Middle-Aged,0.8461538461538461,High
36,0,566,18,4,3,1,81,4,1,4,3688,7122,4,0,18,3,4,2,4,2,3,1,0,0,0,True,False,True,False,True,False,False,False,False,False,True,False,False,False,False,False,False,True,False,-0.10115885313749257,-0.6144244252273098,-0.9359045730975464,-0.9810141559830953,Middle-Aged,0.2,Medium
51,0,1302,2,3,4,1,84,1,2,2,5482,16321,5,0,18,3,4,1,13,3,3,4,1,1,2,False,True,True,False,False,False,True,False,False,False,False,False,True,False,False,False,False,False,False,1.5413689168784945,-0.20218732434148115,0.2211851850634235,-0.4911735278257753,Senior,0.2857142857142857,Medium
41,0,334,2,4,4,1,88,3,4,2,16015,15896,1,0,19,3,2,0,22,2,3,22,10,0,4,False,True,False,True,True,False,False,False,False,False,False,True,False,False,False,False,False,False,True,0.4463504035345031,2.2181545840366867,1.3782749432243935,2.4478702411181446,Middle-Aged,0.9565217391304348,High
18,0,812,10,3,4,0,69,2,1,3,1200,9724,1,0,12,3,1,0,0,2,3,0,0,0,0,False,True,False,True,False,False,True,False,False,False,False,False,False,False,False,False,True,False,True,-2.072192177156677,-1.1861334034903765,-1.4501666878357553,-1.1442943653688686,Young,0.0,Low
28,0,1476,16,2,2,1,68,4,2,1,5661,4824,0,0,19,3,3,0,9,2,3,8,3,0,7,False,True,True,False,False,False,True,False,False,False,False,False,False,False,False,False,False,False,True,-0.9771736638126857,-0.16105552887962868,-0.2930769296747854,0.16194730971731802,Young,0.8,Medium
31,0,218,7,3,2,1,100,4,2,4,6929,12241,4,0,11,3,2,1,10,3,2,8,7,7,7,False,True,False,True,False,False,False,False,True,False,False,False,False,False,False,True,False,True,False,-0.6486681098094882,0.13031383785572848,-0.16451140099023315,0.16194730971731802,Middle-Aged,0.7272727272727273,High
39,0,1132,1,3,3,1,48,4,3,4,9613,10942,0,0,17,3,1,3,19,5,2,18,10,3,7,False,True,True,False,False,False,True,False,False,False,False,False,False,False,False,False,False,False,False,0.22734670086570485,0.7470609832166896,0.9925783571707368,1.794749403575051,Middle-Aged,0.9,High
36,0,1105,24,4,2,0,47,3,2,2,5674,6927,7,0,15,3,3,1,11,3,3,9,8,0,8,False,False,True,False,True,False,False,False,False,False,True,False,False,False,False,False,False,True,False,-0.10115885313749257,-0.1580683035108908,-0.03594587230568093,0.32522751910309133,Middle-Aged,0.75,Medium
32,0,906,7,3,4,1,91,2,2,3,5484,16985,1,0,14,3,3,1,13,3,2,13,8,4,8,False,True,False,True,True,False,False,False,False,False,False,False,False,False,False,True,False,True,False,-0.5391662584750891,-0.20172775120782918,0.2211851850634235,0.9783483566461847,Middle-Aged,0.9285714285714286,Medium
38,0,849,25,2,1,0,81,2,3,2,12061,26707,3,0,17,3,3,1,19,2,3,10,8,0,1,False,True,True,False,True,False,False,False,False,False,False,False,False,True,False,False,False,True,False,0.11784484953130571,1.3095784988067165,0.9925783571707368,0.48850772848886465,Middle-Aged,0.5,High
58,0,390,1,4,4,1,32,1,2,3,5660,17056,2,1,13,3,4,1,12,2,3,5,3,1,2,False,False,True,False,True,False,False,False,False,False,False,False,False,False,False,False,False,False,False,2.3078818762192883,-0.1612853154464547,0.09261965637887129,-0.32789331844000197,Senior,0.38461538461538464,Medium
31,0,691,5,4,3,1,86,3,1,4,4821,10077,0,1,12,3,3,1,6,4,3,5,2,0,3,False,True,True,False,False,False,False,False,True,False,False,False,False,False,True,False,False,True,False,-0.6486681098094882,-0.3540762450134615,-0.678773515728442,-0.32789331844000197,Middle-Aged,0.7142857142857143,Medium
31,0,106,2,3,1,1,62,2,2,1,6410,17822,3,0,12,3,4,0,9,1,3,2,2,1,0,False,True,False,False,False,False,False,False,False,True,False,False,False,False,False,False,False,True,False,-0.6486681098094882,0.01105460967303891,-0.2930769296747854,-0.8177339465973219,Middle-Aged,0.2,Medium
45,0,1249,7,3,1,1,97,3,3,1,5210,20308,1,0,18,3,1,1,24,2,3,24,9,9,11,True,False,True,False,True,False,False,False,False,False,True,False,False,False,False,False,False,False,False,0.8843578088720997,-0.26468927051815083,1.6354060005934978,2.774430659889691,Middle-Aged,0.96,Medium
31,0,192,2,4,3,1,32,3,1,4,2695,7747,0,1,18,3,2,1,3,2,1,2,2,2,2,False,True,True,False,True,False,False,False,False,False,False,False,False,False,True,False,False,False,False,-0.6486681098094882,-0.8426024860855194,-1.0644701017820986,-0.8177339465973219,Middle-Aged,0.5,Low
33,0,553,5,4,4,0,74,3,3,2,11878,23364,6,0,11,3,2,2,12,2,3,10,6,8,8,True,False,True,False,True,False,False,False,False,False,False,True,False,False,False,False,False,True,False,-0.42966440714069,1.2675275570775602,0.09261965637887129,0.48850772848886465,Middle-Aged,0.7692307692307693,High
39,0,117,10,1,3,1,99,3,4,1,16581,5355,1,1,14,3,4,0,21,3,3,21,9,11,10,False,True,True,False,False,False,True,False,False,False,False,True,False,False,False,False,False,True,False,0.22734670086570485,2.3482137808601977,1.2497094145398413,2.284590031732371,Middle-Aged,0.9545454545454546,High
43,0,185,10,4,3,0,33,3,1,4,2455,10675,0,0,19,3,1,0,9,5,3,8,7,1,7,True,False,True,False,True,False,False,False,False,False,True,False,False,False,False,False,False,False,True,0.6653541062033014,-0.8977512621237572,-0.2930769296747854,0.16194730971731802,Middle-Aged,0.8,Low
49,0,1091,1,2,3,0,90,2,4,3,13964,17810,7,1,12,3,4,0,25,2,3,7,1,0,7,False,True,True,False,False,False,False,False,True,False,False,False,False,False,False,False,False,False,True,1.3223652142096962,1.7468623354765782,1.76397152927805,-0.0013328996684553085,Senior,0.2692307692307692,High
52,1,723,8,4,3,1,85,2,2,2,4941,17747,2,0,15,3,1,0,11,3,2,8,2,7,7,False,True,True,False,False,False,True,False,False,False,False,False,False,False,True,False,False,True,False,1.6508707682128936,-0.32650185699434253,-0.03594587230568093,0.16194730971731802,Senior,0.6666666666666666,Medium
27,0,1220,5,3,3,0,85,3,1,2,2478,20938,1,1,12,3,2,0,4,2,2,4,3,1,2,False,True,True,False,True,False,False,False,False,False,False,False,False,False,True,False,False,False,True,-1.0866755151470848,-0.8924661710867595,-0.9359045730975464,-0.4911735278257753,Young,0.8,Low
32,0,588,8,2,3,0,65,2,2,2,5228,24624,1,1,11,3,4,0,13,2,3,13,12,11,9,False,True,False,True,False,False,False,False,True,False,False,False,False,False,False,True,False,True,False,-0.5391662584750891,-0.260553112315283,0.2211851850634235,0.9783483566461847,Middle-Aged,0.9285714285714286,Medium
27,0,1377,2,3,4,1,74,3,2,3,4478,5242,1,1,11,3,1,0,5,3,3,5,4,0,4,False,True,False,True,True,False,False,False,False,False,False,False,False,False,False,True,False,False,True,-1.0866755151470848,-0.4328930374347766,-0.8073390444129942,-0.32789331844000197,Young,0.8333333333333334,Medium
31,0,691,7,3,4,1,73,3,2,4,7547,7143,4,0,12,3,4,3,13,3,3,7,7,1,7,False,True,False,True,False,True,False,False,False,False,False,False,False,False,False,True,False,False,False,-0.6486681098094882,0.2723219361541912,0.2211851850634235,-0.0013328996684553085,Middle-Aged,0.5,High
32,0,1018,2,4,1,0,74,4,2,4,5055,10557,7,0,16,3,3,0,10,0,2,7,7,0,7,False,True,True,False,False,False,True,False,False,False,False,False,False,False,True,False,False,False,True,-0.5391662584750891,-0.3003061883761795,-0.16451140099023315,-0.0013328996684553085,Middle-Aged,0.6363636363636364,Medium
28,1,1157,2,4,1,1,84,1,1,4,3464,24737,5,1,13,3,4,0,5,4,2,3,2,2,2,False,True,True,False,False,False,True,False,False,False,False,False,False,False,True,False,False,True,False,-0.9771736638126857,-0.6658966161963319,-0.8073390444129942,-0.6544537372115486,Young,0.5,Low
30,0,1275,28,2,4,0,64,3,2,4,5775,11934,1,0,13,3,4,2,11,2,3,10,8,1,9,False,True,True,False,False,False,True,False,False,False,False,False,False,False,True,False,False,True,False,-0.7581699611438873,-0.13485986026146565,-0.03594587230568093,0.48850772848886465,Young,0.8333333333333334,Medium
31,0,798,7,2,3,0,48,2,3,3,8943,14034,1,0,24,4,1,1,10,2,3,10,9,8,9,True,False,True,False,True,False,False,False,False,False,False,False,True,False,False,False,False,True,False,-0.6486681098094882,0.5931039834432752,-0.16451140099023315,0.48850772848886465,Middle-Aged,0.9090909090909091,High
39,0,672,7,2,3,1,54,2,5,4,16581,21141,1,0,15,3,1,1,21,2,3,21,9,13,3,True,False,True,False,False,False,True,False,False,False,False,True,False,False,False,False,False,True,False,0.22734670086570485,2.3482137808601977,1.2497094145398413,2.284590031732371,Middle-Aged,0.9545454545454546,High
39,1,1162,3,2,4,0,41,3,2,3,5238,17778,4,1,18,3,1,0,12,3,2,1,0,0,0,False,True,False,True,False,False,True,False,False,False,False,False,False,False,False,True,False,True,False,0.22734670086570485,-0.2582552466470231,0.09261965637887129,-0.9810141559830953,Middle-Aged,0.07692307692307693,Medium
33,0,508,10,3,2,1,46,2,2,4,4682,4317,3,0,14,3,3,0,9,6,2,7,7,0,1,True,False,False,True,False,True,False,False,False,False,False,False,False,False,False,True,False,False,True,-0.42966440714069,-0.38601657780227433,-0.2930769296747854,-0.0013328996684553085,Middle-Aged,0.7,Medium
47,0,1482,5,5,4,1,42,3,5,3,16581,16375,4,0,11,3,2,1,21,2,3,3,2,1,1,False,True,True,False,True,False,False,False,False,False,False,False,False,True,False,False,False,True,False,1.103361511540898,2.3482137808601977,1.2497094145398413,-0.6544537372115486,Senior,0.13636363636363635,High
43,0,559,10,4,3,0,82,2,2,3,5257,6227,1,0,11,3,2,1,9,3,4,9,7,0,0,True,False,True,False,True,False,False,False,False,False,True,False,False,False,False,False,False,False,False,0.6653541062033014,-0.2538893018773292,-0.2930769296747854,0.32522751910309133,Middle-Aged,0.9,Medium
27,0,210,1,1,3,1,73,3,2,2,6349,22107,0,1,13,3,4,1,6,0,3,5,4,1,4,False,False,False,True,False,True,False,False,False,False,False,False,False,False,False,True,False,True,False,-1.0866755151470848,-0.002962370903346569,-0.678773515728442,-0.32789331844000197,Young,0.7142857142857143,Medium
54,0,928,20,4,4,0,31,3,2,3,4869,16885,3,0,12,3,4,0,20,4,2,4,3,0,3,True,False,True,False,True,False,False,False,False,False,False,False,False,False,True,False,False,False,True,1.869874470881692,-0.3430464898058139,1.121143885855289,-0.4911735278257753,Senior,0.19047619047619047,Medium
43,0,1001,7,3,3,0,43,3,3,1,9985,9262,8,0,16,3,1,1,10,1,2,1,0,0,0,False,True,True,False,True,False,False,False,False,False,False,False,False,False,False,False,False,True,False,0.6653541062033014,0.8325415860759583,-0.16451140099023315,-0.9810141559830953,Middle-Aged,0.09090909090909091,High
45,0,549,8,4,4,1,75,3,2,4,3697,9278,9,0,14,3,1,2,12,3,3,10,9,9,8,False,True,True,False,False,False,False,True,False,False,False,False,False,False,True,False,False,True,False,0.8843578088720997,-0.6123563461258759,0.09261965637887129,0.48850772848886465,Middle-Aged,0.7692307692307693,Medium
40,0,1124,1,2,2,1,57,1,2,4,7457,13273,2,1,22,4,3,3,6,2,2,4,3,0,2,False,True,False,True,False,False,True,False,False,False,False,False,False,False,False,True,False,True,False,0.33684855220010396,0.251641145139852,-0.678773515728442,-0.4911735278257753,Middle-Aged,0.5714285714285714,High
29,1,318,8,4,2,1,77,1,1,1,2119,4759,1,1,11,3,4,0,7,4,2,7,7,0,7,False,True,True,False,False,False,False,True,False,False,True,False,False,False,False,False,False,True,False,-0.8676718124782865,-0.9749595485772904,-0.5502079870438897,-0.0013328996684553085,Young,0.875,Low
29,0,738,9,5,2,1,30,2,1,4,3983,7621,0,0,17,3,3,0,4,2,3,3,2,2,2,False,True,True,False,False,False,False,True,False,False,True,False,False,False,False,False,False,False,True,-0.8676718124782865,-0.5466373880136424,-0.9359045730975464,-0.6544537372115486,Young,0.6,Medium
30,0,570,5,3,4,0,30,2,2,3,6118,5431,1,0,13,3,3,3,10,2,3,10,9,1,2,False,True,False,True,False,True,False,False,False,False,False,False,False,False,False,True,False,False,False,-0.7581699611438873,-0.0560430678401506,-0.16451140099023315,0.48850772848886465,Young,0.9090909090909091,Medium
27,0,1130,8,4,2,0,56,3,2,2,6214,3415,1,0,18,3,1,1,8,3,3,8,7,0,7,False,True,False,True,False,True,False,False,False,False,False,False,False,False,False,True,False,True,False,-1.0866755151470848,-0.03398355742485541,-0.42164245835933756,0.16194730971731802,Young,0.8888888888888888,Medium
37,0,1192,5,2,4,1,61,3,2,4,6347,23177,7,0,16,3,3,2,8,2,2,6,2,0,4,False,True,True,False,False,False,True,False,False,False,False,False,True,False,False,False,False,False,False,0.008342998196906572,-0.003421944036998552,-0.42164245835933756,-0.16461310905422863,Middle-Aged,0.6666666666666666,Medium
38,0,343,15,2,3,1,92,2,3,4,11510,15682,0,1,14,3,2,1,12,3,3,11,10,2,9,False,True,True,False,True,False,False,False,False,False,False,False,False,True,False,False,False,False,False,0.11784484953130571,1.1829661004855954,0.09261965637887129,0.651787937874638,Middle-Aged,0.8461538461538461,High
31,0,1232,7,4,3,0,39,3,3,4,7143,25713,1,1,14,3,3,0,11,2,2,11,9,4,10,False,True,True,False,False,False,True,False,False,False,False,False,True,False,False,False,False,False,True,-0.6486681098094882,0.17948816315649063,-0.03594587230568093,0.651787937874638,Middle-Aged,0.9166666666666666,High
29,0,144,10,1,4,0,39,2,2,2,8268,11866,1,1,14,3,1,2,7,2,3,7,7,1,7,False,True,False,True,False,True,False,False,False,False,False,False,False,False,False,True,False,False,False,-0.8676718124782865,0.437998050835731,-0.5502079870438897,-0.0013328996684553085,Young,0.875,High
35,0,1296,5,4,3,1,62,3,3,2,8095,18264,0,0,13,3,4,0,17,5,3,16,6,0,13,False,True,True,False,False,False,False,False,True,False,False,False,True,False,False,False,False,False,True,-0.2106607044718917,0.3982449747748345,0.7354472998016324,1.4681889848035046,Middle-Aged,0.8888888888888888,High
23,0,1309,26,1,3,1,83,3,1,4,2904,16092,1,0,12,3,3,2,4,2,2,4,2,0,2,False,True,True,False,True,False,False,False,False,False,False,False,False,False,True,False,False,False,False,-1.5246829204846812,-0.7945770936188871,-0.9359045730975464,-0.4911735278257753,Young,0.8,Low
41,0,483,6,3,4,1,95,2,2,2,6032,10110,6,1,15,3,4,0,8,3,3,5,4,1,2,False,True,True,False,False,False,True,False,False,False,False,False,True,False,False,False,False,False,True,0.4463504035345031,-0.07580471258718585,-0.42164245835933756,-0.32789331844000197,Middle-Aged,0.5555555555555556,Medium
47,0,1309,4,1,2,1,99,3,2,3,2976,25751,3,0,19,3,1,0,5,3,3,0,0,0,0,True,False,False,True,False,False,True,False,False,False,False,False,False,False,False,False,True,False,True,1.103361511540898,-0.7780324608074157,-0.8073390444129942,-1.1442943653688686,Senior,0.0,Low
42,0,810,23,5,1,0,44,3,4,4,15992,15901,2,0,14,3,2,0,16,2,3,1,0,0,0,False,True,True,False,True,False,False,False,False,False,False,False,False,True,False,False,False,False,True,0.5558522548689022,2.212869492999689,0.6068817711170802,-0.9810141559830953,Middle-Aged,0.058823529411764705,High
29,0,746,2,3,4,1,61,3,2,3,4649,16928,1,0,14,3,1,1,4,3,2,4,3,0,2,False,False,False,True,True,False,False,False,False,False,False,False,False,False,False,True,False,True,False,-0.8676718124782865,-0.39359953450753205,-0.9359045730975464,-0.4911735278257753,Young,0.8,Medium
42,0,544,2,1,3,1,52,3,1,3,2696,24017,0,1,11,3,3,1,4,5,3,3,2,1,0,False,True,False,False,False,False,False,False,True,True,False,False,False,False,False,False,False,False,False,0.5558522548689022,-0.8423726995186933,-0.9359045730975464,-0.6544537372115486,Middle-Aged,0.6,Low
32,0,1062,2,3,3,0,75,3,1,2,2370,3956,1,0,13,3,3,1,8,4,3,8,0,0,7,False,True,True,False,False,False,True,False,False,False,True,False,False,False,False,False,False,True,False,-0.5391662584750891,-0.9172831203039665,-0.42164245835933756,0.16194730971731802,Middle-Aged,0.8888888888888888,Low
48,0,530,29,1,1,0,91,3,3,3,12504,23978,3,0,21,4,2,1,15,3,1,0,0,0,0,False,True,False,True,False,False,True,False,False,False,False,True,False,False,False,False,False,True,False,1.2128633628752972,1.4113739479106309,0.4783162424325279,-1.1442943653688686,Senior,0.0,High
37,0,1319,6,3,3,1,51,4,2,1,5974,17001,4,1,13,3,1,2,13,2,3,7,7,6,7,False,True,True,False,False,False,True,False,False,False,False,False,False,False,True,False,False,False,False,0.008342998196906572,-0.08913233346309336,0.2211851850634235,-0.0013328996684553085,Middle-Aged,0.5,Medium
30,0,641,25,2,4,0,85,3,2,3,4736,6069,7,1,12,3,2,1,4,2,4,2,2,2,2,False,False,False,True,False,False,False,False,True,False,False,False,False,False,False,True,False,True,False,-0.7581699611438873,-0.37360810319367077,-0.9359045730975464,-0.8177339465973219,Young,0.4,Medium
26,0,933,1,3,3,1,57,3,2,3,5296,20156,1,0,17,3,2,1,8,3,3,8,7,7,7,False,True,False,True,True,False,False,False,False,False,False,False,False,False,False,True,False,True,False,-1.1961773664814839,-0.24492762577111557,-0.42164245835933756,0.16194730971731802,Young,0.8888888888888888,Medium
42,0,1332,2,4,1,1,98,2,2,4,6781,17078,3,0,23,4,2,0,14,6,3,1,0,0,0,False,True,True,False,False,False,False,True,False,False,False,False,False,False,False,False,False,False,True,0.5558522548689022,0.09630542596548174,0.34975071374797573,-0.9810141559830953,Middle-Aged,0.06666666666666667,High
21,1,756,1,1,1,0,99,2,1,2,2174,9150,1,1,11,3,3,0,3,3,3,3,2,1,2,True,False,False,True,False,False,False,False,True,False,False,False,False,False,False,False,True,False,True,-1.7436866231534796,-0.9623212874018608,-1.0644701017820986,-0.6544537372115486,Young,0.75,Low
36,0,845,1,5,4,0,45,3,2,4,6653,15276,4,0,15,3,2,0,7,6,3,1,0,0,0,False,False,False,True,False,False,True,False,False,False,False,False,False,False,False,True,False,False,True,-0.10115885313749257,0.06689274541175483,-0.5502079870438897,-0.9810141559830953,Middle-Aged,0.125,High
36,0,541,3,4,1,1,48,2,3,4,9699,7246,4,0,11,3,1,1,16,2,3,13,9,1,12,True,False,False,True,False,False,True,False,False,False,False,False,False,False,False,True,False,True,False,-0.10115885313749257,0.7668226279637248,0.6068817711170802,0.9783483566461847,Middle-Aged,0.7647058823529411,High
57,0,593,1,4,4,1,88,3,2,3,6755,2967,2,0,11,3,3,0,15,2,3,3,2,1,2,False,True,True,False,False,False,True,False,False,False,False,False,False,False,False,False,False,True,False,2.1983800248848895,0.09033097522800596,0.4783162424325279,-0.6544537372115486,Senior,0.1875,High
40,0,1171,10,4,4,0,46,4,1,3,2213,22495,3,1,13,3,3,1,10,3,3,7,7,1,7,False,True,True,False,True,False,False,False,False,False,True,False,False,False,False,False,False,True,False,0.33684855220010396,-0.9533596112956472,-0.16451140099023315,-0.0013328996684553085,Middle-Aged,0.6363636363636364,Low
21,0,895,9,2,1,1,39,3,1,4,2610,2851,1,0,24,4,3,0,3,3,2,3,2,2,2,False,False,False,True,False,False,True,False,False,False,False,False,False,False,False,False,True,False,True,-1.7436866231534796,-0.8621343442657285,-1.0644701017820986,-0.6544537372115486,Young,0.75,Low
33,1,350,5,3,4,0,34,3,1,3,2851,9150,1,1,13,3,2,0,1,2,3,1,0,0,0,False,True,False,True,False,True,False,False,False,False,False,False,False,False,False,False,True,False,True,-0.42966440714069,-0.8067557816606646,-1.3216011591512031,-0.9810141559830953,Middle-Aged,0.5,Low
37,0,921,10,3,3,0,98,3,1,1,3452,17663,6,0,20,4,2,1,17,3,3,5,4,0,3,False,True,True,False,False,False,True,False,False,False,True,False,False,False,False,False,False,True,False,0.008342998196906572,-0.6686540549982438,0.7354472998016324,-0.32789331844000197,Middle-Aged,0.2777777777777778,Low
46,0,1144,7,4,3,0,30,3,2,3,5258,16044,2,0,14,3,3,0,7,2,4,1,0,0,0,False,False,True,False,False,False,True,False,False,False,False,False,True,False,False,False,False,True,False,0.9938596602064987,-0.25365951531050324,-0.5502079870438897,-0.9810141559830953,Senior,0.125,Medium
41,1,143,4,3,1,1,56,3,2,2,9355,9558,1,0,18,3,3,0,8,5,3,8,7,7,7,True,False,False,True,False,True,False,False,False,False,False,False,False,False,False,True,False,False,True,0.4463504035345031,0.6877760489755838,-0.42164245835933756,0.16194730971731802,Middle-Aged,0.8888888888888888,High
50,0,1046,10,3,4,1,100,2,3,4,10496,2755,6,0,15,3,4,0,20,2,3,4,3,1,3,False,True,True,False,False,False,False,False,True,False,False,False,False,False,False,False,False,False,True,1.4318670655440953,0.9499625217240399,1.121143885855289,-0.4911735278257753,Senior,0.19047619047619047,High
40,1,575,22,2,3,1,68,2,2,3,6380,6110,2,1,12,3,1,2,8,6,3,6,4,1,0,False,True,False,True,False,True,False,False,False,False,False,False,False,False,False,True,False,True,False,0.33684855220010396,0.004161012668259165,-0.42164245835933756,-0.16461310905422863,Middle-Aged,0.6666666666666666,Medium
31,0,408,9,4,3,1,42,2,1,2,2657,7551,0,1,16,3,4,0,3,5,3,2,2,2,2,False,True,True,False,True,False,False,False,False,False,False,False,False,False,True,False,False,False,True,-0.6486681098094882,-0.851334375624907,-1.0644701017820986,-0.8177339465973219,Middle-Aged,0.5,Low
21,1,156,12,3,3,0,90,4,1,2,2716,25422,1,0,15,3,4,0,1,0,3,1,0,0,0,False,True,False,True,True,False,False,False,False,False,False,False,False,False,False,False,True,False,True,-1.7436866231534796,-0.8377769681821735,-1.3216011591512031,-0.9810141559830953,Young,0.5,Low
29,0,1283,23,3,4,1,54,3,1,4,2201,18168,9,0,16,3,4,0,6,4,3,3,2,1,2,False,True,True,False,True,False,False,False,False,False,False,False,False,False,True,False,False,False,True,-0.8676718124782865,-0.9561170500975591,-0.678773515728442,-0.6544537372115486,Young,0.42857142857142855,Low
35,0,755,9,4,3,1,97,2,2,2,6540,19394,9,0,19,3,3,0,10,5,3,1,1,0,0,False,True,True,False,True,False,False,False,False,False,False,False,False,False,False,False,False,False,True,-0.2106607044718917,0.0409268633604178,-0.16451140099023315,-0.9810141559830953,Middle-Aged,0.09090909090909091,High
27,0,1469,1,2,4,1,82,3,1,2,3816,17881,1,0,11,3,2,1,5,2,3,5,2,0,4,False,True,True,False,False,False,True,False,False,False,True,False,False,False,False,False,False,False,False,-1.0866755151470848,-0.5850117446735829,-0.8073390444129942,-0.32789331844000197,Young,0.8333333333333334,Medium
28,0,304,9,4,2,1,92,3,2,4,5253,20750,1,0,16,3,4,0,7,1,3,7,5,0,7,False,True,False,True,True,False,False,False,False,False,False,False,False,False,False,True,False,False,True,-0.9771736638126857,-0.2548084481446332,-0.5502079870438897,-0.0013328996684553085,Young,0.875,Medium
49,0,1261,7,3,2,1,31,2,3,3,10965,12066,8,0,24,4,3,0,26,2,3,5,2,0,0,False,True,True,False,False,False,False,True,False,False,False,False,False,False,False,False,False,False,True,1.3223652142096962,1.05773242156543,1.8925370579626022,-0.32789331844000197,Senior,0.18518518518518517,High
51,0,1178,14,2,3,0,87,3,2,4,4936,14862,4,0,11,3,3,1,18,2,2,7,7,0,7,False,True,False,True,True,False,False,False,False,False,False,False,False,False,False,True,False,True,False,1.5413689168784945,-0.3276507898284725,0.8640128284861845,-0.0013328996684553085,Senior,0.3684210526315789,Medium
36,0,329,2,3,4,0,96,3,1,3,2543,11868,4,0,13,3,2,1,6,3,3,2,2,2,2,False,True,True,False,True,False,False,False,False,False,False,False,False,False,True,False,False,True,False,-0.10115885313749257,-0.87753004424307,-0.678773515728442,-0.8177339465973219,Middle-Aged,0.2857142857142857,Low
34,1,1362,19,3,1,1,67,4,2,4,5304,4652,8,1,13,3,2,0,9,3,2,5,2,0,4,False,False,False,True,False,True,False,False,False,False,False,False,False,False,False,True,False,False,True,-0.3201625558062908,-0.24308933323650764,-0.2930769296747854,-0.32789331844000197,Middle-Aged,0.5,Medium
55,0,1311,2,3,3,0,97,3,4,4,16581,23258,2,1,13,3,3,0,30,2,3,5,4,1,2,False,True,True,False,True,False,False,False,False,False,False,True,False,False,False,False,False,False,True,1.979376322216091,2.3482137808601977,2.406799172700811,-0.32789331844000197,Senior,0.16129032258064516,High
24,0,1371,10,4,4,0,77,3,2,3,4260,5915,1,1,12,3,4,1,5,2,4,5,2,0,3,False,True,False,True,False,True,False,False,False,False,False,False,False,False,False,True,False,False,False,-1.4151810691502822,-0.4829865090028427,-0.8073390444129942,-0.32789331844000197,Young,0.8333333333333334,Medium
30,0,202,2,1,3,1,72,3,1,2,2476,17434,1,0,18,3,1,1,1,3,3,1,0,0,0,False,True,False,True,False,False,False,False,True,False,False,False,False,False,False,False,True,True,False,-0.7581699611438873,-0.8929257442204115,-1.3216011591512031,-0.9810141559830953,Young,0.5,Low
26,1,575,3,1,3,1,73,3,1,1,3102,6582,0,0,22,4,3,0,7,2,3,6,4,0,4,True,False,True,False,False,False,False,False,True,False,False,False,False,False,True,False,False,False,True,-1.1961773664814839,-0.7490793533873408,-0.5502079870438897,-0.16461310905422863,Young,0.75,Low
22,0,253,11,3,1,0,43,3,1,2,2244,24440,1,0,13,3,4,1,2,1,3,2,1,1,2,False,True,True,False,False,False,True,False,False,False,False,False,False,False,True,False,False,True,False,-1.6341847718190805,-0.9462362277240415,-1.193035630466651,-0.8177339465973219,Young,0.6666666666666666,Low
36,0,164,2,2,2,1,61,2,3,3,7596,3809,1,0,13,3,2,2,10,2,3,10,9,9,0,False,True,False,True,False,False,True,False,False,False,False,False,False,False,False,True,False,True,False,-0.10115885313749257,0.2835814779286648,-0.16451140099023315,0.48850772848886465,Middle-Aged,0.9090909090909091,High
30,1,464,4,3,3,1,40,3,1,4,2285,3427,9,1,23,4,3,0,3,4,3,1,0,0,0,True,False,True,False,False,False,False,False,True,False,False,False,False,False,True,False,False,False,True,-0.7581699611438873,-0.9368149784841758,-1.0644701017820986,-0.9810141559830953,Young,0.25,Low
37,0,1107,14,3,4,0,95,3,1,1,3034,26914,1,0,12,3,3,1,18,2,2,18,7,12,17,False,True,True,False,True,False,False,False,False,False,True,False,False,False,False,False,False,False,False,0.008342998196906572,-0.7647048399315082,0.8640128284861845,1.794749403575051,Middle-Aged,0.9473684210526315,Low
40,0,759,2,2,4,0,46,3,2,2,5715,22553,7,0,12,3,3,2,8,5,3,5,4,1,3,False,True,False,True,False,True,False,False,False,False,False,False,False,False,False,True,False,False,False,0.33684855220010396,-0.14864705427102515,-0.42164245835933756,-0.32789331844000197,Middle-Aged,0.5555555555555556,Medium
42,0,201,1,4,2,0,95,3,1,1,2576,20490,3,0,16,3,2,1,8,5,3,5,2,1,2,False,True,True,False,True,False,False,False,False,False,True,False,False,False,False,False,False,False,False,0.5558522548689022,-0.8699470875378124,-0.42164245835933756,-0.32789331844000197,Middle-Aged,0.5555555555555556,Low
37,0,1305,10,4,3,1,49,3,2,2,4197,21123,2,1,12,3,4,0,18,2,2,1,0,0,1,False,True,True,False,True,False,False,False,False,False,False,False,True,False,False,False,False,False,True,0.008342998196906572,-0.49746306271288016,0.8640128284861845,-0.9810141559830953,Middle-Aged,0.05263157894736842,Medium
43,0,982,12,3,1,1,59,2,4,2,14336,4345,1,0,11,3,3,1,25,3,3,25,10,3,9,False,True,True,False,True,False,False,False,False,False,False,False,False,True,False,False,False,False,False,0.6653541062033014,1.8323429383358472,1.76397152927805,2.9377108692754645,Middle-Aged,0.9615384615384616,High
40,0,555,2,3,2,0,78,2,2,3,3448,13436,6,0,22,4,2,1,20,3,3,1,0,0,0,False,True,True,False,False,False,True,False,False,False,True,False,False,False,False,False,False,True,False,0.33684855220010396,-0.6695732012655478,1.121143885855289,-0.9810141559830953,Middle-Aged,0.047619047619047616,Low
54,0,821,5,2,1,1,86,3,5,1,16581,8509,4,0,11,3,3,1,24,4,2,4,2,1,2,False,True,True,False,False,False,True,False,False,False,False,False,False,True,False,False,False,True,False,1.869874470881692,2.3482137808601977,1.6354060005934978,-0.4911735278257753,Senior,0.16,High
34,0,1381,4,4,3,0,72,3,2,3,6538,12740,9,0,15,3,1,1,6,3,3,3,2,1,2,False,False,False,True,False,True,False,False,False,False,False,False,False,False,False,True,False,True,False,-0.3201625558062908,0.04046729022676582,-0.678773515728442,-0.6544537372115486,Middle-Aged,0.42857142857142855,High
31,0,480,7,2,2,0,31,3,2,1,4306,4156,1,0,12,3,2,1,13,5,1,13,10,3,12,False,True,True,False,False,False,True,False,False,False,False,False,True,False,False,False,False,True,False,-0.6486681098094882,-0.4724163269288471,0.2211851850634235,0.9783483566461847,Middle-Aged,0.9285714285714286,Medium
43,0,313,21,3,4,1,61,3,1,4,2258,15238,7,0,20,4,1,1,8,1,3,3,2,1,2,True,False,True,False,False,False,True,False,False,False,True,False,False,False,False,False,False,True,False,0.6653541062033014,-0.9430192157884776,-0.42164245835933756,-0.6544537372115486,Middle-Aged,0.3333333333333333,Low
43,0,1473,8,4,3,0,74,3,2,3,4522,2227,4,1,14,3,4,0,8,3,3,5,2,0,2,False,True,True,False,False,False,False,True,False,False,False,False,False,False,False,False,False,False,False,0.6653541062033014,-0.4227824284944329,-0.42164245835933756,-0.32789331844000197,Middle-Aged,0.5555555555555556,Medium
25,0,891,4,2,2,0,99,2,2,4,4487,12090,1,1,11,3,2,0,5,3,3,5,4,1,3,False,True,False,True,True,False,False,False,False,False,False,False,False,False,False,True,False,False,True,-1.3056792178158831,-0.43082495833334267,-0.8073390444129942,-0.32789331844000197,Young,0.8333333333333334,Medium
37,0,1063,25,5,2,0,72,3,2,3,4449,23866,3,1,15,3,1,2,15,2,3,13,11,10,7,False,False,True,False,False,False,True,False,False,False,False,False,False,False,True,False,False,True,False,0.008342998196906572,-0.4395568478727303,0.4783162424325279,0.9783483566461847,Middle-Aged,0.8125,Medium
31,0,329,1,2,4,1,98,2,1,1,2218,16193,1,0,12,3,3,1,4,3,3,4,2,3,2,False,True,True,False,True,False,False,False,False,False,True,False,False,False,False,False,False,True,False,-0.6486681098094882,-0.9522106784615172,-0.9359045730975464,-0.4911735278257753,Middle-Aged,0.8,Low
39,0,1218,1,1,2,1,52,3,5,3,16581,8213,1,1,14,3,3,1,21,3,3,21,8,1,6,True,False,True,False,True,False,False,False,False,False,False,True,False,False,False,False,False,False,False,0.22734670086570485,2.3482137808601977,1.2497094145398413,2.284590031732371,Middle-Aged,0.9545454545454546,High
56,0,906,6,3,3,0,86,4,4,1,13212,18256,9,0,11,3,4,3,36,0,2,7,7,7,7,True,False,False,True,True,False,False,False,False,False,False,False,False,False,False,True,False,True,False,2.08887817355049,1.5740628372234327,3.1781923448081244,-0.0013328996684553085,Senior,0.1891891891891892,High
30,0,1082,12,3,2,0,83,3,2,3,6577,19558,0,0,11,3,2,0,6,6,3,5,4,4,4,False,True,False,True,False,False,False,False,True,False,False,False,False,False,False,True,False,False,True,-0.7581699611438873,0.04942896633297948,-0.678773515728442,-0.32789331844000197,Young,0.7142857142857143,High
41,0,645,1,3,2,1,49,4,3,1,8392,19566,1,0,16,3,3,1,10,2,3,10,7,0,7,False,True,False,True,False,True,False,False,False,False,False,False,False,False,False,True,False,True,False,0.4463504035345031,0.46649158512215394,-0.16451140099023315,0.48850772848886465,Middle-Aged,0.9090909090909091,High
28,0,1300,17,2,3,1,79,3,2,1,4558,13535,1,0,12,3,4,1,10,2,3,10,0,1,8,False,True,True,False,False,False,True,False,False,False,True,False,False,False,False,False,False,False,False,-0.9771736638126857,-0.41451011208869726,-0.16451140099023315,0.48850772848886465,Young,0.9090909090909091,Medium
25,1,688,3,3,1,1,91,3,1,1,4031,9396,5,0,13,3,3,1,6,5,3,2,2,0,2,False,True,True,False,False,False,True,False,False,False,True,False,False,False,False,False,False,True,False,-1.3056792178158831,-0.5356076328059948,-0.678773515728442,-0.8177339465973219,Young,0.2857142857142857,Medium
52,0,319,3,3,4,1,39,2,3,3,7969,19609,2,1,14,3,3,0,28,4,3,5,4,0,4,False,True,True,False,False,False,True,False,False,False,False,False,True,False,False,False,False,True,False,1.6508707682128936,0.36929186735475955,2.1496681153317065,-0.32789331844000197,Senior,0.1724137931034483,High
45,0,192,10,2,1,1,69,3,1,4,2654,9655,3,0,21,4,4,2,8,3,2,2,2,0,2,False,True,True,False,True,False,False,False,False,False,False,False,False,False,True,False,False,True,False,0.8843578088720997,-0.852023735325385,-0.42164245835933756,-0.8177339465973219,Middle-Aged,0.2222222222222222,Low
52,0,1490,4,2,4,0,30,3,4,4,16555,10310,2,0,13,3,4,0,31,2,1,5,2,1,4,False,True,True,False,True,False,False,False,False,False,False,True,False,False,False,False,False,True,False,1.6508707682128936,2.3422393301227222,2.535364701385363,-0.32789331844000197,Senior,0.15625,High
42,0,532,29,2,1,0,92,3,2,3,4556,12932,2,0,11,3,2,1,19,3,3,5,4,0,2,True,False,True,False,True,False,False,False,False,False,False,False,False,False,True,False,False,False,False,0.5558522548689022,-0.4149696852223492,0.9925783571707368,-0.32789331844000197,Middle-Aged,0.25,Medium
30,0,317,2,3,3,0,43,1,2,4,6091,24793,2,0,20,4,3,0,11,2,3,5,4,0,2,False,True,True,False,True,False,False,False,False,False,False,False,True,False,False,False,False,False,True,-0.7581699611438873,-0.06224730514445236,-0.03594587230568093,-0.32789331844000197,Young,0.4166666666666667,Medium
60,0,422,7,3,1,0,41,3,5,1,16581,3854,5,0,11,3,4,0,33,5,1,29,8,11,10,False,True,True,False,True,False,False,False,False,False,False,True,False,False,False,False,False,True,False,2.526885578888087,2.3482137808601977,2.7924957587544674,3.5908317068185576,Senior,0.8529411764705882,High
46,0,1485,18,3,3,0,87,3,2,3,4810,26314,2,0,14,3,3,1,19,5,2,10,7,0,8,False,True,True,False,False,False,True,False,False,False,False,False,True,False,False,False,False,False,False,0.9938596602064987,-0.3566038972485474,0.9925783571707368,0.48850772848886465,Senior,0.5,Medium
42,0,1368,28,4,4,0,88,2,2,4,4523,4386,0,0,11,3,4,3,7,4,4,6,5,0,4,True,False,True,False,False,False,False,False,True,False,False,False,False,False,False,False,False,True,False,0.5558522548689022,-0.42255264192760694,-0.5502079870438897,-0.16461310905422863,Middle-Aged,0.75,Medium
24,1,1448,1,1,1,0,62,3,1,2,3202,21972,1,1,16,3,2,0,6,4,3,5,3,1,4,False,True,False,True,False,False,False,False,True,False,False,False,False,False,False,False,True,False,True,-1.4151810691502822,-0.7261006967047416,-0.678773515728442,-0.32789331844000197,Young,0.7142857142857143,Low
34,1,296,6,2,4,0,33,1,1,3,2351,12253,0,0,16,3,4,1,3,3,2,2,2,1,0,True,False,False,True,False,True,False,False,False,False,False,False,False,False,False,False,True,False,False,-0.3201625558062908,-0.9216490650736604,-1.0644701017820986,-0.8177339465973219,Middle-Aged,0.5,Low
38,0,1490,2,2,4,1,42,3,1,4,1702,12106,1,1,23,4,3,1,1,3,3,1,0,0,0,True,False,True,False,True,False,False,False,False,False,True,False,False,False,False,False,False,True,False,0.11784484953130571,-1.0707805469437288,-1.3216011591512031,-0.9810141559830953,Middle-Aged,0.5,Low
40,0,1398,2,4,3,0,79,3,5,3,16581,13022,0,0,14,3,4,0,21,2,3,20,15,1,12,False,True,False,True,True,False,False,False,False,False,False,True,False,False,False,False,False,True,False,0.33684855220010396,2.3482137808601977,1.2497094145398413,2.1213098223465976,Middle-Aged,0.9090909090909091,High
26,0,1349,23,3,1,0,90,3,1,4,2886,3032,1,0,22,4,2,2,3,3,1,3,2,0,2,False,True,True,False,True,False,False,False,False,False,False,False,False,False,True,False,False,False,False,-1.1961773664814839,-0.798713251821755,-1.0644701017820986,-0.6544537372115486,Young,0.75,Low
30,0,1400,3,3,3,1,53,3,1,4,2097,16734,4,0,15,3,3,1,9,3,1,5,3,1,4,False,False,True,False,True,False,False,False,False,False,True,False,False,False,False,False,False,True,False,-0.7581699611438873,-0.9800148530474622,-0.2930769296747854,-0.32789331844000197,Young,0.5,Low
29,0,986,3,4,2,1,93,2,3,3,11935,21526,1,0,18,3,3,0,10,2,3,10,2,0,7,False,True,True,False,False,False,True,False,False,False,False,False,False,True,False,False,False,True,False,-0.8676718124782865,1.2806253913866417,-0.16451140099023315,0.48850772848886465,Young,0.9090909090909091,High
29,1,408,25,5,3,0,71,2,1,2,2546,18300,5,0,16,3,2,0,6,2,4,2,2,1,1,False,True,True,False,False,False,False,False,True,False,False,False,False,False,True,False,False,True,False,-0.8676718124782865,-0.876840684542592,-0.678773515728442,-0.8177339465973219,Young,0.2857142857142857,Low
19,1,489,2,2,1,1,52,2,1,4,2564,18437,1,0,12,3,3,0,1,3,4,1,0,0,0,False,True,False,False,False,False,False,False,True,True,False,False,False,False,False,False,False,False,True,-1.9626903258222779,-0.8727045263397242,-1.3216011591512031,-0.9810141559830953,Young,0.5,Low
30,0,1398,22,4,3,0,69,3,3,1,8412,2890,0,0,11,3,3,0,10,3,3,9,8,7,8,False,False,False,True,False,False,False,True,False,False,False,False,False,False,False,True,False,True,False,-0.7581699611438873,0.4710873164586738,-0.16451140099023315,0.32522751910309133,Young,0.8181818181818182,High
57,0,210,29,3,1,1,56,2,4,4,14118,22102,3,0,12,3,3,1,32,3,2,1,0,0,0,False,True,False,True,False,True,False,False,False,False,False,True,False,False,False,False,False,False,False,2.1983800248848895,1.782249466767781,2.6639302300699153,-0.9810141559830953,Senior,0.030303030303030304,High
50,0,1099,29,4,2,1,88,2,4,3,16581,9314,0,0,15,3,2,1,28,2,3,27,10,15,7,False,True,True,False,True,False,False,False,False,False,False,True,False,False,False,False,False,True,False,1.4318670655440953,2.3482137808601977,2.1496681153317065,3.264271288047011,Senior,0.9310344827586207,High
30,0,1116,2,3,3,0,49,3,1,4,2564,7181,0,0,14,3,3,0,12,2,2,11,7,6,7,False,False,True,False,False,False,True,False,False,False,True,False,False,False,False,False,False,False,True,-0.7581699611438873,-0.8727045263397242,0.09261965637887129,0.651787937874638,Young,0.8461538461538461,Low
60,0,1499,28,3,3,0,80,2,3,1,10266,2845,4,0,19,3,4,0,22,5,4,18,13,13,11,True,False,False,True,False,True,False,False,False,False,False,False,False,False,False,True,False,True,False,2.526885578888087,0.8971116113540619,1.3782749432243935,1.794749403575051,Senior,0.782608695652174,High
47,0,983,2,2,1,0,65,3,2,4,5070,7389,5,0,13,3,3,3,20,2,3,5,0,0,4,False,True,True,False,False,False,True,False,False,False,False,False,True,False,False,False,False,False,False,1.103361511540898,-0.2968593898737896,1.121143885855289,-0.32789331844000197,Senior,0.23809523809523808,Medium
46,0,1009,2,3,1,1,51,3,4,3,16581,2288,6,0,13,3,3,0,26,2,1,3,2,0,1,False,True,True,False,True,False,False,False,False,False,False,False,False,True,False,False,False,True,False,0.9938596602064987,2.3482137808601977,1.8925370579626022,-0.6544537372115486,Senior,0.1111111111111111,High
35,0,144,22,3,4,1,46,1,1,3,4230,19225,0,0,15,3,3,0,6,2,3,5,4,4,3,False,True,True,False,True,False,False,False,False,False,True,False,False,False,False,False,False,False,True,-0.2106607044718917,-0.48988010600762244,-0.678773515728442,-0.32789331844000197,Middle-Aged,0.7142857142857143,Medium
54,0,548,8,4,3,0,42,3,2,3,3780,23428,7,0,11,3,3,0,19,3,3,1,0,0,0,False,True,True,False,True,False,False,False,False,False,True,False,False,False,False,False,False,False,True,1.869874470881692,-0.5932840610793186,0.9925783571707368,-0.9810141559830953,Senior,0.05,Medium
34,0,1303,2,4,4,1,62,2,1,3,2768,8416,3,0,12,3,3,1,14,3,3,7,3,5,7,False,True,True,False,True,False,False,False,False,False,False,False,False,False,True,False,False,False,False,-0.3201625558062908,-0.825828066707222,0.34975071374797573,-0.0013328996684553085,Middle-Aged,0.4666666666666667,Low
46,0,1125,10,3,3,0,94,2,3,4,9071,11563,2,1,19,3,3,1,15,3,3,3,2,1,2,False,True,False,True,False,True,False,False,False,False,False,False,False,False,False,True,False,True,False,0.9938596602064987,0.6225166639970021,0.4783162424325279,-0.6544537372115486,Senior,0.1875,High
31,0,1274,9,1,3,1,33,3,3,2,10648,14394,1,0,25,4,4,1,13,6,4,13,8,0,8,False,True,True,False,True,False,False,False,False,False,False,False,True,False,False,False,False,False,False,-0.6486681098094882,0.9848900798815907,0.2211851850634235,0.9783483566461847,Middle-Aged,0.9285714285714286,High
33,1,1277,15,1,2,1,56,3,3,3,13610,24619,7,1,12,3,4,0,15,2,4,7,6,7,7,False,True,True,False,False,False,True,False,False,False,False,True,False,False,False,False,False,True,False,-0.42966440714069,1.6655178908201773,0.4783162424325279,-0.0013328996684553085,Middle-Aged,0.4375,High
33,1,587,10,1,1,1,38,1,1,4,3408,6705,7,0,13,3,1,3,8,2,3,4,3,1,3,False,True,True,False,False,False,True,False,False,False,True,False,False,False,False,False,False,False,False,-0.42966440714069,-0.6787646639385875,-0.42164245835933756,-0.4911735278257753,Middle-Aged,0.4444444444444444,Low
30,0,413,7,1,4,1,57,3,1,2,2983,18398,0,0,14,3,1,0,4,3,3,3,2,1,2,False,True,False,True,False,True,False,False,False,False,False,False,False,False,False,False,True,False,True,-0.7581699611438873,-0.7764239548396338,-0.9359045730975464,-0.6544537372115486,Young,0.6,Low
35,0,1276,16,3,4,1,72,3,3,3,7632,14295,4,1,12,3,3,0,10,2,3,8,7,0,0,False,True,True,False,True,False,False,False,False,False,False,False,False,False,False,False,False,True,False,-0.2106607044718917,0.29185379433440045,-0.16451140099023315,0.16194730971731802,Middle-Aged,0.7272727272727273,High
31,1,534,20,3,1,1,66,3,3,3,9824,22908,3,0,12,3,1,0,12,2,3,1,0,0,0,True,False,True,False,True,False,False,False,False,False,False,False,False,False,False,False,False,True,False,-0.6486681098094882,0.7955459488169737,0.09261965637887129,-0.9810141559830953,Middle-Aged,0.07692307692307693,High
34,1,988,23,3,2,0,43,3,3,1,9950,11533,9,1,15,3,3,3,11,2,3,3,2,0,2,True,False,False,False,False,False,False,False,False,True,False,False,False,False,False,False,False,False,False,-0.3201625558062908,0.8244990562370487,-0.03594587230568093,-0.6544537372115486,Middle-Aged,0.25,High
42,0,1474,5,2,2,1,97,3,1,3,2093,9260,4,0,17,3,4,1,8,4,3,2,2,2,0,True,False,True,False,False,False,False,True,False,False,True,False,False,False,False,False,False,True,False,0.5558522548689022,-0.9809339993147662,-0.42164245835933756,-0.8177339465973219,Middle-Aged,0.2222222222222222,Low
36,0,635,10,4,2,1,32,3,3,4,9980,15318,1,0,14,3,4,0,10,3,2,10,3,9,7,False,False,False,True,False,False,True,False,False,False,False,False,False,False,False,True,False,False,True,-0.10115885313749257,0.8313926532418284,-0.16451140099023315,0.48850772848886465,Middle-Aged,0.9090909090909091,High
22,1,1368,4,1,3,1,99,2,1,3,3894,9129,5,0,16,3,3,0,4,3,3,2,2,1,2,True,False,True,False,False,False,False,False,True,False,True,False,False,False,False,False,False,False,True,-1.6341847718190805,-0.5670883924611556,-0.9359045730975464,-0.8177339465973219,Young,0.4,Medium
48,0,163,2,5,2,0,37,3,2,4,4051,19658,2,0,14,3,1,1,14,2,3,9,7,6,7,False,True,False,True,False,True,False,False,False,False,False,False,False,False,False,True,False,True,False,1.2128633628752972,-0.531011901469475,0.34975071374797573,0.32522751910309133,Senior,0.6,Medium
55,0,1117,18,5,1,0,83,3,4,2,16581,9873,3,0,23,4,4,0,37,2,3,10,9,7,7,False,True,False,True,True,False,False,False,False,False,False,True,False,False,False,False,False,False,True,1.979376322216091,2.3482137808601977,3.3067578734926766,0.48850772848886465,Senior,0.2631578947368421,High
41,0,267,10,2,4,1,56,3,2,4,6230,13430,7,0,14,3,4,0,16,3,3,14,3,1,10,False,False,False,True,True,False,False,False,False,False,False,False,False,False,False,True,False,False,True,0.4463504035345031,-0.03030697235563955,0.6068817711170802,1.141628566031958,Middle-Aged,0.8235294117647058,Medium
35,0,619,1,3,2,1,85,3,2,3,4717,18659,9,0,11,3,3,0,15,2,3,11,9,6,9,False,True,False,True,False,True,False,False,False,False,False,False,False,False,False,True,False,True,False,-0.2106607044718917,-0.3779740479633646,0.4783162424325279,0.651787937874638,Middle-Aged,0.6875,Medium
40,0,302,6,3,2,0,75,3,4,3,13237,20364,7,0,15,3,3,0,22,3,3,20,6,5,13,False,True,True,False,True,False,False,False,False,False,False,False,True,False,False,False,False,False,True,0.33684855220010396,1.5798075013940824,1.3782749432243935,2.1213098223465976,Middle-Aged,0.8695652173913043,High
39,0,443,8,1,3,0,48,3,1,3,3755,17872,1,0,11,3,1,1,8,3,3,8,3,0,7,True,False,True,False,True,False,False,False,False,False,True,False,False,False,False,False,False,True,False,0.22734670086570485,-0.5990287252499684,-0.42164245835933756,0.16194730971731802,Middle-Aged,0.8888888888888888,Medium
31,0,828,2,1,2,1,77,3,2,4,6582,8346,4,1,13,3,3,0,10,2,4,6,5,0,5,False,True,False,True,True,False,False,False,False,False,False,False,False,False,False,True,False,False,True,-0.6486681098094882,0.05057789916710944,-0.16451140099023315,-0.16461310905422863,Middle-Aged,0.5454545454545454,High
42,0,319,24,3,4,1,56,3,3,1,7406,6950,1,1,21,4,4,1,10,5,2,10,9,5,8,False,True,True,False,False,False,True,False,False,False,False,False,True,False,False,False,False,True,False,0.5558522548689022,0.2399220302317264,-0.16451140099023315,0.48850772848886465,Middle-Aged,0.9090909090909091,High
45,0,561,2,3,4,1,61,3,2,2,4805,16177,0,0,19,3,2,1,9,3,4,8,7,3,7,False,True,False,True,False,False,False,True,False,False,False,False,False,False,False,True,False,True,False,0.8843578088720997,-0.3577528300826774,-0.2930769296747854,0.16194730971731802,Middle-Aged,0.8,Medium
26,1,426,17,4,2,0,58,3,1,3,2741,22808,0,1,11,3,2,1,8,2,2,7,7,1,0,True,False,False,False,True,False,False,False,False,True,False,False,False,False,False,False,False,False,False,-1.1961773664814839,-0.8320323040115237,-0.42164245835933756,-0.0013328996684553085,Young,0.7777777777777778,Low
29,0,232,19,3,4,1,34,3,2,4,4262,22645,4,0,12,3,2,2,8,2,4,3,2,1,2,False,True,True,False,False,False,False,False,True,False,False,False,True,False,False,False,False,False,False,-0.8676718124782865,-0.4825269358691907,-0.42164245835933756,-0.6544537372115486,Young,0.3333333333333333,Medium
33,0,922,1,5,1,0,95,4,4,3,16184,22578,4,0,19,3,3,1,10,2,3,6,1,0,5,False,True,True,False,False,False,True,False,False,False,False,False,False,True,False,False,False,False,False,-0.42966440714069,2.2569885138302794,-0.16451140099023315,-0.16461310905422863,Middle-Aged,0.5454545454545454,High
31,0,688,7,3,3,1,44,2,3,4,11557,25291,9,0,21,4,3,1,10,3,2,5,4,0,1,False,True,False,True,True,False,False,False,False,False,False,True,False,False,False,False,False,False,False,-0.6486681098094882,1.193766069126417,-0.16451140099023315,-0.32789331844000197,Middle-Aged,0.45454545454545453,High
18,1,1306,5,3,2,1,69,3,1,2,1878,8059,1,1,14,3,4,0,0,3,3,0,0,0,0,True,False,False,True,False,True,False,False,False,False,False,False,False,False,False,False,True,False,True,-2.072192177156677,-1.0303381111823544,-1.4501666878357553,-1.1442943653688686,Young,0.0,Low
40,0,1094,28,3,3,1,58,1,3,1,10932,11373,3,0,15,3,3,1,20,2,3,1,0,0,1,False,False,False,True,False,False,False,True,False,False,False,False,False,False,False,True,False,False,False,0.33684855220010396,1.0501494648601721,1.121143885855289,-0.9810141559830953,Middle-Aged,0.047619047619047616,High
41,0,509,2,4,1,0,62,2,2,3,6811,2112,2,1,17,3,1,0,10,3,3,8,7,0,7,False,False,True,False,False,False,False,True,False,False,False,False,False,False,False,False,False,False,True,0.4463504035345031,0.10319902297026148,-0.16451140099023315,0.16194730971731802,Middle-Aged,0.7272727272727273,High
26,0,775,29,2,1,1,45,3,2,3,4306,4267,5,0,12,3,1,2,8,5,3,0,0,0,0,False,True,False,True,False,False,True,False,False,False,False,False,False,False,False,True,False,False,False,-1.1961773664814839,-0.4724163269288471,-0.42164245835933756,-1.1442943653688686,Young,0.0,Medium
35,0,195,1,3,1,0,80,3,2,3,4859,6698,1,0,16,3,4,0,5,3,3,5,4,0,3,False,True,False,True,False,False,True,False,False,False,False,False,False,False,False,True,False,False,True,-0.2106607044718917,-0.3453443554740738,-0.8073390444129942,-0.32789331844000197,Middle-Aged,0.8333333333333334,Medium
34,0,258,21,4,4,1,74,4,2,4,5337,19921,1,0,12,3,4,0,10,3,3,10,7,5,7,False,True,False,True,True,False,False,False,False,False,False,False,False,False,False,True,False,False,True,-0.3201625558062908,-0.23550637653124992,-0.16451140099023315,0.48850772848886465,Middle-Aged,0.9090909090909091,Medium
26,1,471,24,3,3,1,66,1,1,4,2340,23213,1,1,18,3,2,0,1,3,1,1,0,0,0,False,True,True,False,False,False,False,False,True,False,True,False,False,False,False,False,False,False,True,-1.1961773664814839,-0.9241767173087463,-1.3216011591512031,-0.9810141559830953,Young,0.5,Low
37,0,799,1,3,2,0,59,3,3,4,7491,23848,4,0,17,3,4,0,12,3,4,6,5,1,2,False,True,True,False,False,False,False,False,True,False,False,False,True,False,False,False,False,False,True,0.008342998196906572,0.2594538884119357,0.09261965637887129,-0.16461310905422863,Middle-Aged,0.46153846153846156,High
46,0,1034,18,1,1,0,86,3,3,3,10527,8984,5,0,11,3,4,0,28,3,2,2,2,1,2,True,False,True,False,False,False,True,False,False,False,False,False,False,False,False,False,False,True,False,0.9938596602064987,0.9570859052956457,2.1496681153317065,-0.8177339465973219,Senior,0.06896551724137931,High
41,0,1276,2,5,2,0,91,3,4,1,16581,5626,7,0,16,3,2,1,22,2,3,18,16,11,8,False,True,False,True,True,False,False,False,False,False,False,True,False,False,False,False,False,True,False,0.4463504035345031,2.3482137808601977,1.3782749432243935,1.794749403575051,Middle-Aged,0.782608695652174,High
37,0,142,9,4,1,1,69,3,3,2,8834,24666,1,0,13,3,4,1,9,6,3,9,5,7,7,False,False,False,True,False,False,True,False,False,False,False,False,False,False,False,True,False,False,False,0.008342998196906572,0.5680572476592421,-0.2930769296747854,0.32522751910309133,Middle-Aged,0.9,High
52,0,956,6,2,4,1,78,3,2,1,5577,22087,3,1,12,3,2,2,18,3,3,10,9,6,9,False,True,True,False,False,False,False,False,True,False,False,False,False,False,True,False,False,False,False,1.6508707682128936,-0.18035760049301197,0.8640128284861845,0.48850772848886465,Senior,0.5263157894736842,Medium
32,1,1474,11,4,4,1,60,4,2,3,4707,23914,8,0,12,3,4,0,6,2,3,4,2,1,2,False,False,False,True,False,False,False,True,False,False,False,False,False,False,False,True,False,True,False,-0.5391662584750891,-0.38027191363162455,-0.678773515728442,-0.4911735278257753,Middle-Aged,0.5714285714285714,Medium
24,0,535,24,3,4,1,38,3,1,4,2400,5530,0,0,13,3,3,2,3,3,3,2,2,2,1,True,False,False,True,False,False,True,False,False,False,False,False,False,False,False,False,True,True,False,-1.4151810691502822,-0.9103895232991868,-1.0644701017820986,-0.8177339465973219,Young,0.5,Low
38,0,1495,10,3,3,0,76,3,2,3,9824,22174,3,0,19,3,3,1,18,4,3,1,0,0,0,False,True,True,False,False,False,True,False,False,False,False,False,False,False,False,False,False,True,False,0.11784484953130571,0.7955459488169737,0.8640128284861845,-0.9810141559830953,Middle-Aged,0.05263157894736842,High
37,0,446,1,4,2,0,65,3,2,2,6447,15701,6,0,12,3,2,1,8,2,2,6,5,4,3,False,True,True,False,True,False,False,False,False,False,False,False,True,False,False,False,False,True,False,0.008342998196906572,0.019556712645600594,-0.42164245835933756,-0.16461310905422863,Middle-Aged,0.6666666666666666,Medium
49,0,1245,18,4,4,1,58,2,5,3,16581,2125,1,1,17,3,3,1,31,5,3,31,9,0,9,False,True,True,False,True,False,False,False,False,False,False,False,False,True,False,False,False,False,False,1.3223652142096962,2.3482137808601977,2.535364701385363,3.9173921255901045,Senior,0.96875,High
24,0,691,23,3,2,1,89,4,1,4,2725,21630,1,1,11,3,2,2,6,3,3,6,5,1,4,False,True,True,False,False,False,True,False,False,False,False,False,False,False,True,False,False,True,False,-1.4151810691502822,-0.8357088890807396,-0.678773515728442,-0.16461310905422863,Young,0.8571428571428571,Low
26,0,703,28,2,1,1,66,3,2,2,6272,7428,1,0,20,4,4,2,6,5,4,5,3,1,4,False,True,False,True,False,True,False,False,False,False,False,False,False,False,False,True,False,True,False,-1.1961773664814839,-0.02065593654894791,-0.678773515728442,-0.32789331844000197,Young,0.7142857142857143,Medium
24,0,823,17,2,4,1,94,2,1,2,2127,9100,1,0,21,4,4,1,1,2,3,1,0,0,0,False,True,True,False,False,False,False,True,False,False,True,False,False,False,False,False,False,True,False,-1.4151810691502822,-0.9731212560426825,-1.3216011591512031,-0.9810141559830953,Young,0.5,Low
50,0,1246,3,3,1,1,99,3,5,2,16581,7999,1,0,11,3,3,1,32,2,3,32,5,10,7,True,False,False,False,False,False,True,False,False,False,False,True,False,False,False,False,False,True,False,1.4318670655440953,2.3482137808601977,2.6639302300699153,4.080672334975878,Senior,0.9696969696969697,High
25,0,622,13,1,2,1,40,3,1,3,2096,26376,1,0,11,3,3,0,7,1,3,7,4,0,6,False,True,False,True,False,False,True,False,False,False,False,False,False,False,False,False,True,True,False,-1.3056792178158831,-0.9802446396142882,-0.5502079870438897,-0.0013328996684553085,Young,0.875,Low
24,1,1287,7,3,1,0,55,3,1,3,2886,14168,1,1,16,3,4,1,6,4,3,6,3,1,2,True,False,True,False,True,False,False,False,False,False,True,False,False,False,False,False,False,True,False,-1.4151810691502822,-0.798713251821755,-0.678773515728442,-0.16461310905422863,Young,0.8571428571428571,Low
30,1,448,12,4,2,1,74,2,1,1,2033,14470,1,0,18,3,3,1,1,2,4,1,0,0,0,True,False,False,True,True,False,False,False,False,False,False,False,False,False,False,False,True,True,False,-0.7581699611438873,-0.9947211933243256,-1.3216011591512031,-0.9810141559830953,Young,0.5,Low
34,0,254,1,2,2,1,83,2,1,4,3622,22794,1,1,13,3,4,1,6,3,3,6,5,1,3,False,True,True,False,True,False,False,False,False,False,False,False,False,False,True,False,False,True,False,-0.3201625558062908,-0.6295903386378252,-0.678773515728442,-0.16461310905422863,Middle-Aged,0.8571428571428571,Low
31,1,1365,13,4,2,1,46,3,2,1,4233,11512,2,0,17,3,3,0,9,2,1,3,1,1,2,False,True,False,True,False,False,True,False,False,False,False,False,False,False,False,True,False,False,False,-0.6486681098094882,-0.4891907463071445,-0.2930769296747854,-0.6544537372115486,Middle-Aged,0.3,Medium
35,0,538,25,2,1,1,54,2,2,4,3681,14004,4,0,14,3,4,0,9,3,3,3,2,0,2,False,True,True,False,False,False,False,True,False,False,True,False,False,False,False,False,False,False,True,-0.2106607044718917,-0.6160329311950917,-0.2930769296747854,-0.6544537372115486,Middle-Aged,0.3,Medium
31,0,525,6,4,1,1,66,4,2,4,5460,6219,4,0,22,4,4,2,13,4,4,7,7,5,7,False,True,False,True,False,False,True,False,False,False,False,False,False,False,False,True,False,False,False,-0.6486681098094882,-0.20724262881165298,0.2211851850634235,-0.0013328996684553085,Middle-Aged,0.5,Medium
27,0,798,6,4,1,0,66,2,1,3,2187,5013,0,0,12,3,3,2,6,5,2,5,3,0,3,False,True,True,False,False,False,True,False,False,False,False,False,False,False,True,False,False,False,False,-1.0866755151470848,-0.959334062033123,-0.678773515728442,-0.32789331844000197,Young,0.7142857142857143,Low
37,0,558,2,3,4,1,75,3,2,3,9602,3010,4,1,11,3,3,1,17,3,2,3,0,1,0,False,True,False,True,False,True,False,False,False,False,False,False,False,False,False,True,False,True,False,0.008342998196906572,0.7445333309816036,0.7354472998016324,-0.6544537372115486,Middle-Aged,0.16666666666666666,High
20,0,959,1,3,4,0,83,2,1,2,2836,11757,1,0,13,3,4,0,1,0,4,1,0,0,0,False,True,True,False,True,False,False,False,False,False,False,False,False,False,True,False,False,False,True,-1.8531884744878788,-0.8102025801630546,-1.3216011591512031,-0.9810141559830953,Young,0.5,Low
42,0,622,2,4,3,0,81,3,2,4,4089,5718,1,0,13,3,2,2,10,4,3,10,2,2,2,False,True,True,False,True,False,False,False,False,False,False,False,False,False,False,False,False,True,False,0.5558522548689022,-0.5222800119300872,-0.16451140099023315,0.48850772848886465,Middle-Aged,0.9090909090909091,Medium
43,0,782,6,4,2,1,50,2,4,4,16581,2671,4,1,14,3,3,1,21,3,2,1,0,0,0,False,True,True,False,False,False,False,True,False,False,False,False,False,True,False,False,False,False,False,0.6653541062033014,2.3482137808601977,1.2497094145398413,-0.9810141559830953,Middle-Aged,0.045454545454545456,High
38,0,362,1,1,3,0,43,3,1,1,2619,14561,3,0,17,3,4,0,8,3,2,0,0,0,0,False,True,True,False,True,False,False,False,False,False,False,False,False,False,True,False,False,False,True,0.11784484953130571,-0.8600662651642946,-0.42164245835933756,-1.1442943653688686,Middle-Aged,0.0,Low
43,0,1001,9,5,4,1,72,3,2,3,5679,19627,3,1,13,3,2,1,10,3,3,8,7,4,7,True,False,True,False,False,False,True,False,False,False,True,False,False,False,False,False,False,False,False,0.6653541062033014,-0.15691937067676084,-0.16451140099023315,0.16194730971731802,Middle-Aged,0.7272727272727273,Medium
48,0,1236,1,4,4,0,40,2,4,1,15402,17997,7,0,11,3,1,1,21,3,1,3,2,0,2,False,True,True,False,True,False,False,False,False,False,False,True,False,False,False,False,False,True,False,1.2128633628752972,2.077295418572354,1.2497094145398413,-0.6544537372115486,Senior,0.13636363636363635,High
44,0,1112,1,4,1,0,50,2,2,3,5985,26894,4,0,11,3,2,0,10,1,4,2,2,0,2,False,True,False,False,True,False,False,False,False,True,False,False,False,False,False,False,False,False,True,0.7748559575377005,-0.08660468122800746,-0.16451140099023315,-0.8177339465973219,Middle-Aged,0.18181818181818182,Medium
34,0,204,14,3,3,0,31,3,1,3,2579,2912,1,1,18,3,4,2,8,3,3,8,2,0,6,False,True,False,True,False,False,False,False,True,False,False,False,False,False,False,False,True,False,False,-0.3201625558062908,-0.8692577278373343,-0.42164245835933756,0.16194730971731802,Middle-Aged,0.8888888888888888,Low
27,1,1420,2,1,3,1,85,3,1,1,3041,16346,0,0,11,3,2,1,5,3,3,4,3,0,2,False,True,False,True,False,True,False,False,False,False,False,False,False,False,False,False,True,False,False,-1.0866755151470848,-0.7630963339637263,-0.8073390444129942,-0.4911735278257753,Young,0.6666666666666666,Low
21,0,1343,22,1,3,1,49,3,1,3,3447,24444,1,0,11,3,3,0,3,2,3,3,2,1,2,False,True,False,True,False,False,False,False,True,False,False,False,False,False,False,False,True,False,True,-1.7436866231534796,-0.6698029878323738,-1.0644701017820986,-0.6544537372115486,Young,0.75,Low
44,0,1315,3,4,4,1,35,3,5,4,16581,9358,4,1,12,3,1,1,26,2,4,2,2,0,1,False,True,True,False,False,False,False,True,False,False,False,True,False,False,False,False,False,True,False,0.7748559575377005,2.3482137808601977,1.8925370579626022,-0.8177339465973219,Middle-Aged,0.07407407407407407,High
22,0,604,6,1,1,1,69,3,1,3,2773,12145,0,0,20,4,4,0,3,3,3,2,2,2,2,False,True,True,False,False,False,True,False,False,False,False,False,False,False,True,False,False,True,False,-1.6341847718190805,-0.824679133873092,-1.0644701017820986,-0.8177339465973219,Young,0.5,Low
33,0,1216,8,4,3,1,39,3,2,3,7104,20431,0,0,12,3,4,0,6,3,3,5,0,1,2,False,True,False,True,False,True,False,False,False,False,False,False,False,False,False,True,False,False,False,-0.42966440714069,0.17052648705027698,-0.678773515728442,-0.32789331844000197,Middle-Aged,0.7142857142857143,High
32,0,646,9,4,1,0,92,3,2,4,6322,18089,1,1,12,3,4,1,6,2,2,6,4,0,5,False,True,True,False,True,False,False,False,False,False,False,False,False,False,True,False,False,True,False,-0.5391662584750891,-0.00916660820764834,-0.678773515728442,-0.16461310905422863,Middle-Aged,0.8571428571428571,Medium
30,0,160,3,3,3,0,71,3,1,3,2083,22653,1,0,20,4,3,1,1,2,3,1,0,0,0,True,False,True,False,False,False,True,False,False,False,False,False,False,False,True,False,False,False,False,-0.7581699611438873,-0.9832318649830261,-1.3216011591512031,-0.9810141559830953,Young,0.5,Low
53,0,238,1,1,4,0,34,3,2,1,8381,7507,7,0,20,4,4,0,18,2,4,14,7,8,10,False,True,False,True,False,False,True,False,False,False,False,False,False,False,False,True,False,False,True,1.7603726195472926,0.46396393288706805,0.8640128284861845,1.141628566031958,Senior,0.7368421052631579,High
34,0,1397,1,5,2,1,42,3,1,4,2691,7660,1,0,12,3,4,1,10,4,2,10,9,8,8,False,True,True,False,True,False,False,False,False,False,False,False,False,False,True,False,False,True,False,-0.3201625558062908,-0.8435216323528233,-0.16451140099023315,0.48850772848886465,Middle-Aged,0.9090909090909091,Low
45,1,306,26,4,1,0,100,3,2,1,4286,5630,2,0,14,3,4,2,5,4,3,1,1,0,0,True,False,False,True,True,False,False,False,False,False,False,False,False,False,False,True,False,True,False,0.8843578088720997,-0.4770120582653669,-0.8073390444129942,-0.9810141559830953,Middle-Aged,0.16666666666666666,Medium
26,0,991,6,3,3,0,71,3,1,4,2659,17759,1,1,13,3,3,1,3,2,3,3,2,0,2,False,True,True,False,True,False,False,False,False,False,True,False,False,False,False,False,False,True,False,-1.1961773664814839,-0.850874802491255,-1.0644701017820986,-0.6544537372115486,Young,0.75,Low
37,0,482,3,3,3,1,36,3,3,3,9434,9606,1,0,15,3,3,1,10,2,3,10,7,7,8,False,True,True,False,False,False,False,True,False,False,False,False,True,False,False,False,False,True,False,0.008342998196906572,0.705929187754837,-0.16451140099023315,0.48850772848886465,Middle-Aged,0.9090909090909091,High
29,0,1176,3,2,2,0,62,3,2,3,5561,3487,1,0,14,3,1,1,6,5,2,6,0,1,2,False,True,False,True,False,False,True,False,False,False,False,False,False,False,False,True,False,True,False,-0.8676718124782865,-0.18403418556222784,-0.678773515728442,-0.16461310905422863,Young,0.8571428571428571,Medium
35,0,1017,6,4,2,1,82,1,2,4,6646,19368,1,0,13,3,2,0,17,3,3,17,11,11,8,False,True,True,False,True,False,False,False,False,False,False,False,False,False,True,False,False,False,True,-0.2106607044718917,0.0652842394439729,0.7354472998016324,1.6314691941892778,Middle-Aged,0.9444444444444444,High
33,0,1296,6,3,3,1,30,3,2,4,7725,5335,3,0,23,4,3,1,15,2,1,13,11,4,7,True,False,True,False,True,False,False,False,False,False,False,False,False,False,False,False,False,False,False,-0.42966440714069,0.3132239450492177,0.4783162424325279,0.9783483566461847,Middle-Aged,0.8125,High
54,0,397,19,4,3,1,88,3,3,2,10725,6729,2,0,15,3,3,1,16,1,4,9,7,7,1,False,True,False,False,False,False,True,False,False,True,False,False,False,False,False,False,False,True,False,1.869874470881692,1.002583645527192,0.6068817711170802,0.32522751910309133,Senior,0.5294117647058824,High
36,0,913,9,2,2,1,48,2,2,2,8847,13934,2,1,11,3,3,1,13,2,3,3,2,0,2,False,True,True,False,False,False,True,False,False,False,False,False,True,False,False,False,False,False,False,-0.10115885313749257,0.5710444730279801,0.2211851850634235,-0.6544537372115486,Middle-Aged,0.21428571428571427,High
27,0,1115,3,4,1,1,54,2,1,4,2045,15174,0,0,13,3,4,0,5,0,3,4,2,1,1,False,True,True,False,False,False,True,False,False,False,False,False,False,False,True,False,False,False,True,-1.0866755151470848,-0.9919637545224138,-0.8073390444129942,-0.4911735278257753,Young,0.6666666666666666,Low
20,1,1362,10,1,4,1,32,3,1,3,1009,26999,1,1,11,3,4,0,1,5,3,1,0,1,1,False,True,True,False,False,False,True,False,False,False,False,False,False,False,True,False,False,False,True,-1.8531884744878788,-1.230022637754141,-1.3216011591512031,-0.9810141559830953,Young,0.5,Low
33,1,1076,3,3,1,1,70,3,1,1,3348,3164,1,1,11,3,1,0,10,3,3,10,8,9,7,True,False,True,False,True,False,False,False,False,False,False,False,False,False,True,False,False,False,True,-0.42966440714069,-0.6925518579481469,-0.16451140099023315,0.48850772848886465,Middle-Aged,0.9090909090909091,Low
35,0,727,3,3,3,1,41,2,1,3,1281,16900,1,0,18,3,3,2,1,3,3,1,0,0,0,False,False,True,False,True,False,False,False,False,False,True,False,False,False,False,False,False,True,False,-0.2106607044718917,-1.1675206915774712,-1.3216011591512031,-0.9810141559830953,Middle-Aged,0.5,Low
23,0,885,4,3,1,1,58,4,1,1,2819,8544,2,0,16,3,1,1,5,3,4,3,2,0,2,False,True,True,False,False,False,True,False,False,False,False,False,False,False,True,False,False,True,False,-1.5246829204846812,-0.8141089517990964,-0.8073390444129942,-0.6544537372115486,Young,0.5,Low
25,0,810,8,3,4,1,57,4,2,2,4851,15678,0,0,22,4,3,1,4,4,3,3,2,1,2,False,True,False,True,True,False,False,False,False,False,False,False,False,False,False,True,False,True,False,-1.3056792178158831,-0.34718264800868176,-0.9359045730975464,-0.6544537372115486,Young,0.6,Medium
38,0,243,7,4,4,0,46,2,2,4,4028,7791,0,0,20,4,1,0,8,2,3,7,7,0,5,False,True,False,True,False,True,False,False,False,False,False,False,False,False,False,True,False,False,True,0.11784484953130571,-0.5362969925064727,-0.42164245835933756,-0.0013328996684553085,Middle-Aged,0.7777777777777778,Medium
29,0,806,1,4,2,1,76,1,1,4,2720,18959,1,0,18,3,4,1,10,5,3,10,7,2,8,True,False,True,False,True,False,False,False,False,False,False,False,False,False,True,False,False,False,False,-0.8676718124782865,-0.8368578219148696,-0.16451140099023315,0.48850772848886465,Young,0.9090909090909091,Low
48,0,817,2,1,2,1,56,4,2,2,8120,18597,3,0,12,3,4,0,12,3,3,2,2,2,2,False,True,False,True,False,True,False,False,False,False,False,False,False,False,False,True,False,True,False,1.2128633628752972,0.4039896389454843,0.09261965637887129,-0.8177339465973219,Senior,0.15384615384615385,High
27,0,1410,3,1,4,0,71,4,2,4,4647,16673,1,1,20,4,2,2,6,3,3,6,5,0,4,True,False,False,True,False,False,True,False,False,False,False,False,False,False,False,True,False,False,False,-1.0866755151470848,-0.394059107641184,-0.678773515728442,-0.16461310905422863,Young,0.8571428571428571,Medium
37,0,1225,10,2,4,1,80,4,1,4,4680,15232,3,0,17,3,1,0,4,2,3,1,0,0,0,False,True,True,False,True,False,False,False,False,False,False,False,False,False,True,False,False,False,True,0.008342998196906572,-0.3864761509359263,-0.9359045730975464,-0.9810141559830953,Middle-Aged,0.2,Medium
50,0,1207,28,1,4,1,74,4,1,3,3221,3297,1,1,11,3,3,3,20,3,3,20,8,3,8,False,True,True,False,False,False,True,False,False,False,True,False,False,False,False,False,False,True,False,1.4318670655440953,-0.7217347519350478,1.121143885855289,2.1213098223465976,Senior,0.9523809523809523,Low
34,0,1442,9,3,4,0,46,2,3,2,8621,17654,1,0,14,3,2,0,9,3,4,8,7,7,7,False,True,True,False,False,False,True,False,False,False,False,False,False,False,False,False,False,False,True,-0.3201625558062908,0.519112708925306,-0.2930769296747854,0.16194730971731802,Middle-Aged,0.8,High
24,1,693,3,2,1,0,65,3,2,3,4577,24785,9,0,14,3,1,0,4,3,3,2,2,2,0,False,True,False,True,True,False,False,False,False,False,False,False,False,False,False,True,False,False,True,-1.4151810691502822,-0.41014416731900344,-0.9359045730975464,-0.8177339465973219,Young,0.4,Medium
39,0,408,2,4,4,0,80,2,2,3,4553,20978,1,0,11,3,1,0,20,4,3,20,7,11,10,False,True,True,False,False,False,False,False,True,False,False,False,False,False,False,False,False,False,True,0.22734670086570485,-0.41565904492282724,1.121143885855289,2.1213098223465976,Middle-Aged,0.9523809523809523,Medium
32,0,929,10,3,4,1,55,3,2,4,5396,21703,1,0,12,3,4,0,10,2,2,10,7,0,8,False,True,False,True,False,True,False,False,False,False,False,False,False,False,False,True,False,False,True,-0.5391662584750891,-0.2219489690885164,-0.16451140099023315,0.48850772848886465,Middle-Aged,0.9090909090909091,Medium
50,1,562,8,2,2,1,50,3,2,3,6796,23452,3,1,14,3,1,1,18,4,3,4,3,1,3,True,False,False,True,False,False,False,False,True,False,False,False,False,False,False,True,False,True,False,1.4318670655440953,0.0997522244678716,0.8640128284861845,-0.4911735278257753,Senior,0.21052631578947367,High
38,0,827,1,4,2,0,33,4,2,4,7625,19383,0,0,13,3,3,0,10,4,2,9,7,1,8,False,True,True,False,True,False,False,False,False,False,False,False,False,False,False,False,False,False,True,0.11784484953130571,0.2902452883666185,-0.16451140099023315,0.32522751910309133,Middle-Aged,0.8181818181818182,High
27,0,608,1,2,3,0,68,3,3,1,7412,6009,1,0,11,3,4,0,9,3,3,9,7,0,7,False,True,True,False,True,False,False,False,False,False,False,False,True,False,False,False,False,True,False,-1.0866755151470848,0.24130074963268233,-0.2930769296747854,0.32522751910309133,Young,0.9,High
32,0,1018,3,2,3,0,39,3,3,4,11159,19373,3,0,15,3,4,0,10,6,3,7,7,7,7,False,True,True,False,True,False,False,False,False,False,False,False,False,True,False,False,False,False,True,-0.5391662584750891,1.1023110155296723,-0.16451140099023315,-0.0013328996684553085,Middle-Aged,0.6363636363636364,High
47,0,703,14,4,4,1,42,3,2,1,4960,11825,2,0,12,3,4,0,20,2,3,7,7,1,7,False,True,False,True,False,True,False,False,False,False,False,False,False,False,False,True,False,False,True,1.103361511540898,-0.3221359122246487,1.121143885855289,-0.0013328996684553085,Senior,0.3333333333333333,Medium
40,0,580,5,4,4,1,48,2,3,1,10475,23772,5,1,21,4,3,1,20,2,3,18,13,1,12,True,False,False,True,True,False,False,False,False,False,False,False,False,False,False,True,False,True,False,0.33684855220010396,0.9451370038206941,1.121143885855289,1.794749403575051,Middle-Aged,0.8571428571428571,High
53,0,970,7,3,3,1,59,4,4,3,14814,13514,3,0,19,3,3,0,32,3,3,5,1,1,3,False,True,True,False,True,False,False,False,False,False,False,False,False,True,False,False,False,True,False,1.7603726195472926,1.942180917278671,2.6639302300699153,-0.32789331844000197,Senior,0.15151515151515152,High
41,0,427,10,4,2,1,73,2,5,4,16581,8861,3,0,15,3,2,3,23,2,2,21,6,12,6,False,True,False,False,False,False,False,False,False,False,False,True,False,False,False,False,False,False,False,0.4463504035345031,2.3482137808601977,1.5068404719089457,2.284590031732371,Middle-Aged,0.875,High
60,0,1179,16,4,1,1,84,3,2,1,5405,11924,8,0,14,3,4,0,10,1,3,2,2,2,2,False,True,False,True,False,True,False,False,False,False,False,False,False,False,False,True,False,False,True,2.526885578888087,-0.2198808899870825,-0.16451140099023315,-0.8177339465973219,Senior,0.18181818181818182,Medium
27,0,294,10,2,4,1,32,3,3,1,8793,4809,1,0,21,4,3,2,9,4,2,9,7,1,7,True,False,True,False,True,False,False,False,False,False,False,False,True,False,False,False,False,False,False,-1.0866755151470848,0.5586359984193765,-0.2930769296747854,0.32522751910309133,Young,0.9,High
41,0,314,1,3,4,1,59,2,5,3,16581,19562,1,0,12,3,2,1,22,3,3,22,7,2,10,False,True,False,False,False,False,False,False,False,False,False,True,False,False,False,False,False,True,False,0.4463504035345031,2.3482137808601977,1.3782749432243935,2.4478702411181446,Middle-Aged,0.9565217391304348,High
50,0,316,8,4,4,1,54,3,1,2,3875,9983,7,0,15,3,4,1,4,2,3,2,2,2,2,False,True,False,True,False,True,False,False,False,False,False,False,False,False,False,False,True,True,False,1.4318670655440953,-0.5714543372308494,-0.9359045730975464,-0.8177339465973219,Senior,0.4,Medium
28,1,654,1,2,1,0,67,1,1,2,2216,3872,7,1,13,3,4,0,10,4,3,7,7,3,7,False,True,True,False,True,False,False,False,False,False,False,False,False,False,True,False,False,False,True,-0.9771736638126857,-0.9526702515951693,-0.16451140099023315,-0.0013328996684553085,Young,0.6363636363636364,Low
36,0,427,8,3,1,0,63,4,3,1,11713,20335,9,0,14,3,1,1,10,2,3,8,7,0,5,False,False,True,False,True,False,False,False,False,False,False,False,False,True,False,False,False,True,False,-0.10115885313749257,1.2296127735512716,-0.16451140099023315,0.16194730971731802,Middle-Aged,0.7272727272727273,High
38,0,168,1,3,3,0,81,3,3,3,7861,15397,4,1,14,3,4,0,10,4,4,1,0,0,0,False,True,True,False,True,False,False,False,False,False,False,False,True,False,False,False,False,False,True,0.11784484953130571,0.3444749181375525,-0.16451140099023315,-0.9810141559830953,Middle-Aged,0.09090909090909091,High
44,0,381,24,3,1,1,49,1,1,3,3708,2104,2,0,14,3,3,0,9,5,3,5,2,1,4,False,False,True,False,False,False,True,False,False,False,True,False,False,False,False,False,False,False,True,0.7748559575377005,-0.60982869389079,-0.2930769296747854,-0.32789331844000197,Middle-Aged,0.5,Medium
47,0,217,3,3,4,0,49,3,4,3,13770,10225,9,1,12,3,4,2,28,2,2,22,2,11,13,True,False,False,True,False,False,True,False,False,False,False,False,False,False,False,True,False,False,False,1.103361511540898,1.702283741512336,2.1496681153317065,2.4478702411181446,Senior,0.7586206896551724,High
30,0,501,27,5,3,1,99,3,2,4,5304,25275,7,0,23,4,4,1,10,2,2,8,7,7,7,False,True,False,True,False,True,False,False,False,False,False,False,False,False,False,True,False,False,False,-0.7581699611438873,-0.24308933323650764,-0.16451140099023315,0.16194730971731802,Young,0.7272727272727273,Medium
29,0,1396,10,3,3,1,99,3,1,3,2642,2755,1,0,11,3,3,0,1,6,3,1,0,0,0,False,True,False,True,True,False,False,False,False,False,False,False,False,False,False,False,True,False,True,-0.8676718124782865,-0.8547811741272968,-1.3216011591512031,-0.9810141559830953,Young,0.5,Low
42,1,933,19,3,3,1,57,4,1,3,2759,20366,6,1,12,3,4,0,7,2,3,2,2,2,2,True,False,True,False,False,False,True,False,False,False,False,False,False,False,True,False,False,False,False,0.5558522548689022,-0.8278961458086559,-0.5502079870438897,-0.8177339465973219,Middle-Aged,0.25,Low
43,0,775,15,3,4,1,47,2,2,4,6804,23683,3,0,18,3,3,1,7,5,3,2,2,2,2,True,False,False,True,True,False,False,False,False,False,False,False,False,False,False,True,False,True,False,0.6653541062033014,0.10159051700247954,-0.5502079870438897,-0.8177339465973219,Middle-Aged,0.25,High
34,0,970,8,2,2,0,96,3,2,3,6142,7360,3,0,11,3,4,0,10,2,3,5,1,4,3,False,True,True,False,False,False,True,False,False,False,False,False,False,False,False,False,False,False,True,-0.3201625558062908,-0.0505281902363268,-0.16451140099023315,-0.32789331844000197,Middle-Aged,0.45454545454545453,Medium
23,0,650,9,1,2,1,37,3,1,1,2500,4344,1,0,14,3,4,1,5,2,4,4,3,0,2,False,True,True,False,False,False,True,False,False,False,True,False,False,False,False,False,False,True,False,-1.5246829204846812,-0.8874108666165876,-0.8073390444129942,-0.4911735278257753,Young,0.6666666666666666,Low
39,0,141,3,3,3,0,44,4,2,2,6389,18767,9,0,15,3,3,1,12,3,1,8,3,3,6,False,True,False,False,False,False,False,False,False,True,False,False,False,False,False,False,False,True,False,0.22734670086570485,0.006229091769693089,0.09261965637887129,0.16194730971731802,Middle-Aged,0.6153846153846154,Medium
56,0,832,9,3,3,1,81,3,4,4,11103,20420,7,0,11,3,3,0,30,1,2,10,7,1,1,False,True,True,False,False,False,True,False,False,False,False,False,False,False,False,False,False,True,False,2.08887817355049,1.0894429677874167,2.406799172700811,0.48850772848886465,Senior,0.3225806451612903,High
40,0,804,2,1,4,0,86,2,1,4,2342,22929,0,1,20,4,4,0,5,2,2,4,2,2,3,False,True,True,False,False,False,True,False,False,False,False,False,False,False,True,False,False,False,True,0.33684855220010396,-0.9237171441750943,-0.8073390444129942,-0.4911735278257753,Middle-Aged,0.6666666666666666,Low
27,0,975,7,3,4,0,55,2,2,1,6811,23398,8,0,19,3,1,0,9,2,1,7,6,0,7,False,True,True,False,False,False,True,False,False,False,False,False,False,False,False,False,False,False,True,-1.0866755151470848,0.10319902297026148,-0.2930769296747854,-0.0013328996684553085,Young,0.7,High
29,0,1090,10,3,4,1,83,3,1,2,2297,17967,1,0,14,3,4,2,2,2,3,2,2,2,2,False,True,False,True,False,True,False,False,False,False,False,False,False,False,False,False,True,False,False,-0.8676718124782865,-0.9340575396822639,-1.193035630466651,-0.8177339465973219,Young,0.6666666666666666,Low
53,0,346,6,3,4,1,86,3,2,4,2450,10919,2,0,17,3,4,0,19,4,3,2,2,2,2,False,True,True,False,True,False,False,False,False,False,True,False,False,False,False,False,False,False,True,1.7603726195472926,-0.8989001949578872,0.9925783571707368,-0.8177339465973219,Senior,0.1,Low
35,0,1225,2,4,4,0,61,3,2,1,5093,4761,2,0,11,3,1,1,16,2,4,1,0,0,0,False,False,True,False,True,False,False,False,False,False,False,False,False,False,False,False,False,False,False,-0.2106607044718917,-0.2915742988367918,0.6068817711170802,-0.9810141559830953,Middle-Aged,0.058823529411764705,Medium
32,0,430,24,4,1,1,80,3,2,4,5309,21146,1,0,15,3,4,2,10,2,3,10,8,4,7,True,False,True,False,True,False,False,False,False,False,True,False,False,False,False,False,False,True,False,-0.5391662584750891,-0.2419404004023777,-0.16451140099023315,0.48850772848886465,Middle-Aged,0.9090909090909091,Medium
38,0,268,2,5,4,1,92,3,1,3,3057,20471,6,1,13,3,2,1,6,0,1,1,0,0,1,False,True,True,False,False,False,True,False,False,False,False,False,False,False,True,False,False,True,False,0.11784484953130571,-0.7594197488945105,-0.678773515728442,-0.9810141559830953,Middle-Aged,0.14285714285714285,Low
34,0,167,8,5,2,0,32,3,2,1,5121,4187,3,0,14,3,3,1,7,3,3,0,0,0,0,False,True,True,False,True,False,False,False,False,False,False,False,True,False,False,False,False,False,False,-0.3201625558062908,-0.2851402749656641,-0.5502079870438897,-1.1442943653688686,Middle-Aged,0.0,Medium
52,0,621,3,4,3,1,31,2,4,1,16581,10084,1,0,11,3,1,0,34,3,4,34,6,1,16,False,True,False,True,False,True,False,False,False,False,False,True,False,False,False,False,False,True,False,1.6508707682128936,2.3482137808601977,2.9210612874390196,4.407232753747424,Senior,0.9714285714285714,High
33,1,527,1,4,4,1,63,3,1,4,2686,5207,1,1,13,3,3,0,10,2,2,10,9,7,8,False,True,True,False,False,False,False,True,False,False,False,False,False,False,True,False,False,False,True,-0.42966440714069,-0.8446705651869533,-0.16451140099023315,0.48850772848886465,Middle-Aged,0.9090909090909091,Low
25,0,883,26,1,3,0,32,3,2,4,6180,22807,1,0,23,4,2,0,6,5,2,6,5,1,4,False,True,False,True,False,False,True,False,False,False,False,False,False,False,False,True,False,False,True,-1.3056792178158831,-0.041796300696939126,-0.678773515728442,-0.16461310905422863,Young,0.8571428571428571,Medium
45,0,954,2,2,2,1,46,1,2,3,6632,12388,0,0,13,3,1,0,9,3,3,8,7,3,1,False,True,False,True,False,False,False,False,True,False,False,False,False,False,False,False,True,False,True,0.8843578088720997,0.06206722750840901,-0.2930769296747854,0.16194730971731802,Middle-Aged,0.8,High
23,0,310,10,1,1,1,79,4,1,3,3505,19630,1,0,18,3,4,0,2,3,3,2,2,0,2,False,True,True,False,False,False,True,False,False,False,False,False,False,False,True,False,False,False,True,-1.5246829204846812,-0.6564753669564662,-1.193035630466651,-0.8177339465973219,Young,0.6666666666666666,Low
47,1,719,27,2,2,0,77,4,2,3,6397,10339,4,1,12,3,4,0,8,2,3,5,4,1,3,True,False,False,True,True,False,False,False,False,False,False,False,False,False,False,True,False,False,True,1.103361511540898,0.00806738430430102,-0.42164245835933756,-0.32789331844000197,Senior,0.5555555555555556,Medium
34,0,304,2,3,4,1,60,3,2,4,6274,18686,1,0,22,4,3,0,6,5,3,6,5,1,4,False,True,False,True,False,False,False,True,False,False,False,False,False,False,False,True,False,False,True,-0.3201625558062908,-0.020196363415295928,-0.678773515728442,-0.16461310905422863,Middle-Aged,0.8571428571428571,Medium
55,1,725,2,3,4,1,78,3,5,1,16581,21199,5,1,13,3,4,1,24,2,3,5,2,1,4,False,True,True,False,False,False,True,False,False,False,False,True,False,False,False,False,False,True,False,1.979376322216091,2.3482137808601977,1.6354060005934978,-0.32789331844000197,Senior,0.2,High
36,0,1434,8,4,1,1,76,2,3,1,7587,14229,1,0,15,3,2,0,10,1,3,10,7,0,9,False,False,False,True,True,False,False,False,False,False,False,False,False,False,False,True,False,False,True,-0.10115885313749257,0.28151339882723087,-0.16451140099023315,0.48850772848886465,Middle-Aged,0.9090909090909091,High
52,0,715,19,4,4,1,41,3,1,4,4258,26589,0,0,18,3,1,1,5,3,3,4,3,1,2,False,False,True,False,False,False,True,False,False,False,False,False,False,False,True,False,False,True,False,1.6508707682128936,-0.4834460821364947,-0.8073390444129942,-0.4911735278257753,Senior,0.6666666666666666,Medium
26,0,575,1,2,1,0,71,1,1,4,4364,5288,3,0,14,3,1,1,5,2,3,2,2,2,0,True,False,True,False,True,False,False,False,False,False,True,False,False,False,False,False,False,False,False,-1.1961773664814839,-0.4590887060529396,-0.8073390444129942,-0.8177339465973219,Young,0.3333333333333333,Medium
29,0,657,27,3,2,0,66,3,2,3,4335,25549,4,0,12,3,1,1,11,3,2,8,7,1,1,False,True,True,False,False,False,True,False,False,False,False,False,False,False,False,False,False,True,False,-0.8676718124782865,-0.46575251649089333,-0.03594587230568093,0.16194730971731802,Young,0.6666666666666666,Medium
26,1,1146,8,3,4,1,38,2,2,1,5326,3064,6,0,17,3,3,0,6,2,2,4,3,1,2,False,True,False,True,False,False,False,False,True,False,False,False,False,False,False,True,False,False,True,-1.1961773664814839,-0.2380340287663358,-0.678773515728442,-0.4911735278257753,Young,0.5714285714285714,Medium
34,0,182,1,4,2,0,72,4,1,4,3280,13551,2,0,16,3,3,0,10,2,3,4,2,1,3,False,True,True,False,True,False,False,False,False,False,False,False,False,False,True,False,False,False,True,-0.3201625558062908,-0.7081773444923143,-0.16451140099023315,-0.4911735278257753,Middle-Aged,0.36363636363636365,Low
54,0,376,19,4,4,0,95,3,2,1,5485,22670,9,1,11,3,2,2,9,4,3,5,3,1,4,False,True,True,False,False,False,True,False,False,False,False,False,True,False,False,False,False,False,False,1.869874470881692,-0.20149796464100317,-0.2930769296747854,-0.32789331844000197,Senior,0.5,Medium
27,0,829,8,1,3,1,84,3,2,4,4342,24008,0,0,19,3,2,1,5,3,3,4,2,1,1,True,False,False,True,False,True,False,False,False,False,False,False,False,False,False,True,False,True,False,-1.0866755151470848,-0.4641440105231114,-0.8073390444129942,-0.4911735278257753,Young,0.6666666666666666,Medium
37,0,571,10,1,4,0,82,3,1,1,2782,19905,0,1,13,3,2,2,6,3,2,5,3,4,3,False,True,True,False,True,False,False,False,False,False,False,False,False,False,True,False,False,False,False,0.008342998196906572,-0.8226110547716581,-0.678773515728442,-0.32789331844000197,Middle-Aged,0.7142857142857143,Low
38,0,240,2,4,1,0,75,4,2,1,5980,26085,6,1,12,3,4,0,17,2,3,15,7,4,12,True,False,True,False,True,False,False,False,False,False,False,False,True,False,False,False,False,False,True,0.11784484953130571,-0.08775361406213741,0.7354472998016324,1.3049087754177313,Middle-Aged,0.8333333333333334,Medium
34,0,121,2,4,3,0,86,2,1,1,4381,7530,1,0,11,3,3,0,6,3,3,6,5,1,3,False,True,True,False,False,False,True,False,False,False,False,False,False,False,True,False,False,False,True,-0.3201625558062908,-0.45518233441689776,-0.678773515728442,-0.16461310905422863,Middle-Aged,0.8571428571428571,Medium
35,0,384,8,4,1,0,72,3,1,4,2572,20317,1,0,16,3,2,1,3,1,2,3,2,0,2,False,True,False,True,True,False,False,False,False,False,False,False,False,False,False,False,True,True,False,-0.2106607044718917,-0.8708662338051163,-1.0644701017820986,-0.6544537372115486,Middle-Aged,0.75,Low
30,0,921,1,3,4,1,38,1,1,3,3833,24375,3,0,21,4,3,2,7,2,3,2,2,0,2,False,True,True,False,True,False,False,False,False,False,True,False,False,False,False,False,False,True,False,-0.7581699611438873,-0.5811053730375411,-0.5502079870438897,-0.8177339465973219,Young,0.25,Medium
40,0,791,2,2,3,0,38,4,2,2,4244,9931,1,0,24,4,4,1,8,2,3,8,7,3,7,True,False,True,False,False,False,True,False,False,False,False,False,False,False,False,False,False,True,False,0.33684855220010396,-0.48666309407205854,-0.42164245835933756,0.16194730971731802,Middle-Aged,0.8888888888888888,Medium
34,0,1111,8,2,3,0,93,3,2,1,6500,13305,5,0,17,3,2,1,6,1,3,3,2,1,2,False,True,False,True,True,False,False,False,False,False,False,False,False,False,False,True,False,True,False,-0.3201625558062908,0.03173540068737814,-0.678773515728442,-0.6544537372115486,Middle-Aged,0.42857142857142855,Medium
42,0,570,8,3,2,1,66,3,5,4,16581,16225,1,0,13,3,2,1,24,4,2,24,7,14,9,True,False,True,False,True,False,False,False,False,False,False,True,False,False,False,False,False,False,False,0.5558522548689022,2.3482137808601977,1.6354060005934978,2.774430659889691,Middle-Aged,0.96,High
23,1,1243,6,3,3,1,63,4,1,1,1601,3445,1,1,21,4,3,2,1,2,3,0,0,0,0,False,True,True,False,True,False,False,False,False,False,True,False,False,False,False,False,False,True,False,-1.5246829204846812,-1.0939889901931539,-1.3216011591512031,-1.1442943653688686,Young,0.0,Low
24,0,1092,9,3,3,1,60,2,1,2,2694,26551,1,0,11,3,3,3,1,4,3,1,0,0,0,False,False,True,False,True,False,False,False,False,False,True,False,False,False,False,False,False,False,False,-1.4151810691502822,-0.8428322726523453,-1.3216011591512031,-0.9810141559830953,Young,0.5,Low
52,0,1325,11,4,4,0,82,3,2,3,3149,21821,8,0,20,4,2,1,9,3,3,5,2,1,4,False,True,True,False,True,False,False,False,False,False,True,False,False,False,False,False,False,True,False,1.6508707682128936,-0.7382793847465192,-0.2930769296747854,-0.32789331844000197,Senior,0.5,Low
50,0,691,2,3,3,1,64,3,4,3,16581,6881,5,0,16,3,4,0,30,3,3,4,3,0,3,False,True,True,False,False,False,True,False,False,False,False,False,False,True,False,False,False,True,False,1.4318670655440953,2.3482137808601977,2.406799172700811,-0.4911735278257753,Senior,0.12903225806451613,High
29,1,805,1,2,2,0,36,2,1,1,2319,6689,1,1,11,3,4,1,1,1,3,1,0,0,0,False,True,True,False,True,False,False,False,False,False,True,False,False,False,False,False,False,True,False,-0.8676718124782865,-0.9290022352120921,-1.3216011591512031,-0.9810141559830953,Young,0.5,Low
33,0,213,7,3,3,1,49,3,3,3,11691,25995,0,0,11,3,4,0,14,3,4,13,9,3,7,False,True,True,False,False,False,True,False,False,False,False,False,False,True,False,False,False,True,False,-0.42966440714069,1.2245574690810999,0.34975071374797573,0.9783483566461847,Middle-Aged,0.8666666666666667,High
33,1,118,16,3,1,0,69,3,2,1,5324,26507,5,0,15,3,3,0,6,3,3,3,2,0,2,False,True,False,True,False,True,False,False,False,False,False,False,False,False,False,True,False,False,True,-0.42966440714069,-0.2384936018999878,-0.678773515728442,-0.6544537372115486,Middle-Aged,0.42857142857142855,Medium
47,0,202,2,2,3,0,33,3,4,4,16581,12982,1,1,11,3,3,1,26,3,2,26,14,3,0,False,True,True,False,False,False,False,True,False,False,False,True,False,False,False,False,False,True,False,1.103361511540898,2.3482137808601977,1.8925370579626022,3.1009910786612376,Senior,0.9629629629629629,High
36,0,676,1,3,3,0,35,3,2,2,5228,23361,0,0,15,3,1,1,10,2,3,9,7,0,5,False,True,True,False,False,False,False,True,False,False,False,False,True,False,False,False,False,True,False,-0.10115885313749257,-0.260553112315283,-0.16451140099023315,0.32522751910309133,Middle-Aged,0.8181818181818182,Medium
29,0,1252,23,2,3,1,81,4,1,3,2700,23779,1,0,24,4,3,1,10,3,3,10,7,0,7,False,True,True,False,True,False,False,False,False,False,False,False,False,False,True,False,False,True,False,-0.8676718124782865,-0.8414535532513894,-0.16451140099023315,0.48850772848886465,Young,0.9090909090909091,Low
58,1,286,2,4,4,1,31,3,5,2,16581,25761,7,1,12,3,4,0,40,2,3,31,15,13,8,False,True,True,False,True,False,False,False,False,False,False,False,False,True,False,False,False,False,True,2.3078818762192883,2.3482137808601977,3.692454459546333,3.9173921255901045,Senior,0.7560975609756098,High
35,0,1258,1,4,4,0,40,4,1,3,2506,13301,3,0,13,3,3,0,7,0,3,2,2,2,2,False,True,True,False,True,False,False,False,False,False,False,False,False,False,True,False,False,False,True,-0.2106607044718917,-0.8860321472156317,-0.5502079870438897,-0.8177339465973219,Middle-Aged,0.25,Low
42,0,932,1,2,4,0,43,2,2,4,6062,4051,9,1,13,3,4,1,8,4,3,4,3,0,2,False,True,True,False,True,False,False,False,False,False,False,False,True,False,False,False,False,True,False,0.5558522548689022,-0.06891111558240612,-0.42164245835933756,-0.4911735278257753,Middle-Aged,0.4444444444444444,Medium
28,1,890,2,4,3,1,46,3,1,3,4382,16374,6,0,17,3,4,0,5,3,2,2,2,2,1,False,True,True,False,False,False,True,False,False,False,False,False,False,False,True,False,False,False,True,-0.9771736638126857,-0.4549525478500718,-0.8073390444129942,-0.8177339465973219,Young,0.3333333333333333,Medium
36,0,1041,13,3,3,1,36,3,1,2,2143,25527,4,0,13,3,2,1,8,2,3,5,2,0,4,False,True,False,False,False,False,False,False,False,True,False,False,False,False,False,False,False,True,False,-0.10115885313749257,-0.9694446709734666,-0.42164245835933756,-0.32789331844000197,Middle-Aged,0.5555555555555556,Low
32,0,859,4,3,3,0,98,2,2,3,6162,19124,1,0,12,3,3,1,14,3,3,14,13,6,8,False,True,True,False,True,False,False,False,False,False,False,False,True,False,False,False,False,True,False,-0.5391662584750891,-0.04593245889980697,0.34975071374797573,1.141628566031958,Middle-Aged,0.9333333333333333,Medium
40,0,720,16,4,1,1,51,2,2,3,5094,11983,6,0,14,3,4,0,10,6,3,1,0,0,0,True,False,True,False,False,False,True,False,False,False,True,False,False,False,False,False,False,False,True,0.33684855220010396,-0.2913445122699658,-0.16451140099023315,-0.9810141559830953,Middle-Aged,0.09090909090909091,Medium
30,0,946,2,3,3,0,52,2,2,4,6877,20234,5,1,24,4,2,0,12,4,2,0,0,0,0,False,True,True,False,False,False,True,False,False,False,False,False,True,False,False,False,False,False,True,-0.7581699611438873,0.11836493638077691,0.09261965637887129,-1.1442943653688686,Young,0.0,High
45,0,252,2,3,2,0,95,2,1,3,2274,6153,1,0,14,3,4,0,1,3,3,1,0,0,0,False,True,True,False,True,False,False,False,False,False,False,False,False,False,True,False,False,False,True,0.8843578088720997,-0.9393426307192617,-1.3216011591512031,-0.9810141559830953,Middle-Aged,0.5,Low
42,0,933,29,3,2,1,98,3,2,2,4434,11806,1,0,13,3,4,1,10,3,2,9,8,7,8,False,True,True,False,True,False,False,False,False,False,False,False,True,False,False,False,False,True,False,0.5558522548689022,-0.4430036463751202,-0.16451140099023315,0.32522751910309133,Middle-Aged,0.8181818181818182,Medium
38,0,471,12,3,1,1,45,2,2,1,6288,4284,2,0,15,3,3,1,13,3,2,4,3,1,2,True,False,True,False,True,False,False,False,False,False,False,False,False,False,False,False,False,False,False,0.11784484953130571,-0.016979351479732046,0.2211851850634235,-0.4911735278257753,Middle-Aged,0.2857142857142857,Medium
34,0,702,16,4,3,0,100,2,1,4,2553,8306,1,0,16,3,3,0,6,3,3,5,2,1,3,True,False,True,False,True,False,False,False,False,False,False,False,False,False,True,False,False,False,True,-0.3201625558062908,-0.8752321785748101,-0.678773515728442,-0.32789331844000197,Middle-Aged,0.7142857142857143,Low
49,1,1184,11,3,3,0,43,3,3,4,7654,5860,1,0,18,3,1,2,9,3,4,9,8,7,7,False,True,False,True,False,True,False,False,False,False,False,False,False,False,False,True,False,True,False,1.3223652142096962,0.2969090988045723,-0.2930769296747854,0.32522751910309133,Senior,0.9,High
55,1,436,2,1,3,1,37,3,2,4,5160,21519,4,0,16,3,3,0,12,3,2,9,7,7,3,False,True,False,True,False,False,True,False,False,False,False,False,False,False,False,True,False,False,True,1.979376322216091,-0.2761785988594504,0.09261965637887129,0.32522751910309133,Senior,0.6923076923076923,Medium
43,0,589,14,2,2,1,94,3,4,1,16581,5200,6,0,24,4,3,1,22,3,3,4,1,1,0,False,True,True,False,True,False,False,False,False,False,False,False,False,True,False,False,False,True,False,0.6653541062033014,2.3482137808601977,1.3782749432243935,-0.4911735278257753,Middle-Aged,0.17391304347826086,High
27,0,269,5,1,3,1,42,2,3,4,12808,8842,1,1,16,3,2,1,9,3,3,9,8,0,8,False,True,True,False,False,False,False,False,True,False,False,False,False,True,False,False,False,False,False,-1.0866755151470848,1.4812290642257322,-0.2930769296747854,0.32522751910309133,Young,0.9,High
35,0,950,7,3,3,1,59,3,3,3,10221,18869,3,0,21,4,2,0,17,3,4,8,5,1,6,False,True,True,False,False,False,False,True,False,False,False,False,True,False,False,False,False,False,True,-0.2106607044718917,0.8867712158468923,0.7354472998016324,0.16194730971731802,Middle-Aged,0.4444444444444444,High
28,0,760,2,4,2,0,81,3,2,2,4779,3698,1,1,20,4,1,0,8,2,3,8,7,7,5,False,True,False,True,False,True,False,False,False,False,False,False,False,False,False,True,False,True,False,-0.9771736638126857,-0.36372728082015315,-0.42164245835933756,0.16194730971731802,Young,0.8888888888888888,Medium
34,0,829,3,2,3,1,88,3,1,4,3737,2243,0,0,19,3,3,1,4,1,1,3,2,0,2,False,True,False,False,False,False,False,False,False,True,False,False,False,False,False,False,False,True,False,-0.3201625558062908,-0.6031648834528363,-0.9359045730975464,-0.6544537372115486,Middle-Aged,0.6,Medium
26,1,887,5,2,3,0,88,2,1,3,2366,20898,1,1,14,3,1,1,8,2,3,8,7,1,7,True,False,True,False,False,False,True,False,False,False,False,False,False,False,True,False,False,True,False,-1.1961773664814839,-0.9182022665712705,-0.42164245835933756,0.16194730971731802,Young,0.8888888888888888,Low
27,0,443,3,3,4,1,50,3,1,4,1706,16571,1,0,11,3,3,3,0,6,2,0,0,0,0,False,False,True,False,False,False,True,False,False,False,False,False,False,False,True,False,False,True,False,-1.0866755151470848,-1.0698614006764249,-1.4501666878357553,-1.1442943653688686,Young,0.0,Low
51,0,1318,26,4,1,0,66,3,4,3,16307,5594,2,0,14,3,3,1,29,2,2,20,6,4,17,False,True,False,True,False,True,False,False,False,False,False,True,False,False,False,False,False,True,False,1.5413689168784945,2.2852522615498763,2.2782336440162587,2.1213098223465976,Senior,0.6666666666666666,High
44,0,625,4,3,4,1,50,3,2,2,5933,5197,9,0,12,3,4,0,10,2,2,5,2,2,3,False,True,True,False,False,False,True,False,False,False,False,False,False,False,False,False,False,False,True,0.7748559575377005,-0.09855358270295901,-0.16451140099023315,-0.32789331844000197,Middle-Aged,0.45454545454545453,Medium
25,0,180,2,1,1,1,65,4,1,1,3424,21632,7,0,13,3,3,0,6,3,2,4,3,0,1,False,True,True,False,False,False,True,False,False,False,False,False,False,False,True,False,False,False,True,-1.3056792178158831,-0.6750880788693716,-0.678773515728442,-0.4911735278257753,Young,0.5714285714285714,Low
33,0,586,1,3,1,1,48,4,2,1,4037,21816,1,0,22,4,1,1,9,5,3,9,8,0,8,False,True,False,True,False,False,True,False,False,False,False,False,False,False,False,True,False,False,False,-0.42966440714069,-0.5342289134050388,-0.2930769296747854,0.32522751910309133,Middle-Aged,0.9,Medium
35,0,1343,27,1,3,0,53,2,1,1,2559,17852,1,0,11,3,4,0,6,3,2,6,5,1,1,False,True,True,False,False,False,True,False,False,False,False,False,False,False,True,False,False,False,True,-0.2106607044718917,-0.8738534591738542,-0.678773515728442,-0.16461310905422863,Middle-Aged,0.8571428571428571,Low
36,0,928,1,2,2,1,56,3,2,4,6201,2823,1,1,14,3,4,1,18,1,2,18,14,4,11,False,True,False,True,True,False,False,False,False,False,False,False,False,False,False,True,False,True,False,-0.10115885313749257,-0.0369707827935933,0.8640128284861845,1.794749403575051,Middle-Aged,0.9473684210526315,Medium
32,0,117,13,4,2,1,73,3,2,4,4403,9250,2,0,11,3,3,1,8,3,2,5,2,0,3,False,True,False,True,True,False,False,False,False,False,False,False,False,False,False,True,False,False,False,-0.5391662584750891,-0.45012702994672593,-0.42164245835933756,-0.32789331844000197,Middle-Aged,0.5555555555555556,Medium
30,0,1012,5,4,2,1,75,2,1,4,3761,2373,9,0,12,3,2,1,10,3,2,5,4,0,3,True,False,True,False,True,False,False,False,False,False,False,False,False,False,True,False,False,False,False,-0.7581699611438873,-0.5976500058490124,-0.16451140099023315,-0.32789331844000197,Young,0.45454545454545453,Medium
53,0,661,7,2,1,0,78,2,3,4,10934,20715,7,1,18,3,4,1,35,3,3,5,2,0,4,False,True,False,True,False,True,False,False,False,False,False,False,False,False,False,True,False,True,False,1.7603726195472926,1.0506090379938242,3.049626816123572,-0.32789331844000197,Senior,0.1388888888888889,High
45,0,930,9,3,4,1,74,3,3,1,10761,19239,4,1,12,3,3,1,18,2,3,5,4,0,2,False,True,False,True,False,True,False,False,False,False,False,False,False,False,False,True,False,False,False,0.8843578088720997,1.0108559619329276,0.8640128284861845,-0.32789331844000197,Middle-Aged,0.2631578947368421,High
32,0,638,8,2,3,0,91,4,2,3,5175,22162,5,0,12,3,3,1,9,3,2,5,3,1,3,False,True,True,False,False,False,True,False,False,False,False,False,False,False,True,False,False,True,False,-0.5391662584750891,-0.2727318003570605,-0.2930769296747854,-0.32789331844000197,Middle-Aged,0.5,Medium
52,0,890,25,4,3,0,81,2,4,4,13826,19028,3,0,22,4,3,0,31,3,3,9,8,0,0,True,False,True,False,False,False,True,False,False,False,False,False,True,False,False,False,False,True,False,1.6508707682128936,1.7151517892545916,2.535364701385363,0.32522751910309133,Senior,0.28125,High
37,0,342,16,4,4,1,66,2,2,3,6334,24558,4,0,19,3,4,2,9,2,3,1,0,0,0,False,True,False,True,False,True,False,False,False,False,False,False,False,False,False,True,False,False,False,0.008342998196906572,-0.006409169405736441,-0.2930769296747854,-0.9810141559830953,Middle-Aged,0.1,Medium
28,0,1169,8,2,2,1,63,2,1,4,4936,23965,1,0,13,3,4,1,6,6,3,5,1,0,4,False,True,False,False,False,False,True,False,False,True,False,False,False,False,False,False,False,False,False,-0.9771736638126857,-0.3276507898284725,-0.678773515728442,-0.32789331844000197,Young,0.7142857142857143,Medium
22,0,1230,1,2,4,1,33,2,2,4,4775,19146,6,0,22,4,1,2,4,2,1,2,2,2,2,False,True,True,False,True,False,False,False,False,False,False,False,True,False,False,False,False,True,False,-1.6341847718190805,-0.3646464270874571,-0.9359045730975464,-0.8177339465973219,Young,0.4,Medium
44,0,986,8,4,1,1,62,4,1,4,2818,5044,2,1,24,4,3,1,10,2,2,3,2,0,2,False,True,True,False,True,False,False,False,False,False,True,False,False,False,False,False,False,True,False,0.7748559575377005,-0.8143387383659224,-0.16451140099023315,-0.6544537372115486,Middle-Aged,0.2727272727272727,Low
42,0,1271,2,1,2,1,35,3,1,4,2515,9068,5,1,14,3,4,0,8,2,3,2,1,2,2,True,False,True,False,False,False,True,False,False,False,False,False,False,False,True,False,False,False,True,0.5558522548689022,-0.8839640681141978,-0.42164245835933756,-0.8177339465973219,Middle-Aged,0.2222222222222222,Low
36,0,1278,8,3,1,1,77,2,1,1,2342,8635,0,0,21,4,3,0,6,3,3,5,4,0,3,False,True,False,False,True,False,False,False,False,True,False,False,False,False,False,False,False,True,False,-0.10115885313749257,-0.9237171441750943,-0.678773515728442,-0.32789331844000197,Middle-Aged,0.7142857142857143,Low
25,0,141,3,1,3,1,98,3,2,1,4194,14363,1,1,18,3,4,0,5,3,3,5,3,0,3,False,True,False,True,False,False,False,True,False,False,False,False,False,False,False,True,False,True,False,-1.3056792178158831,-0.49815242241335816,-0.8073390444129942,-0.32789331844000197,Young,0.8333333333333334,Medium
35,0,607,9,3,4,0,66,2,3,3,10685,23457,1,1,20,4,2,1,17,2,3,17,14,5,15,False,True,True,False,True,False,False,False,False,False,False,False,True,False,False,False,False,True,False,-0.2106607044718917,0.9933921828541523,0.7354472998016324,1.6314691941892778,Middle-Aged,0.9444444444444444,High
35,1,130,25,4,4,0,96,3,1,2,2022,16612,1,1,19,3,1,1,10,3,2,10,2,7,8,True,False,True,False,True,False,False,False,False,False,False,False,False,False,True,False,False,False,False,-0.2106607044718917,-0.9972488455594116,-0.16451140099023315,0.48850772848886465,Middle-Aged,0.9090909090909091,Low
32,0,300,1,3,4,1,61,3,1,4,2314,9148,0,0,12,3,2,1,4,2,3,3,0,0,2,False,False,True,False,True,False,False,False,False,False,True,False,False,False,False,False,False,False,False,-0.5391662584750891,-0.9301511680462221,-0.9359045730975464,-0.6544537372115486,Middle-Aged,0.6,Low
25,0,583,4,1,3,1,87,2,2,1,4256,18154,1,0,12,3,1,0,5,1,4,5,2,0,3,False,True,False,True,False,True,False,False,False,False,False,False,False,False,False,True,False,True,False,-1.3056792178158831,-0.4839056552701467,-0.8073390444129942,-0.32789331844000197,Young,0.8333333333333334,Medium
49,0,1418,1,3,3,0,36,3,1,1,3580,10554,2,0,16,3,2,1,7,2,3,4,2,0,2,False,True,True,False,False,False,False,False,True,False,False,False,False,False,True,False,False,True,False,1.3223652142096962,-0.6392413744445169,-0.5502079870438897,-0.4911735278257753,Senior,0.5,Low
24,0,1269,4,1,1,1,46,2,1,4,3162,10778,0,0,17,3,4,0,6,2,2,5,2,3,4,False,False,True,False,True,False,False,False,False,False,True,False,False,False,False,False,False,True,False,-1.4151810691502822,-0.7352921593777814,-0.678773515728442,-0.32789331844000197,Young,0.7142857142857143,Low
32,0,379,5,2,2,1,48,3,2,2,6524,8891,1,0,14,3,4,1,10,3,3,10,8,5,3,True,False,False,True,True,False,False,False,False,False,False,False,False,False,False,True,False,True,False,-0.5391662584750891,0.037250278291201935,-0.16451140099023315,0.48850772848886465,Middle-Aged,0.9090909090909091,Medium
38,0,395,9,3,2,1,98,2,1,2,2899,12102,0,0,19,3,4,1,3,3,3,2,2,1,2,False,True,False,True,False,True,False,False,False,False,False,False,False,False,False,False,True,True,False,0.11784484953130571,-0.795726026453017,-1.0644701017820986,-0.8177339465973219,Middle-Aged,0.5,Low
42,0,1265,3,3,3,0,95,4,2,4,5231,23726,2,1,13,3,2,1,17,1,2,5,3,1,3,False,True,True,False,True,False,False,False,False,False,True,False,False,False,False,False,False,True,False,0.5558522548689022,-0.259863752614805,0.7354472998016324,-0.32789331844000197,Middle-Aged,0.2777777777777778,Medium
31,0,1222,11,4,4,1,48,3,1,4,2356,14871,3,1,19,3,2,1,8,2,3,6,4,0,2,False,True,True,False,True,False,False,False,False,False,False,False,False,False,True,False,False,True,False,-0.6486681098094882,-0.9205001322395304,-0.42164245835933756,-0.16461310905422863,Middle-Aged,0.6666666666666666,Low
29,1,341,1,3,2,0,48,2,1,3,2800,23522,6,1,19,3,3,3,5,3,3,3,2,0,2,False,True,False,True,False,False,True,False,False,False,False,False,False,False,False,False,True,False,False,-0.8676718124782865,-0.8184748965687902,-0.8073390444129942,-0.6544537372115486,Young,0.5,Low
53,0,868,8,3,1,1,73,3,4,4,11836,22789,5,0,14,3,3,1,28,3,3,2,0,2,2,False,True,False,True,False,True,False,False,False,False,False,False,False,False,False,True,False,True,False,1.7603726195472926,1.2578765212708685,2.1496681153317065,-0.8177339465973219,Senior,0.06896551724137931,High
35,0,672,25,3,4,1,78,2,3,2,10903,9129,3,0,16,3,1,0,16,2,3,13,10,4,8,False,True,True,False,False,False,False,False,True,False,False,False,True,False,False,False,False,True,False,-0.2106607044718917,1.0434856544222184,0.6068817711170802,0.9783483566461847,Middle-Aged,0.7647058823529411,High
37,0,1231,21,2,3,0,54,3,1,4,2973,21222,5,0,15,3,2,1,10,3,3,5,4,0,0,True,False,False,True,False,False,True,False,False,False,False,False,False,False,False,False,True,True,False,0.008342998196906572,-0.7787218205078937,-0.16451140099023315,-0.32789331844000197,Middle-Aged,0.45454545454545453,Low
53,0,102,23,4,4,0,72,3,4,4,14275,20206,6,0,18,3,3,0,33,0,3,12,9,3,8,False,True,True,False,True,False,False,False,False,False,False,False,False,True,False,False,False,False,True,1.7603726195472926,1.8183259577594617,2.7924957587544674,0.8150681472604113,Senior,0.35294117647058826,High
43,0,422,1,3,4,0,33,3,2,4,5562,21782,4,0,13,3,2,1,12,2,2,5,2,2,2,True,False,True,False,True,False,False,False,False,False,False,False,False,False,False,False,False,True,False,0.6653541062033014,-0.18380439899540185,0.09261965637887129,-0.32789331844000197,Middle-Aged,0.38461538461538464,Medium
47,0,249,2,2,3,0,35,3,2,4,4537,17783,0,1,22,4,1,1,8,2,3,7,6,7,7,False,True,False,True,False,True,False,False,False,False,False,False,False,False,False,True,False,True,False,1.103361511540898,-0.4193356299920431,-0.42164245835933756,-0.0013328996684553085,Senior,0.7777777777777778,Medium
37,0,1252,19,2,1,1,32,3,3,2,7642,4814,1,1,13,3,4,0,10,2,3,10,0,0,9,False,False,False,True,False,False,True,False,False,False,False,False,False,False,False,True,False,False,True,0.008342998196906572,0.29415166000266035,-0.16451140099023315,0.48850772848886465,Middle-Aged,0.9090909090909091,High
50,0,881,2,4,1,1,98,3,4,1,16581,4544,1,0,11,3,4,1,31,3,3,31,6,14,7,False,False,True,False,True,False,False,False,False,False,False,True,False,False,False,False,False,False,False,1.4318670655440953,2.3482137808601977,2.535364701385363,3.9173921255901045,Senior,0.96875,High
39,0,1383,2,3,4,0,42,2,2,4,5204,7790,8,0,11,3,3,2,13,2,3,5,4,0,4,False,True,False,False,True,False,False,False,False,True,False,False,False,False,False,False,False,True,False,0.22734670086570485,-0.2660679899191068,0.2211851850634235,-0.32789331844000197,Middle-Aged,0.35714285714285715,Medium
33,0,1075,3,2,4,1,57,3,1,2,2277,22650,3,1,11,3,3,1,7,4,4,4,3,0,3,False,True,False,False,False,False,False,False,False,True,False,False,False,False,False,False,False,False,False,-0.42966440714069,-0.9386532710187837,-0.5502079870438897,-0.4911735278257753,Middle-Aged,0.5,Low
32,1,374,25,4,1,1,87,3,1,4,2795,18016,1,1,24,4,3,0,1,2,1,1,0,0,1,False,True,True,False,True,False,False,False,False,False,True,False,False,False,False,False,False,False,True,-0.5391662584750891,-0.8196238294029202,-1.3216011591512031,-0.9810141559830953,Middle-Aged,0.5,Low
29,0,1086,7,1,1,0,62,2,1,4,2532,6054,6,0,14,3,3,3,8,5,3,4,3,0,3,False,True,True,False,False,False,True,False,False,False,True,False,False,False,False,False,False,False,False,-0.8676718124782865,-0.8800576964781559,-0.42164245835933756,-0.4911735278257753,Young,0.4444444444444444,Low
44,0,661,9,2,2,1,61,3,1,1,2559,7508,1,1,13,3,4,0,8,0,3,8,7,7,1,False,True,True,False,True,False,False,False,False,False,False,False,False,False,True,False,False,True,False,0.7748559575377005,-0.8738534591738542,-0.42164245835933756,0.16194730971731802,Middle-Aged,0.8888888888888888,Low
28,0,821,5,4,1,1,98,3,2,4,4908,24252,1,0,14,3,2,0,4,3,3,4,2,0,2,False,True,False,True,False,False,True,False,False,False,False,False,False,False,False,True,False,False,True,-0.9771736638126857,-0.33408481369960025,-0.9359045730975464,-0.4911735278257753,Young,0.8,Medium
58,1,781,2,1,4,1,57,2,1,4,2380,13384,9,1,14,3,4,1,3,3,2,1,0,0,0,True,False,True,False,True,False,False,False,False,False,True,False,False,False,False,False,False,False,False,2.3078818762192883,-0.9149852546357067,-1.0644701017820986,-0.9810141559830953,Senior,0.25,Low
43,0,177,8,3,1,0,55,3,2,2,4765,23814,4,0,21,4,3,1,4,2,4,1,0,0,0,False,True,True,False,True,False,False,False,False,False,False,False,True,False,False,False,False,False,False,0.6653541062033014,-0.36694429275571705,-0.9359045730975464,-0.9810141559830953,Middle-Aged,0.2,Medium
20,1,500,2,3,3,0,49,2,1,3,2044,22052,1,0,13,3,4,0,2,3,2,2,2,0,2,False,True,False,True,False,False,True,False,False,False,False,False,False,False,False,False,True,False,True,-1.8531884744878788,-0.9921935410892397,-1.193035630466651,-0.8177339465973219,Young,0.6666666666666666,Low
21,1,1427,18,1,4,0,65,3,1,4,2693,8870,1,0,19,3,1,0,1,3,2,1,0,0,0,False,True,True,False,False,False,False,True,False,False,False,False,False,False,True,False,False,False,True,-1.7436866231534796,-0.8430620592191713,-1.3216011591512031,-0.9810141559830953,Young,0.5,Low
36,0,1425,14,1,3,1,68,3,2,4,6586,4821,0,1,17,3,1,1,17,2,2,16,8,4,11,False,True,True,False,True,False,False,False,False,False,False,False,False,False,False,False,False,True,False,-0.10115885313749257,0.051497045434413406,0.7354472998016324,1.4681889848035046,Middle-Aged,0.8888888888888888,High
47,0,1454,2,4,4,0,65,2,1,4,3294,13137,1,1,18,3,1,0,3,3,2,3,2,1,2,False,True,False,True,True,False,False,False,False,False,False,False,False,False,False,False,True,False,True,1.103361511540898,-0.7049603325567504,-1.0644701017820986,-0.6544537372115486,Senior,0.75,Low
22,1,617,3,1,2,0,34,3,2,3,4171,10022,0,1,19,3,1,1,4,3,4,3,2,0,2,False,True,True,False,True,False,False,False,False,False,False,False,True,False,False,False,False,True,False,-1.6341847718190805,-0.5034375134503559,-0.9359045730975464,-0.6544537372115486,Young,0.6,Medium
41,1,1085,2,4,2,0,57,1,1,4,2778,17725,4,1,13,3,3,1,10,1,2,7,7,1,0,False,True,True,False,True,False,False,False,False,False,True,False,False,False,False,False,False,False,False,0.4463504035345031,-0.823530201038962,-0.16451140099023315,-0.0013328996684553085,Middle-Aged,0.6363636363636364,Low
28,0,995,9,3,3,0,77,3,1,3,2377,9834,5,0,18,3,2,1,6,2,3,2,2,2,2,False,True,True,False,False,False,True,False,False,False,False,False,False,False,True,False,False,False,False,-0.9771736638126857,-0.9156746143361846,-0.678773515728442,-0.8177339465973219,Young,0.2857142857142857,Low
39,1,1122,6,3,4,1,70,3,1,1,2404,4303,7,1,21,4,4,0,8,2,1,2,2,2,2,False,True,True,False,False,False,True,False,False,False,True,False,False,False,False,False,False,True,False,0.22734670086570485,-0.9094703770318828,-0.42164245835933756,-0.8177339465973219,Middle-Aged,0.2222222222222222,Low
27,0,618,4,3,2,0,76,3,1,3,2318,17808,1,0,19,3,3,0,1,2,3,1,1,0,0,False,True,True,False,True,False,False,False,False,False,False,False,False,False,True,False,False,False,True,-1.0866755151470848,-0.9292320217789181,-1.3216011591512031,-0.9810141559830953,Young,0.5,Low
34,0,546,10,3,2,1,83,3,1,2,2008,6896,1,0,14,3,2,2,1,3,3,1,0,1,0,False,True,True,False,True,False,False,False,False,False,True,False,False,False,False,False,False,False,False,-0.3201625558062908,-1.0004658574949754,-1.3216011591512031,-0.9810141559830953,Middle-Aged,0.5,Low
42,0,462,14,2,3,0,68,2,2,3,6244,7824,7,0,17,3,1,0,10,6,3,5,4,0,3,False,True,False,True,False,False,True,False,False,False,False,False,False,False,False,True,False,False,True,0.5558522548689022,-0.027089960420075672,-0.16451140099023315,-0.32789331844000197,Middle-Aged,0.45454545454545453,Medium
33,0,1198,1,4,3,1,100,2,1,1,2799,3339,3,1,11,3,2,0,6,1,3,3,2,0,2,False,True,True,False,False,False,False,True,False,False,False,False,False,False,True,False,False,False,True,-0.42966440714069,-0.8187046831356162,-0.678773515728442,-0.6544537372115486,Middle-Aged,0.42857142857142855,Low
58,0,1272,5,3,3,0,37,2,3,2,10552,9255,2,1,13,3,4,1,24,3,3,6,0,0,4,False,True,True,False,False,False,False,False,True,False,False,False,False,False,False,False,False,False,False,2.3078818762192883,0.9628305694662955,1.6354060005934978,-0.16461310905422863,Senior,0.24,High
31,0,154,7,4,2,1,41,2,1,3,2329,11737,3,0,15,3,2,0,13,2,4,7,7,5,2,False,True,False,True,True,False,False,False,False,False,False,False,False,False,False,False,True,True,False,-0.6486681098094882,-0.9267043695438322,0.2211851850634235,-0.0013328996684553085,Middle-Aged,0.5,Low
35,0,1137,21,1,4,0,51,3,2,4,4014,19170,1,1,25,4,4,1,10,2,1,10,6,0,7,False,True,True,False,True,False,False,False,False,False,False,False,False,False,False,False,False,True,False,-0.2106607044718917,-0.5395140044420366,-0.16451140099023315,0.48850772848886465,Middle-Aged,0.9090909090909091,Medium
49,0,527,8,2,1,0,51,3,3,2,7403,22477,4,0,11,3,3,1,29,3,2,26,9,1,7,False,True,True,False,False,False,False,True,False,False,True,False,False,False,False,False,False,True,False,1.3223652142096962,0.23923267053124841,2.2782336440162587,3.1009910786612376,Senior,0.8666666666666667,High
48,0,1469,20,4,4,1,51,3,1,3,2259,5543,4,0,17,3,1,2,13,2,2,0,0,0,0,False,True,True,False,False,False,True,False,False,False,False,False,False,False,True,False,False,True,False,1.2128633628752972,-0.9427894292216515,0.2211851850634235,-1.1442943653688686,Senior,0.0,Low
31,0,1188,20,2,4,0,45,3,2,3,6932,24406,1,0,13,3,4,1,9,2,2,9,8,0,0,False,False,False,True,False,True,False,False,False,False,False,False,False,False,False,True,False,True,False,-0.6486681098094882,0.13100319755620646,-0.2930769296747854,0.32522751910309133,Middle-Aged,0.9,High
36,0,188,7,4,2,1,65,3,1,4,4678,23293,2,0,18,3,3,0,8,6,3,6,2,0,1,False,True,True,False,False,False,False,True,False,False,False,False,False,False,True,False,False,False,True,-0.10115885313749257,-0.38693572406957827,-0.42164245835933756,-0.16461310905422863,Middle-Aged,0.6666666666666666,Medium
38,0,1333,1,3,4,0,80,3,3,1,13582,16292,1,0,13,3,2,1,15,3,3,15,12,5,11,False,True,True,False,False,False,False,False,True,False,False,False,False,True,False,False,False,True,False,0.11784484953130571,1.6590838669490495,0.4783162424325279,1.3049087754177313,Middle-Aged,0.9375,High
32,0,1184,1,3,3,0,70,2,1,2,2332,3974,6,0,20,4,3,0,5,3,3,3,0,0,2,False,False,True,False,True,False,False,False,False,False,True,False,False,False,False,False,False,True,False,-0.5391662584750891,-0.9260150098433543,-0.8073390444129942,-0.6544537372115486,Middle-Aged,0.5,Low
25,1,867,19,2,3,1,36,2,1,2,2413,18798,1,1,18,3,3,3,1,2,3,1,0,0,0,False,True,False,True,False,True,False,False,False,False,False,False,False,False,False,False,True,True,False,-1.3056792178158831,-0.9074022979304489,-1.3216011591512031,-0.9810141559830953,Young,0.5,Low
40,0,658,10,4,1,1,67,2,3,2,9705,20652,2,0,12,3,2,1,11,2,2,1,0,0,0,False,True,False,True,False,True,False,False,False,False,False,False,False,False,False,True,False,False,False,0.33684855220010396,0.7682013473646807,-0.03594587230568093,-0.9810141559830953,Middle-Aged,0.08333333333333333,High
26,0,1283,1,3,3,1,52,2,2,1,4294,11148,1,0,12,3,2,0,7,2,3,7,7,0,7,True,False,False,True,False,False,True,False,False,False,False,False,False,False,False,True,False,False,True,-1.1961773664814839,-0.475173765730759,-0.5502079870438897,-0.0013328996684553085,Young,0.875,Medium
41,0,263,6,3,4,1,59,3,1,1,4721,3119,2,1,13,3,3,0,20,3,3,18,13,2,17,False,True,True,False,False,False,True,False,False,False,True,False,False,False,False,False,False,False,True,0.4463504035345031,-0.37705490169606065,1.121143885855289,1.794749403575051,Middle-Aged,0.8571428571428571,Medium
36,0,938,2,4,3,1,79,3,1,3,2519,12287,4,0,21,4,3,0,16,6,3,11,8,3,9,False,True,True,False,False,False,True,False,False,False,True,False,False,False,False,False,False,False,True,-0.10115885313749257,-0.8830449218468939,0.6068817711170802,0.651787937874638,Middle-Aged,0.6470588235294118,Low
19,1,419,21,3,4,1,37,2,1,2,2121,9947,1,1,13,3,2,0,1,3,4,1,0,0,0,False,True,False,True,False,False,False,True,False,False,False,False,False,False,False,False,True,False,True,-1.9626903258222779,-0.9744999754436384,-1.3216011591512031,-0.9810141559830953,Young,0.5,Low
20,1,129,4,3,1,1,84,3,1,1,2973,13008,1,0,19,3,2,0,1,2,3,1,0,0,0,False,True,True,False,False,False,False,False,True,False,True,False,False,False,False,False,False,False,True,-1.8531884744878788,-0.7787218205078937,-1.3216011591512031,-0.9810141559830953,Young,0.5,Low
31,0,616,12,3,4,0,41,3,2,4,5855,17369,0,1,11,3,3,2,10,2,1,9,7,8,5,False,True,True,False,False,False,True,False,False,False,False,False,False,False,False,False,False,True,False,-0.6486681098094882,-0.11647693491538634,-0.16451140099023315,0.32522751910309133,Middle-Aged,0.8181818181818182,Medium
40,0,1469,9,4,4,1,35,3,1,2,3617,25063,8,1,14,3,4,1,3,2,3,1,1,0,0,True,False,True,False,False,False,True,False,False,False,False,False,False,False,True,False,False,False,False,0.33684855220010396,-0.6307392714719552,-1.0644701017820986,-0.9810141559830953,Middle-Aged,0.25,Low
32,0,498,3,4,3,0,93,3,2,1,6725,13554,1,0,12,3,3,1,8,2,4,8,7,6,3,False,True,True,False,False,False,True,False,False,False,False,False,True,False,False,False,False,True,False,-0.5391662584750891,0.08343737822322622,-0.42164245835933756,0.16194730971731802,Middle-Aged,0.8888888888888888,High
36,1,530,3,1,3,1,51,2,3,4,10325,5518,1,1,11,3,1,1,16,6,3,16,7,3,7,False,True,False,True,True,False,False,False,False,False,False,False,False,False,False,True,False,True,False,-0.10115885313749257,0.9106690187967954,0.6068817711170802,1.4681889848035046,Middle-Aged,0.9411764705882353,High
33,0,1069,1,3,2,0,42,2,2,4,6949,12291,0,0,14,3,1,0,6,3,3,5,0,1,4,False,True,True,False,True,False,False,False,False,False,False,False,False,False,False,False,False,False,True,-0.42966440714069,0.1349095691922483,-0.678773515728442,-0.32789331844000197,Middle-Aged,0.7142857142857143,High
37,1,625,1,4,1,1,46,2,3,3,10609,14922,5,0,11,3,3,0,17,2,1,14,1,11,7,False,True,False,True,True,False,False,False,False,False,False,False,False,False,False,True,False,True,False,0.008342998196906572,0.975928403775377,0.7354472998016324,1.141628566031958,Middle-Aged,0.7777777777777778,High
45,0,805,4,2,3,1,57,3,2,2,4447,23163,1,0,12,3,2,0,9,5,2,9,7,0,8,False,False,True,False,True,False,False,False,False,False,True,False,False,False,False,False,False,True,False,0.8843578088720997,-0.44001642100638233,-0.2930769296747854,0.32522751910309133,Middle-Aged,0.9,Medium
29,0,1404,20,3,3,0,84,3,1,4,2157,18203,1,0,15,3,2,1,3,5,3,3,1,0,2,True,False,False,True,False,False,False,False,True,False,False,False,False,False,False,False,True,True,False,-0.8676718124782865,-0.9662276590379028,-1.0644701017820986,-0.6544537372115486,Young,0.75,Low
35,0,1219,18,3,3,0,86,3,2,3,4601,6179,1,0,16,3,2,0,5,3,3,5,2,1,0,False,True,False,True,False,False,True,False,False,False,False,False,False,False,False,True,False,True,False,-0.2106607044718917,-0.40462928971517964,-0.8073390444129942,-0.32789331844000197,Middle-Aged,0.8333333333333334,Medium
52,0,1053,1,2,4,1,70,3,4,4,16581,13829,2,0,15,3,2,1,26,2,2,9,8,7,8,False,True,True,False,True,False,False,False,False,False,False,True,False,False,False,False,False,True,False,1.6508707682128936,2.3482137808601977,1.8925370579626022,0.32522751910309133,Senior,0.3333333333333333,High
58,1,289,2,3,4,1,51,3,1,3,2479,26227,4,0,24,4,1,0,7,4,3,1,0,0,0,False,True,True,False,False,False,False,False,True,False,False,False,False,False,True,False,False,False,True,2.3078818762192883,-0.8922363845199335,-0.5502079870438897,-0.9810141559830953,Senior,0.125,Low
53,0,1376,2,2,3,1,45,3,4,3,14852,13938,6,0,13,3,3,1,22,3,4,17,13,15,2,False,True,False,True,False,False,True,False,False,False,False,True,False,False,False,False,False,False,False,1.7603726195472926,1.9509128068180588,1.3782749432243935,1.6314691941892778,Senior,0.7391304347826086,High
30,0,231,8,2,3,1,62,3,3,3,7264,9977,5,0,11,3,1,1,10,2,4,8,4,7,7,False,True,False,True,False,False,False,True,False,False,False,False,False,False,False,True,False,False,False,-0.7581699611438873,0.2072923377424356,-0.16451140099023315,0.16194730971731802,Young,0.7272727272727273,High
38,0,152,10,3,3,0,85,3,2,4,5666,19899,1,1,13,3,2,0,6,1,3,5,3,1,3,False,False,False,True,False,False,False,False,True,False,False,False,False,False,False,True,False,False,True,0.11784484953130571,-0.15990659604549873,-0.678773515728442,-0.32789331844000197,Middle-Aged,0.7142857142857143,Medium
35,0,882,3,4,4,1,92,3,3,4,7823,6812,6,0,13,3,2,1,12,2,3,10,9,0,8,False,True,False,True,True,False,False,False,False,False,False,False,False,False,False,True,False,False,False,-0.2106607044718917,0.33574302859816485,0.09261965637887129,0.48850772848886465,Middle-Aged,0.7692307692307693,High
39,0,903,2,5,1,1,41,4,3,3,7880,2560,0,0,18,3,4,0,9,3,3,8,7,0,7,False,True,False,True,True,False,False,False,False,False,False,False,False,False,False,True,False,False,True,0.22734670086570485,0.34884086290724636,-0.2930769296747854,0.16194730971731802,Middle-Aged,0.8,High
40,1,1479,24,3,2,0,100,4,4,2,13194,17071,4,1,16,3,4,0,22,2,2,1,0,0,0,False,False,False,True,True,False,False,False,False,False,False,False,False,False,False,True,False,False,True,0.33684855220010396,1.5699266790205648,1.3782749432243935,-0.9810141559830953,Middle-Aged,0.043478260869565216,High
47,0,1379,16,4,3,1,64,4,2,3,5067,6759,1,1,19,3,3,0,20,3,4,19,10,2,7,True,False,True,False,False,False,True,False,False,False,False,False,True,False,False,False,False,False,False,1.103361511540898,-0.29754874957426763,1.121143885855289,1.9580296129608246,Senior,0.9047619047619048,Medium
36,0,1229,8,4,1,1,84,3,2,4,5079,25952,4,0,13,3,4,2,12,3,3,7,7,0,7,False,False,False,True,False,False,False,False,True,False,False,False,False,False,False,True,False,False,False,-0.10115885313749257,-0.2947913107723557,0.09261965637887129,-0.0013328996684553085,Middle-Aged,0.5384615384615384,Medium
31,1,335,9,2,3,1,46,2,1,1,2321,10322,0,1,22,4,1,0,4,0,3,3,2,1,2,False,False,True,False,False,False,True,False,False,False,False,False,False,False,True,False,False,False,True,-0.6486681098094882,-0.9285426620784402,-0.9359045730975464,-0.6544537372115486,Middle-Aged,0.6,Low
33,0,722,17,3,4,1,38,3,4,3,16581,20489,1,0,11,3,4,0,10,2,3,10,8,6,0,False,False,False,True,True,False,False,False,False,False,False,True,False,False,False,False,False,False,True,-0.42966440714069,2.3482137808601977,-0.16451140099023315,0.48850772848886465,Middle-Aged,0.9090909090909091,High
29,1,906,10,3,4,0,92,2,1,1,2404,11479,6,1,20,4,3,0,3,5,3,0,0,0,0,False,True,True,False,True,False,False,False,False,False,False,False,False,False,True,False,False,False,True,-0.8676718124782865,-0.9094703770318828,-1.0644701017820986,-1.1442943653688686,Young,0.0,Low
33,0,461,13,1,2,0,53,3,1,4,3452,17241,3,0,18,3,1,0,5,4,3,3,2,0,2,False,True,True,False,True,False,False,False,False,False,False,False,False,False,True,False,False,False,True,-0.42966440714069,-0.6686540549982438,-0.8073390444129942,-0.6544537372115486,Middle-Aged,0.5,Low
45,0,974,1,4,4,0,91,3,1,4,2270,11005,3,0,14,3,4,2,8,2,3,5,3,0,2,False,True,True,False,False,False,True,False,False,False,True,False,False,False,False,False,False,False,False,0.8843578088720997,-0.9402617769865657,-0.42164245835933756,-0.32789331844000197,Middle-Aged,0.5555555555555556,Low
50,0,1126,1,2,4,1,66,3,4,4,16581,6615,9,0,22,4,3,1,32,1,2,5,4,1,3,False,True,True,False,False,False,True,False,False,False,False,False,False,True,False,False,False,False,False,1.4318670655440953,2.3482137808601977,2.6639302300699153,-0.32789331844000197,Senior,0.15151515151515152,High
33,0,827,1,4,3,0,84,4,2,2,5488,20161,1,1,13,3,1,1,6,2,3,6,5,1,2,True,False,True,False,False,False,False,True,False,False,False,False,False,False,False,False,False,True,False,-0.42966440714069,-0.20080860494052521,-0.678773515728442,-0.16461310905422863,Middle-Aged,0.8571428571428571,Medium
41,0,840,9,3,1,1,64,3,5,3,16581,3735,2,0,17,3,2,1,21,2,4,18,16,0,11,True,False,True,False,False,False,True,False,False,False,False,False,False,True,False,False,False,False,False,0.4463504035345031,2.3482137808601977,1.2497094145398413,1.794749403575051,Middle-Aged,0.8181818181818182,High
27,0,1134,16,4,3,0,37,3,1,2,2811,12086,9,0,14,3,2,1,4,2,3,2,2,2,2,False,True,True,False,False,False,False,False,True,False,True,False,False,False,False,False,False,True,False,-1.0866755151470848,-0.8159472443337044,-0.9359045730975464,-0.8177339465973219,Young,0.4,Low
45,0,248,23,2,4,1,42,3,2,1,3633,14039,1,1,15,3,3,1,9,2,3,9,8,0,8,False,False,True,False,True,False,False,False,False,False,True,False,False,False,False,False,False,True,False,0.8843578088720997,-0.6270626864027393,-0.2930769296747854,0.32522751910309133,Middle-Aged,0.9,Medium
47,0,955,4,2,4,0,83,3,2,4,4163,8571,1,1,17,3,3,0,9,0,3,9,0,0,7,False,True,False,True,True,False,False,False,False,False,False,False,False,False,False,True,False,False,True,1.103361511540898,-0.5052758059849639,-0.2930769296747854,0.32522751910309133,Senior,0.9,Medium
30,1,138,22,3,1,0,48,3,1,3,2132,11539,4,1,11,3,2,0,7,2,3,5,2,0,1,False,True,True,False,True,False,False,False,False,False,False,False,False,False,True,False,False,True,False,-0.7581699611438873,-0.9719723232085525,-0.5502079870438897,-0.32789331844000197,Young,0.625,Low
50,0,939,24,3,4,1,95,3,4,3,13973,4161,3,1,18,3,4,1,22,2,3,12,11,1,5,False,True,True,False,True,False,False,False,False,False,False,False,True,False,False,False,False,True,False,1.4318670655440953,1.7489304145780122,1.3782749432243935,0.8150681472604113,Senior,0.5217391304347826,High
38,0,1391,10,1,3,1,66,3,1,3,2684,12127,0,0,17,3,2,1,3,0,2,2,1,0,2,True,False,True,False,False,False,True,False,False,False,False,False,False,False,True,False,False,True,False,0.11784484953130571,-0.8451301383206052,-1.0644701017820986,-0.8177339465973219,Middle-Aged,0.5,Low
46,0,566,7,2,4,1,75,3,3,3,10845,24208,6,0,13,3,2,1,13,3,3,8,7,0,7,False,True,True,False,False,False,True,False,False,False,False,False,True,False,False,False,False,False,False,0.9938596602064987,1.030158033546311,0.2211851850634235,0.16194730971731802,Senior,0.5714285714285714,High
24,0,1206,17,1,4,0,41,2,2,3,4377,24117,1,0,15,3,2,2,5,6,3,4,2,3,2,False,True,True,False,False,False,True,False,False,False,False,False,True,False,False,False,False,False,False,-1.4151810691502822,-0.4561014806842017,-0.8073390444129942,-0.4911735278257753,Young,0.6666666666666666,Medium
35,1,622,14,4,3,1,39,2,1,2,3743,10074,1,1,24,4,4,1,5,2,1,4,2,0,2,False,True,True,False,False,False,False,True,False,False,True,False,False,False,False,False,False,False,False,-0.2106607044718917,-0.6017861640518802,-0.8073390444129942,-0.4911735278257753,Middle-Aged,0.6666666666666666,Medium
31,0,853,1,1,3,0,96,3,2,1,4148,11275,1,0,12,3,3,1,4,1,3,4,3,0,3,True,False,True,False,True,False,False,False,False,False,False,False,True,False,False,False,False,True,False,-0.6486681098094882,-0.5087226044873537,-0.9359045730975464,-0.4911735278257753,Middle-Aged,0.8,Medium
18,0,287,5,2,2,1,73,3,1,4,1051,13493,1,0,15,3,4,0,0,2,3,0,0,0,0,False,False,True,False,True,False,False,False,False,False,False,False,False,False,True,False,False,False,True,-2.072192177156677,-1.2203716019474493,-1.4501666878357553,-1.1442943653688686,Young,0.0,Low
54,0,1441,17,3,3,0,56,3,3,3,10739,13943,8,0,11,3,3,1,22,2,3,10,7,0,8,False,True,True,False,False,False,False,False,True,False,False,False,True,False,False,False,False,True,False,1.869874470881692,1.0058006574627558,1.3782749432243935,0.48850772848886465,Senior,0.43478260869565216,High
35,0,583,25,4,3,0,57,3,3,3,10388,6975,1,1,11,3,3,1,16,3,2,16,10,10,1,False,True,True,False,False,False,True,False,False,False,False,False,False,False,False,False,False,False,False,-0.2106607044718917,0.9251455725068329,0.6068817711170802,1.4681889848035046,Middle-Aged,0.9411764705882353,High
30,0,153,8,2,2,0,73,4,3,1,11416,17802,0,1,12,3,3,3,9,4,2,8,7,1,7,False,True,True,False,True,False,False,False,False,False,False,False,False,True,False,False,False,True,False,-0.7581699611438873,1.161366163203952,-0.2930769296747854,0.16194730971731802,Young,0.8,High
20,1,1097,11,3,4,0,98,2,1,1,2600,18275,1,1,15,3,1,0,1,2,3,1,0,0,0,False,True,True,False,False,False,True,False,False,False,False,False,False,False,True,False,False,False,True,-1.8531884744878788,-0.8644322099339885,-1.3216011591512031,-0.9810141559830953,Young,0.5,Low
30,1,109,5,3,2,0,60,3,1,2,2422,25725,0,0,17,3,1,0,4,3,3,3,2,1,2,True,False,True,False,False,False,True,False,False,False,True,False,False,False,False,False,False,False,True,-0.7581699611438873,-0.905334218829015,-0.9359045730975464,-0.6544537372115486,Young,0.6,Low
26,0,1066,2,2,4,1,32,4,2,4,5472,3334,1,0,12,3,2,0,8,2,3,8,7,1,3,False,True,True,False,False,False,True,False,False,False,False,False,True,False,False,False,False,True,False,-1.1961773664814839,-0.20448519000974108,-0.42164245835933756,0.16194730971731802,Young,0.8888888888888888,Medium
22,0,217,8,1,2,1,94,1,1,1,2451,6881,1,0,15,3,1,1,4,3,2,4,3,1,1,False,True,True,False,True,False,False,False,False,False,True,False,False,False,False,False,False,True,False,-1.6341847718190805,-0.8986704083910613,-0.9359045730975464,-0.4911735278257753,Young,0.8,Low
48,0,277,6,3,1,1,97,2,2,3,4240,13119,2,0,13,3,4,0,19,0,3,2,2,2,2,False,True,True,False,True,False,False,False,False,False,False,False,False,False,False,False,False,False,True,1.2128633628752972,-0.48758224033936254,0.9925783571707368,-0.8177339465973219,Senior,0.1,Medium
48,0,1355,4,4,3,1,78,2,3,3,10999,22245,7,0,14,3,2,0,27,3,3,15,11,4,8,False,True,True,False,True,False,False,False,False,False,False,False,False,False,False,False,False,False,True,1.2128633628752972,1.0655451648375136,2.0211025866471544,1.3049087754177313,Senior,0.5357142857142857,High
41,0,549,7,2,4,0,42,3,2,3,5003,23371,6,0,14,3,2,0,8,6,3,2,2,2,1,False,True,True,False,False,False,True,False,False,False,False,False,True,False,False,False,False,False,True,0.4463504035345031,-0.31225508985113104,-0.42164245835933756,-0.8177339465973219,Middle-Aged,0.2222222222222222,Medium
39,0,466,1,1,4,0,65,2,4,4,12742,7060,1,0,16,3,3,1,21,3,3,21,6,11,8,False,True,True,False,True,False,False,False,False,False,False,False,True,False,False,False,False,True,False,0.22734670086570485,1.4660631508152169,1.2497094145398413,2.284590031732371,Middle-Aged,0.9545454545454546,High
27,0,1055,2,4,1,0,47,3,2,4,4227,4658,0,0,18,3,2,1,4,2,3,3,2,2,2,False,True,True,False,True,False,False,False,False,False,False,False,True,False,False,False,False,True,False,-1.0866755151470848,-0.49056946570810045,-0.9359045730975464,-0.6544537372115486,Young,0.6,Medium
35,0,802,10,3,2,1,45,3,1,4,3917,9541,1,0,20,4,1,1,3,4,2,3,2,1,2,False,True,True,False,False,False,False,True,False,False,True,False,False,False,False,False,False,False,False,-0.2106607044718917,-0.5618033014241578,-1.0644701017820986,-0.6544537372115486,Middle-Aged,0.75,Medium
42,0,265,5,2,4,1,90,3,5,3,16581,7770,6,0,13,3,2,0,21,3,4,1,0,0,0,False,True,False,True,False,True,False,False,False,False,False,True,False,False,False,False,False,True,False,0.5558522548689022,2.3482137808601977,1.2497094145398413,-0.9810141559830953,Middle-Aged,0.045454545454545456,High
50,0,804,9,3,1,1,64,3,1,4,2380,20165,4,0,18,3,2,0,8,5,3,1,0,0,0,False,True,True,False,True,False,False,False,False,False,True,False,False,False,False,False,False,True,False,1.4318670655440953,-0.9149852546357067,-0.42164245835933756,-0.9810141559830953,Senior,0.1111111111111111,Low
59,0,715,2,3,3,0,69,2,4,4,13726,21829,3,1,13,3,1,0,30,4,3,5,3,4,3,False,True,True,False,True,False,False,False,False,False,False,False,True,False,False,False,False,False,True,2.4173837275536876,1.6921731325719924,2.406799172700811,-0.32789331844000197,Senior,0.16129032258064516,High
37,1,1141,11,2,1,0,61,1,2,2,4777,14382,5,0,15,3,1,0,15,2,1,1,0,0,0,False,True,True,False,False,False,True,False,False,False,False,False,False,False,False,False,False,True,False,0.008342998196906572,-0.3641868539538051,0.4783162424325279,-0.9810141559830953,Middle-Aged,0.0625,Medium
55,0,135,18,4,3,1,62,3,2,2,6385,12992,3,1,14,3,4,2,17,3,3,8,7,6,7,True,False,True,False,False,False,True,False,False,False,False,False,False,False,False,False,False,True,False,1.979376322216091,0.005309945502389123,0.7354472998016324,0.16194730971731802,Senior,0.4444444444444444,Medium
41,0,247,7,1,2,0,55,1,5,3,16581,20284,1,0,22,4,2,2,21,3,3,21,16,5,10,False,False,True,False,True,False,False,False,False,False,False,False,False,True,False,False,False,False,False,0.4463504035345031,2.3482137808601977,1.2497094145398413,2.284590031732371,Middle-Aged,0.9545454545454546,High
38,0,1035,3,4,2,1,42,3,2,4,6861,4981,8,1,12,3,3,0,19,1,3,1,0,0,0,False,True,False,True,True,False,False,False,False,False,False,False,False,False,False,True,False,False,True,0.11784484953130571,0.11468835131156105,0.9925783571707368,-0.9810141559830953,Middle-Aged,0.05,High
26,1,265,29,2,2,1,79,1,2,1,4969,21813,8,0,18,3,4,0,7,6,3,2,2,2,2,False,False,False,True,False,False,True,False,False,False,False,False,False,False,False,True,False,False,True,-1.1961773664814839,-0.3200678331232148,-0.5502079870438897,-0.8177339465973219,Young,0.25,Medium
52,1,266,2,1,1,0,57,1,5,4,16581,25846,1,0,15,3,4,1,33,3,3,32,14,6,9,False,True,False,True,False,True,False,False,False,False,False,True,False,False,False,False,False,True,False,1.6508707682128936,2.3482137808601977,2.7924957587544674,4.080672334975878,Senior,0.9411764705882353,High
44,0,1448,28,3,4,0,53,4,4,4,13320,11737,3,1,18,3,3,1,23,2,3,12,11,11,11,False,True,False,True,False,False,True,False,False,False,False,False,False,False,False,True,False,True,False,0.7748559575377005,1.5988797864406399,1.5068404719089457,0.8150681472604113,Middle-Aged,0.5,High
50,0,145,1,3,4,0,95,3,2,3,6347,24920,0,0,12,3,1,1,19,3,3,18,7,0,13,False,False,False,True,True,False,False,False,False,False,False,False,False,False,False,True,False,True,False,1.4318670655440953,-0.003421944036998552,0.9925783571707368,1.794749403575051,Senior,0.9,Medium
36,1,885,16,4,3,0,43,4,1,1,2743,8269,1,0,16,3,3,0,18,1,3,17,13,15,14,False,True,True,False,True,False,False,False,False,False,True,False,False,False,False,False,False,False,True,-0.10115885313749257,-0.8315727308778718,0.8640128284861845,1.6314691941892778,Middle-Aged,0.8947368421052632,Low
39,0,945,22,3,4,0,82,3,3,1,10880,5083,1,1,13,3,3,0,21,2,3,21,6,2,8,True,False,True,False,False,False,True,False,False,False,False,False,True,False,False,False,False,False,True,0.22734670086570485,1.0382005633852207,1.2497094145398413,2.284590031732371,Middle-Aged,0.9545454545454546,High
33,0,1038,8,1,2,0,88,2,1,4,2342,21437,0,0,19,3,4,0,3,2,2,2,2,2,2,False,False,False,True,True,False,False,False,False,False,False,False,False,False,False,False,True,False,True,-0.42966440714069,-0.9237171441750943,-1.0644701017820986,-0.8177339465973219,Middle-Aged,0.5,Low
45,0,1234,11,2,4,0,90,3,4,4,16581,5404,3,0,13,3,2,1,26,4,4,9,3,1,1,False,True,False,True,True,False,False,False,False,False,False,True,False,False,False,False,False,True,False,0.8843578088720997,2.3482137808601977,1.8925370579626022,0.32522751910309133,Middle-Aged,0.3333333333333333,High
32,0,1109,29,4,4,0,69,3,1,3,4025,11135,9,0,12,3,2,0,10,2,3,8,7,7,7,False,False,True,False,False,False,True,False,False,False,True,False,False,False,False,False,False,False,True,-0.5391662584750891,-0.5369863522069507,-0.16451140099023315,0.16194730971731802,Middle-Aged,0.7272727272727273,Medium
34,0,216,1,4,2,1,75,4,2,4,9725,12278,0,0,11,3,4,1,16,2,2,15,1,0,9,False,True,False,True,False,True,False,False,False,False,False,False,False,False,False,True,False,False,False,-0.3201625558062908,0.7727970787012005,0.6068817711170802,1.3049087754177313,Middle-Aged,0.8823529411764706,High
59,0,1089,1,2,2,1,66,3,3,4,11904,11038,3,1,14,3,3,1,14,1,1,6,4,0,4,False,True,False,True,False,False,False,False,True,False,False,True,False,False,False,False,False,True,False,2.4173837275536876,1.2735020078150359,0.34975071374797573,-0.16461310905422863,Senior,0.4,High
45,0,788,24,4,2,1,36,3,1,2,2177,8318,1,0,16,3,1,0,6,3,3,6,3,0,4,False,True,False,False,False,False,True,False,False,True,False,False,False,False,False,False,False,False,True,0.8843578088720997,-0.961631927701383,-0.678773515728442,-0.16461310905422863,Middle-Aged,0.8571428571428571,Low
53,0,124,2,3,3,0,38,2,3,2,7525,23537,2,0,12,3,1,1,30,2,3,15,7,6,12,True,False,False,True,False,True,False,False,False,False,False,False,False,False,False,True,False,True,False,1.7603726195472926,0.2672666316840194,2.406799172700811,1.3049087754177313,Senior,0.4838709677419355,High
36,1,660,15,3,1,1,81,3,2,3,4834,7858,7,0,14,3,2,1,9,3,2,1,0,0,0,False,True,True,False,False,False,False,True,False,False,True,False,False,False,False,False,False,False,False,-0.10115885313749257,-0.3510890196447236,-0.2930769296747854,-0.9810141559830953,Middle-Aged,0.1,Medium
26,1,342,2,3,1,1,57,3,1,1,2042,15346,6,1,14,3,2,1,6,2,3,3,2,1,2,True,False,True,False,True,False,False,False,False,False,False,False,False,False,True,False,False,True,False,-1.1961773664814839,-0.9926531142228917,-0.678773515728442,-0.6544537372115486,Young,0.42857142857142855,Low
34,0,1333,10,4,3,0,87,3,1,3,2220,18410,1,1,19,3,4,1,1,2,3,1,1,0,0,False,True,False,True,True,False,False,False,False,False,False,False,False,False,False,False,True,True,False,-0.3201625558062908,-0.9517511053278652,-1.3216011591512031,-0.9810141559830953,Middle-Aged,0.5,Low
28,0,1144,10,1,4,1,74,3,1,2,1052,23384,1,0,22,4,2,0,1,5,3,1,0,0,0,False,True,False,True,False,False,True,False,False,False,False,False,False,False,False,False,True,True,False,-0.9771736638126857,-1.2201418153806234,-1.3216011591512031,-0.9810141559830953,Young,0.5,Low
38,0,1186,3,4,3,1,44,3,1,3,2821,2997,3,0,16,3,1,1,8,2,3,2,2,2,2,True,False,True,False,False,False,False,True,False,False,False,False,False,False,True,False,False,True,False,0.11784484953130571,-0.8136493786654444,-0.42164245835933756,-0.8177339465973219,Middle-Aged,0.2222222222222222,Low
50,0,1464,2,4,2,1,62,3,5,3,16581,12853,2,1,11,3,4,1,29,2,2,8,1,7,7,False,True,True,False,False,False,True,False,False,False,False,False,False,True,False,False,False,True,False,1.4318670655440953,2.3482137808601977,2.2782336440162587,0.16194730971731802,Senior,0.26666666666666666,High
37,0,124,3,3,4,0,35,3,2,2,4107,13848,3,0,15,3,1,0,8,3,2,4,3,0,1,False,True,True,False,False,False,False,True,False,False,False,False,False,False,False,False,False,False,True,0.008342998196906572,-0.5181438537272194,-0.42164245835933756,-0.4911735278257753,Middle-Aged,0.4444444444444444,Medium
40,0,300,26,3,3,1,74,3,2,1,8396,22217,1,0,14,3,2,1,8,3,2,7,7,7,5,False,True,False,True,False,True,False,False,False,False,False,False,False,False,False,True,False,True,False,0.33684855220010396,0.46741073138945793,-0.42164245835933756,-0.0013328996684553085,Middle-Aged,0.7777777777777778,High
26,0,921,1,1,1,0,66,2,1,3,2007,25265,1,0,13,3,3,2,5,5,3,5,3,1,3,True,False,True,False,False,False,True,False,False,False,False,False,False,False,True,False,False,False,False,-1.1961773664814839,-1.0006956440618013,-0.8073390444129942,-0.32789331844000197,Young,0.8333333333333334,Low
46,0,430,1,4,4,1,40,3,5,4,16581,21445,9,0,17,3,4,2,23,0,3,2,2,2,2,False,True,True,False,False,False,True,False,False,False,False,False,False,True,False,False,False,False,False,0.9938596602064987,2.3482137808601977,1.5068404719089457,-0.8177339465973219,Senior,0.08333333333333333,High
54,0,1082,2,4,3,0,41,2,3,3,10686,8392,6,0,11,3,2,1,13,4,3,9,4,7,0,False,True,False,True,True,False,False,False,False,False,False,False,False,False,False,True,False,True,False,1.869874470881692,0.9936219694209784,0.2211851850634235,0.32522751910309133,Senior,0.6428571428571429,High
56,0,1240,9,3,1,0,63,3,1,3,2942,12154,2,0,19,3,2,1,18,4,3,5,4,0,3,True,False,True,False,False,False,True,False,False,False,False,False,False,False,True,False,False,True,False,2.08887817355049,-0.7858452040794994,0.8640128284861845,-0.32789331844000197,Senior,0.2631578947368421,Low
36,0,796,12,5,4,0,51,2,3,4,8858,15669,0,0,11,3,2,0,15,2,2,14,8,7,8,False,True,True,False,False,False,True,False,False,False,False,False,True,False,False,False,False,False,True,-0.10115885313749257,0.573572125263066,0.4783162424325279,1.141628566031958,Middle-Aged,0.875,High
55,0,444,2,1,3,1,40,2,4,1,16581,17323,7,0,15,3,2,0,31,3,4,9,7,6,2,False,False,True,False,False,False,True,False,False,False,False,True,False,False,False,False,False,False,True,1.979376322216091,2.3482137808601977,2.535364701385363,0.32522751910309133,Senior,0.28125,High
43,0,415,25,3,3,1,79,2,3,4,10798,5268,5,0,13,3,3,1,18,5,3,1,0,0,0,False,True,False,True,False,False,True,False,False,False,False,False,False,False,False,True,False,False,False,0.6653541062033014,1.0193580649054894,0.8640128284861845,-0.9810141559830953,Middle-Aged,0.05263157894736842,High
20,1,769,9,3,4,0,54,3,1,4,2323,17205,1,1,14,3,2,0,2,3,3,2,2,0,2,True,False,False,True,False,True,False,False,False,False,False,False,False,False,False,False,True,False,True,-1.8531884744878788,-0.9280830889447882,-1.193035630466651,-0.8177339465973219,Young,0.6666666666666666,Low
21,1,1334,10,3,3,0,36,2,1,1,1416,17258,1,0,13,3,1,0,1,6,2,1,0,1,0,False,True,True,False,True,False,False,False,False,False,True,False,False,False,False,False,False,False,True,-1.7436866231534796,-1.1364995050559623,-1.3216011591512031,-0.9810141559830953,Young,0.5,Low
46,0,1003,8,4,4,0,74,2,2,1,4615,21029,8,1,23,4,1,3,19,2,3,16,13,1,7,False,True,True,False,True,False,False,False,False,False,False,False,False,False,True,False,False,False,False,0.9938596602064987,-0.40141227777961574,0.9925783571707368,1.4681889848035046,Senior,0.8,Medium
51,1,1323,4,4,1,1,34,3,1,3,2461,10332,9,1,12,3,3,3,18,2,4,10,0,2,7,False,True,True,False,True,False,False,False,False,False,False,False,False,False,True,False,False,True,False,1.5413689168784945,-0.8963725427228013,0.8640128284861845,0.48850772848886465,Senior,0.5263157894736842,Low
28,1,1366,24,2,2,1,72,2,3,1,8722,12355,1,0,12,3,1,0,10,2,2,10,7,1,9,False,False,True,False,False,False,False,False,True,False,False,False,False,False,False,False,False,False,True,-0.9771736638126857,0.5423211521747311,-0.16451140099023315,0.48850772848886465,Young,0.9090909090909091,High
26,0,192,1,2,1,1,59,2,1,1,3955,11141,1,0,16,3,1,2,6,2,3,5,3,1,3,False,True,True,False,False,False,True,False,False,False,True,False,False,False,False,False,False,True,False,-1.1961773664814839,-0.55307141188477,-0.678773515728442,-0.32789331844000197,Young,0.7142857142857143,Medium
30,0,1176,20,3,3,1,85,3,2,1,9957,9096,0,0,15,3,3,1,7,1,2,6,2,0,2,False,True,True,False,False,False,False,True,False,False,False,False,True,False,False,False,False,True,False,-0.7581699611438873,0.8261075622048306,-0.5502079870438897,-0.16461310905422863,Young,0.75,High
41,0,509,7,2,2,0,43,4,1,3,3376,18863,1,0,13,3,3,0,10,3,3,10,6,0,8,False,True,True,False,False,False,False,False,True,False,False,False,False,False,True,False,False,True,False,0.4463504035345031,-0.6861178340770191,-0.16451140099023315,0.48850772848886465,Middle-Aged,0.9090909090909091,Low
38,0,330,17,1,3,0,65,2,3,3,8823,24608,0,0,18,3,1,1,20,4,2,19,9,1,9,False,True,True,False,True,False,False,False,False,False,False,False,False,False,False,False,False,True,False,0.11784484953130571,0.5655295954241563,1.121143885855289,1.9580296129608246,Middle-Aged,0.9047619047619048,High
40,0,1492,20,4,1,1,61,3,3,4,10322,26542,4,0,20,4,4,1,14,6,3,11,10,11,1,False,True,True,False,False,False,False,False,True,False,False,False,False,False,False,False,False,True,False,0.33684855220010396,0.9099796590963175,0.34975071374797573,0.651787937874638,Middle-Aged,0.7333333333333333,High
27,0,1277,8,5,1,1,87,1,1,3,4621,5869,1,0,19,3,4,3,3,4,3,3,2,1,2,False,False,True,False,True,False,False,False,False,False,True,False,False,False,False,False,False,True,False,-1.0866755151470848,-0.4000335583786598,-1.0644701017820986,-0.6544537372115486,Young,0.75,Medium
55,0,1091,2,1,4,1,65,3,3,2,10976,15813,3,0,18,3,2,1,23,4,3,3,2,1,2,True,False,True,False,True,False,False,False,False,False,False,False,True,False,False,False,False,True,False,1.979376322216091,1.060260073800516,1.5068404719089457,-0.6544537372115486,Senior,0.125,High
28,0,857,10,3,3,0,59,3,2,3,3660,7909,3,0,13,3,4,0,10,4,4,8,7,1,7,False,True,True,False,False,False,False,True,False,False,False,False,False,False,True,False,False,False,True,-0.9771736638126857,-0.6208584490984376,-0.16451140099023315,0.16194730971731802,Young,0.7272727272727273,Medium
44,1,1376,1,2,2,1,91,2,3,1,10482,2326,9,0,14,3,4,1,24,1,3,20,6,3,6,False,True,False,False,False,False,True,False,False,True,False,False,False,False,False,False,False,True,False,0.7748559575377005,0.946745509788476,1.6354060005934978,2.1213098223465976,Middle-Aged,0.8,High
33,0,654,5,3,4,1,34,2,3,4,7119,21214,4,0,15,3,3,1,9,2,3,3,2,1,2,False,True,True,False,True,False,False,False,False,False,False,False,False,False,False,False,False,False,False,-0.42966440714069,0.17397328555266683,-0.2930769296747854,-0.6544537372115486,Middle-Aged,0.3,High
35,1,1204,4,3,4,1,86,3,3,1,9582,10333,0,1,22,4,1,0,9,2,3,8,7,4,7,False,True,False,True,False,False,False,False,True,False,False,False,False,False,False,True,False,False,True,-0.2106607044718917,0.7399375996450838,-0.2930769296747854,0.16194730971731802,Middle-Aged,0.8,High
33,1,827,29,4,1,0,54,2,2,3,4508,3129,1,0,22,4,2,0,14,4,3,13,7,3,8,True,False,True,False,False,False,True,False,False,False,False,False,False,False,True,False,False,False,True,-0.42966440714069,-0.4259994404299968,0.34975071374797573,0.9783483566461847,Middle-Aged,0.8666666666666667,Medium
28,0,895,15,2,1,1,50,3,1,3,2207,22482,1,0,16,3,4,1,4,5,2,4,2,2,2,False,True,True,False,True,False,False,False,False,False,True,False,False,False,False,False,False,False,False,-0.9771736638126857,-0.9547383306966032,-0.9359045730975464,-0.4911735278257753,Young,0.8,Low
34,0,618,3,1,1,1,45,3,2,4,7756,22266,0,0,17,3,3,0,7,1,2,6,2,0,4,True,False,True,False,True,False,False,False,False,False,False,False,False,False,False,False,False,False,True,-0.3201625558062908,0.3203473286208234,-0.5502079870438897,-0.16461310905422863,Middle-Aged,0.75,High
37,0,309,10,4,4,0,88,2,2,4,6694,24223,2,1,14,3,3,3,8,5,3,1,0,0,0,False,True,False,True,True,False,False,False,False,False,False,False,False,False,False,True,False,False,False,0.008342998196906572,0.07631399465162048,-0.42164245835933756,-0.9810141559830953,Middle-Aged,0.1111111111111111,High
25,1,1219,4,1,4,1,32,3,1,4,3691,4605,1,1,15,3,2,1,7,3,4,7,7,5,6,False,True,True,False,False,False,False,False,True,False,True,False,False,False,False,False,False,True,False,-1.3056792178158831,-0.6137350655268319,-0.5502079870438897,-0.0013328996684553085,Young,0.875,Medium
26,1,1330,21,3,1,1,37,3,1,3,2377,19373,1,0,20,4,3,1,1,0,2,1,1,0,0,False,True,True,False,False,False,True,False,False,False,True,False,False,False,False,False,False,False,False,-1.1961773664814839,-0.9156746143361846,-1.3216011591512031,-0.9810141559830953,Young,0.5,Low
33,1,1017,25,3,1,1,55,2,1,2,2313,2993,4,1,20,4,2,0,5,0,3,2,2,2,2,False,True,True,False,False,False,True,False,False,False,False,False,False,False,True,False,False,False,True,-0.42966440714069,-0.930380954613048,-0.8073390444129942,-0.8177339465973219,Middle-Aged,0.3333333333333333,Low
42,0,469,2,2,4,1,35,3,4,1,16581,14399,0,0,17,3,4,1,23,3,3,22,6,13,7,False,True,True,False,False,False,True,False,False,False,False,True,False,False,False,False,False,True,False,0.5558522548689022,2.3482137808601977,1.5068404719089457,2.4478702411181446,Middle-Aged,0.9166666666666666,High
28,1,1009,1,3,1,1,45,2,1,2,2596,7160,1,0,15,3,1,2,1,2,3,1,0,0,0,True,False,True,False,False,False,True,False,False,False,True,False,False,False,False,False,False,False,False,-0.9771736638126857,-0.8653513562012924,-1.3216011591512031,-0.9810141559830953,Young,0.5,Low
50,1,959,1,4,4,1,81,3,2,3,4728,17251,3,1,14,3,4,0,5,4,3,0,0,0,0,True,False,False,True,False,False,False,True,False,False,False,False,False,False,False,True,False,False,True,1.4318670655440953,-0.3754463957282787,-0.8073390444129942,-1.1442943653688686,Senior,0.0,Medium
33,0,970,7,3,4,0,30,3,2,2,4302,13401,0,0,17,3,3,1,4,3,3,3,2,0,2,True,False,False,True,True,False,False,False,False,False,False,False,False,False,False,True,False,True,False,-0.42966440714069,-0.47333547319615105,-0.9359045730975464,-0.6544537372115486,Middle-Aged,0.6,Medium
34,0,697,3,4,3,1,40,2,1,4,2979,22478,3,0,17,3,4,3,6,2,3,0,0,0,0,False,False,True,False,True,False,False,False,False,False,False,False,False,False,True,False,False,True,False,-0.3201625558062908,-0.7773431011069377,-0.678773515728442,-1.1442943653688686,Middle-Aged,0.0,Low
48,0,1262,1,4,1,1,35,4,4,4,16581,16154,2,0,22,4,3,0,27,3,2,5,4,2,1,False,False,True,False,False,False,True,False,False,False,False,True,False,False,False,False,False,False,True,1.2128633628752972,2.3482137808601977,2.0211025866471544,-0.32789331844000197,Senior,0.17857142857142858,High
45,0,1050,9,4,2,0,65,2,2,3,5593,17970,1,0,13,3,4,1,15,2,3,15,10,4,12,False,False,False,True,True,False,False,False,False,False,False,False,False,False,False,True,False,True,False,0.8843578088720997,-0.1766810154237961,0.4783162424325279,1.3049087754177313,Middle-Aged,0.9375,Medium
52,0,994,7,4,2,1,87,3,3,2,10445,15322,7,0,19,3,4,0,18,4,3,8,6,4,0,False,True,True,False,True,False,False,False,False,False,False,False,False,False,False,False,False,False,True,1.6508707682128936,0.9382434068159144,0.8640128284861845,0.16194730971731802,Senior,0.42105263157894735,High
38,0,770,10,4,3,1,73,2,3,3,8740,5569,0,1,14,3,2,2,9,2,3,8,7,2,7,False,True,False,True,False,True,False,False,False,False,False,False,False,False,False,True,False,False,False,0.11784484953130571,0.546457310377599,-0.2930769296747854,0.16194730971731802,Middle-Aged,0.8,High
29,0,1107,28,4,3,0,93,3,1,4,2514,26968,4,0,22,4,1,1,11,1,3,7,5,1,7,False,True,True,False,True,False,False,False,False,False,False,False,False,False,True,False,False,False,False,-0.8676718124782865,-0.8841938546810237,-0.03594587230568093,-0.0013328996684553085,Young,0.5833333333333334,Low
28,0,950,3,3,4,0,93,3,3,2,7655,8039,0,0,17,3,2,3,10,3,2,9,7,1,7,False,True,True,False,False,False,True,False,False,False,False,False,True,False,False,False,False,False,False,-0.9771736638126857,0.29713888537139826,-0.16451140099023315,0.32522751910309133,Young,0.8181818181818182,High
46,0,406,3,1,1,1,52,3,4,3,16581,15596,3,0,12,3,4,1,23,3,3,12,9,4,9,False,True,False,True,False,True,False,False,False,False,False,True,False,False,False,False,False,True,False,0.9938596602064987,2.3482137808601977,1.5068404719089457,0.8150681472604113,Senior,0.5,High
38,0,130,2,2,4,1,32,3,3,2,7351,20619,7,0,16,3,3,0,10,2,3,1,0,0,0,False,True,False,True,False,True,False,False,False,False,False,False,False,False,False,True,False,False,True,0.11784484953130571,0.22728376905629685,-0.16451140099023315,-0.9810141559830953,Middle-Aged,0.09090909090909091,High
43,0,1082,27,3,3,0,83,3,3,1,10820,11535,8,0,11,3,3,1,18,1,3,8,7,0,1,True,False,True,False,True,False,False,False,False,False,False,False,True,False,False,False,False,True,False,0.6653541062033014,1.0244133693756612,0.8640128284861845,0.16194730971731802,Middle-Aged,0.42105263157894735,High
39,1,203,2,3,1,1,84,3,4,4,12169,13547,7,0,11,3,4,3,21,4,3,18,7,11,5,True,False,True,False,True,False,False,False,False,False,False,False,False,False,False,False,False,False,False,0.22734670086570485,1.3343954480239237,1.2497094145398413,1.794749403575051,Middle-Aged,0.8181818181818182,High
40,0,1308,14,3,3,1,44,2,5,3,16581,17544,1,0,14,3,1,0,21,2,4,20,7,4,9,False,True,True,False,False,False,True,False,False,False,False,False,False,True,False,False,False,False,True,0.33684855220010396,2.3482137808601977,1.2497094145398413,2.1213098223465976,Middle-Aged,0.9090909090909091,High
21,0,984,1,1,4,0,70,2,1,2,2070,25326,1,1,11,3,3,0,2,6,4,2,2,2,2,False,True,True,False,False,False,False,False,True,False,False,False,False,False,True,False,False,False,True,-1.7436866231534796,-0.986219090351764,-1.193035630466651,-0.8177339465973219,Young,0.6666666666666666,Low
39,0,439,9,3,3,1,70,3,2,2,6782,8770,9,0,15,3,3,0,9,2,2,5,4,0,3,False,False,True,False,True,False,False,False,False,False,True,False,False,False,False,False,False,False,True,0.22734670086570485,0.09653521253230773,-0.2930769296747854,-0.32789331844000197,Middle-Aged,0.5,High
36,0,217,18,4,1,1,78,3,2,4,7779,23238,2,0,20,4,1,0,18,0,3,11,9,0,9,False,False,True,False,True,False,False,False,False,False,False,False,True,False,False,False,False,False,True,-0.10115885313749257,0.3256324196578212,0.8640128284861845,0.651787937874638,Middle-Aged,0.5789473684210527,High
31,0,793,20,3,3,1,67,4,1,4,2791,21981,0,0,12,3,1,1,3,4,3,2,2,2,2,True,False,False,True,True,False,False,False,False,False,False,False,False,False,False,False,True,True,False,-0.6486681098094882,-0.8205429756702242,-1.0644701017820986,-0.8177339465973219,Middle-Aged,0.5,Low
28,0,1451,2,1,1,1,67,2,1,2,3201,19911,0,0,17,3,1,0,6,2,1,5,3,0,4,False,True,True,False,True,False,False,False,False,False,False,False,False,False,True,False,False,True,False,-0.9771736638126857,-0.7263304832715677,-0.678773515728442,-0.32789331844000197,Young,0.7142857142857143,Low
35,0,1182,11,2,4,1,54,3,2,4,4968,18500,1,0,11,3,4,1,5,3,3,5,2,0,2,True,False,False,True,False,True,False,False,False,False,False,False,False,False,False,True,False,False,False,-0.2106607044718917,-0.3202976196900408,-0.8073390444129942,-0.32789331844000197,Middle-Aged,0.8333333333333334,Medium
49,0,174,8,4,4,1,56,2,4,2,13120,11879,6,0,17,3,2,1,22,3,3,9,8,2,3,False,True,False,True,False,False,False,False,True,False,False,False,False,False,False,True,False,True,False,1.3223652142096962,1.5529224730754416,1.3782749432243935,0.32522751910309133,Senior,0.391304347826087,High
34,0,1003,2,2,4,1,95,3,2,3,4033,15834,2,0,11,3,4,0,5,3,2,3,2,0,2,True,False,True,False,True,False,False,False,False,False,False,False,True,False,False,False,False,False,True,-0.3201625558062908,-0.5351480596723428,-0.8073390444129942,-0.6544537372115486,Middle-Aged,0.5,Medium
29,0,490,10,3,4,0,61,3,1,2,3291,17940,0,0,14,3,4,2,8,2,2,7,5,1,1,True,False,True,False,True,False,False,False,False,False,False,False,False,False,True,False,False,False,False,-0.8676718124782865,-0.7056496922572284,-0.42164245835933756,-0.0013328996684553085,Young,0.7777777777777778,Low
42,0,188,29,3,2,1,56,1,2,4,4272,9558,4,0,19,3,1,0,16,3,3,1,0,0,0,False,True,True,False,False,False,True,False,False,False,True,False,False,False,False,False,False,False,True,0.5558522548689022,-0.4802290702009308,0.6068817711170802,-0.9810141559830953,Middle-Aged,0.058823529411764705,Medium
29,0,718,8,1,2,1,79,2,2,4,5056,17689,1,1,15,3,3,1,10,2,2,10,7,1,2,False,True,True,False,False,False,True,False,False,False,False,False,True,False,False,False,False,True,False,-0.8676718124782865,-0.3000764018093535,-0.16451140099023315,0.48850772848886465,Young,0.9090909090909091,Medium
38,0,433,1,3,3,1,37,4,1,3,2844,6004,1,0,13,3,4,1,7,2,4,7,6,5,0,False,True,False,False,False,False,False,False,False,True,False,False,False,False,False,False,False,True,False,0.11784484953130571,-0.8083642876284466,-0.5502079870438897,-0.0013328996684553085,Middle-Aged,0.875,Low
28,0,773,6,3,3,1,39,2,1,3,2703,22088,1,1,14,3,4,1,3,2,3,3,1,0,2,True,False,True,False,True,False,False,False,False,False,False,False,False,False,True,False,False,False,False,-0.9771736638126857,-0.8407641935509114,-1.0644701017820986,-0.6544537372115486,Young,0.75,Low
18,1,247,8,1,3,1,80,3,1,3,1904,13556,1,0,12,3,4,0,0,0,3,0,0,0,0,False,False,True,False,False,False,True,False,False,False,True,False,False,False,False,False,False,False,True,-2.072192177156677,-1.0243636604448785,-1.4501666878357553,-1.1442943653688686,Young,0.0,Low
33,1,603,9,4,1,0,77,3,2,1,8224,18385,0,1,17,3,1,0,6,3,3,5,2,0,3,False,True,False,True,False,True,False,False,False,False,False,False,False,False,False,True,False,False,True,-0.42966440714069,0.4278874418953874,-0.678773515728442,-0.32789331844000197,Middle-Aged,0.7142857142857143,High
41,0,167,12,4,2,1,46,3,1,4,4766,9051,3,1,11,3,1,1,6,4,3,1,0,0,0,False,True,True,False,True,False,False,False,False,False,True,False,False,False,False,False,False,True,False,0.4463504035345031,-0.366714506188891,-0.678773515728442,-0.9810141559830953,Middle-Aged,0.14285714285714285,Medium
31,1,874,15,3,3,1,72,3,1,3,2610,6233,1,0,12,3,3,1,2,5,2,2,2,2,2,True,False,True,False,False,False,True,False,False,False,True,False,False,False,False,False,False,True,False,-0.6486681098094882,-0.8621343442657285,-1.193035630466651,-0.8177339465973219,Middle-Aged,0.6666666666666666,Low
37,0,367,25,2,3,0,52,2,2,4,5731,17171,7,0,13,3,3,2,9,2,3,6,2,1,3,False,True,True,False,False,False,True,False,False,False,False,False,False,False,False,False,False,False,False,0.008342998196906572,-0.14497046920180928,-0.2930769296747854,-0.16461310905422863,Middle-Aged,0.6,Medium
27,0,199,6,3,4,1,55,2,1,3,2539,7950,1,0,13,3,3,1,4,0,3,4,2,2,2,False,True,True,False,True,False,False,False,False,False,False,False,False,False,True,False,False,True,False,-1.0866755151470848,-0.878449190510374,-0.9359045730975464,-0.4911735278257753,Young,0.8,Low
34,0,1400,9,1,2,0,70,3,2,3,5714,5829,1,0,20,4,1,0,6,3,2,6,5,1,3,False,True,False,True,True,False,False,False,False,False,False,False,False,False,False,True,False,True,False,-0.3201625558062908,-0.14887684083785113,-0.678773515728442,-0.16461310905422863,Middle-Aged,0.8571428571428571,Medium
35,0,528,8,4,3,1,100,3,1,3,4323,7108,1,0,17,3,2,0,6,2,1,5,4,1,4,False,True,False,False,False,False,False,False,True,True,False,False,False,False,False,False,False,False,True,-0.2106607044718917,-0.46850995529280526,-0.678773515728442,-0.32789331844000197,Middle-Aged,0.7142857142857143,Medium
29,1,408,23,1,4,0,45,2,3,1,7336,11162,1,0,13,3,1,1,11,3,1,11,8,3,10,False,True,False,True,True,False,False,False,False,False,False,False,False,False,False,True,False,True,False,-0.8676718124782865,0.223836970553907,-0.03594587230568093,0.651787937874638,Young,0.9166666666666666,High
40,0,593,9,4,2,0,88,3,3,3,13499,13782,9,0,17,3,3,0,20,3,2,18,7,2,13,True,False,True,False,False,False,True,False,False,False,False,False,False,True,False,False,False,False,True,0.33684855220010396,1.6400115819024923,1.121143885855289,1.794749403575051,Middle-Aged,0.8571428571428571,High
42,1,481,12,3,3,1,44,3,4,1,13758,2447,0,1,12,3,2,0,22,2,2,21,9,13,14,True,False,False,True,True,False,False,False,False,False,False,False,False,False,False,True,False,False,True,0.5558522548689022,1.6995263027104242,1.3782749432243935,2.284590031732371,Middle-Aged,0.9130434782608695,High
42,0,647,4,4,2,1,45,3,2,1,5155,2253,7,0,13,3,4,0,9,3,4,6,4,1,5,False,True,False,True,False,True,False,False,False,False,False,False,False,False,False,True,False,False,True,0.5558522548689022,-0.2773275316935804,-0.2930769296747854,-0.16461310905422863,Middle-Aged,0.6,Medium
35,0,982,1,4,4,1,58,2,1,3,2258,16340,6,0,12,3,2,1,10,2,3,8,0,1,7,False,True,True,False,False,False,True,False,False,False,True,False,False,False,False,False,False,True,False,-0.2106607044718917,-0.9430192157884776,-0.16451140099023315,0.16194730971731802,Middle-Aged,0.7272727272727273,Low
24,0,477,24,3,4,1,49,3,1,2,3597,6409,8,0,22,4,4,0,6,2,3,4,3,1,2,False,True,True,False,False,False,True,False,False,False,True,False,False,False,False,False,False,False,True,-1.4151810691502822,-0.635335002808475,-0.678773515728442,-0.4911735278257753,Young,0.5714285714285714,Low
28,1,1485,12,1,3,0,79,3,1,4,2515,22955,1,1,11,3,4,0,1,4,2,1,1,0,0,False,True,True,False,True,False,False,False,False,False,True,False,False,False,False,False,False,True,False,-0.9771736638126857,-0.8839640681141978,-1.3216011591512031,-0.9810141559830953,Young,0.5,Low
26,0,1384,3,4,1,1,82,4,1,4,4420,13421,1,0,22,4,2,1,8,2,3,8,7,0,7,False,True,True,False,False,False,True,False,False,False,True,False,False,False,False,False,False,True,False,-1.1961773664814839,-0.4462206583106841,-0.42164245835933756,0.16194730971731802,Young,0.8888888888888888,Medium
30,0,852,10,3,3,1,72,2,2,3,6578,2706,1,0,18,3,1,1,10,3,3,10,3,1,4,False,True,False,True,False,True,False,False,False,False,False,False,False,False,False,True,False,True,False,-0.7581699611438873,0.049658752899805474,-0.16451140099023315,0.48850772848886465,Young,0.9090909090909091,High
40,0,902,26,2,3,0,92,2,2,4,4422,21203,3,1,13,3,4,1,16,3,1,1,1,0,0,True,False,True,False,False,False,True,False,False,False,False,False,False,False,True,False,False,True,False,0.33684855220010396,-0.4457610851770321,0.6068817711170802,-0.9810141559830953,Middle-Aged,0.058823529411764705,Medium
35,0,819,2,3,3,1,44,2,3,2,10274,19588,2,0,18,3,2,1,15,2,4,7,7,6,4,False,True,True,False,True,False,False,False,False,False,False,False,True,False,False,False,False,False,False,-0.2106607044718917,0.8989499038886699,0.4783162424325279,-0.0013328996684553085,Middle-Aged,0.4375,High
34,0,669,1,3,4,1,97,2,2,1,5343,25755,0,0,20,4,3,0,14,3,3,13,9,4,9,True,False,True,False,False,False,True,False,False,False,False,False,False,False,False,False,False,False,True,-0.3201625558062908,-0.23412765713029396,0.34975071374797573,0.9783483566461847,Middle-Aged,0.8666666666666667,Medium
35,0,636,4,4,4,1,47,2,1,4,2376,26537,1,0,13,3,2,1,2,2,4,2,2,2,2,True,False,True,False,False,False,False,True,False,False,True,False,False,False,False,False,False,True,False,-0.2106607044718917,-0.9159044009030106,-1.193035630466651,-0.8177339465973219,Middle-Aged,0.6666666666666666,Low
43,1,1372,9,3,1,0,85,1,2,3,5346,9489,8,0,13,3,2,0,7,2,2,4,3,1,3,False,True,False,True,False,True,False,False,False,False,False,False,False,False,False,True,False,False,True,0.6653541062033014,-0.233438297429816,-0.5502079870438897,-0.4911735278257753,Middle-Aged,0.5,Medium
32,0,862,2,1,3,0,76,3,1,1,2827,14947,1,0,12,3,3,3,1,3,3,1,0,0,0,False,False,False,True,True,False,False,False,False,False,False,False,False,False,False,False,True,False,False,-0.5391662584750891,-0.8122706592644885,-1.3216011591512031,-0.9810141559830953,Middle-Aged,0.5,Low
56,0,718,4,4,4,0,92,3,5,1,16581,18575,4,0,13,3,4,1,28,2,3,5,2,4,2,False,True,True,False,False,False,False,False,True,False,False,True,False,False,False,False,False,False,False,2.08887817355049,2.3482137808601977,2.1496681153317065,-0.32789331844000197,Senior,0.1724137931034483,High
29,0,1401,6,1,2,0,54,3,1,4,3131,26342,1,0,13,3,1,1,10,5,3,10,8,0,8,False,True,True,False,False,False,True,False,False,False,True,False,False,False,False,False,False,True,False,-0.8676718124782865,-0.742415542949387,-0.16451140099023315,0.48850772848886465,Young,0.9090909090909091,Low
19,0,645,9,2,3,1,54,3,1,1,2552,7172,1,0,25,4,3,0,1,4,3,1,1,0,0,False,True,True,False,True,False,False,False,False,False,False,False,False,False,True,False,False,False,True,-1.9626903258222779,-0.8754619651416361,-1.3216011591512031,-0.9810141559830953,Young,0.5,Low
45,0,1457,7,3,1,0,83,3,1,3,4477,20100,4,1,19,3,3,1,7,2,2,3,2,0,2,False,True,True,False,False,False,True,False,False,False,False,False,False,False,True,False,False,True,False,0.8843578088720997,-0.43312282400160257,-0.5502079870438897,-0.6544537372115486,Middle-Aged,0.375,Medium
37,0,977,1,3,4,0,56,2,2,4,6474,9961,1,0,13,3,2,1,14,2,2,14,8,3,11,False,True,True,False,True,False,False,False,False,False,False,False,True,False,False,False,False,True,False,0.008342998196906572,0.025760949949902363,0.34975071374797573,1.141628566031958,Middle-Aged,0.9333333333333333,Medium
20,0,805,3,3,1,1,87,2,1,3,3033,12828,1,0,12,3,1,0,2,2,2,2,2,1,2,False,True,True,False,True,False,False,False,False,False,True,False,False,False,False,False,False,False,True,-1.8531884744878788,-0.7649346264983342,-1.193035630466651,-0.8177339465973219,Young,0.6666666666666666,Low
44,1,1097,10,4,3,1,96,3,1,3,2936,10826,1,1,11,3,3,0,6,4,3,6,4,0,2,False,True,True,False,True,False,False,False,False,False,False,False,False,False,True,False,False,False,True,0.7748559575377005,-0.7872239234804553,-0.678773515728442,-0.16461310905422863,Middle-Aged,0.8571428571428571,Low
53,0,1223,7,2,4,0,50,3,5,3,16581,18640,3,0,18,3,2,1,26,6,3,7,7,4,7,False,True,True,False,False,False,True,False,False,False,False,True,False,False,False,False,False,False,False,1.7603726195472926,2.3482137808601977,1.8925370579626022,-0.0013328996684553085,Senior,0.25925925925925924,High
29,0,942,15,1,2,0,69,1,1,4,2168,26933,0,1,18,3,1,1,6,2,2,5,4,1,3,False,True,True,False,True,False,False,False,False,False,False,False,False,False,True,False,False,True,False,-0.8676718124782865,-0.9637000068028169,-0.678773515728442,-0.32789331844000197,Young,0.7142857142857143,Low
22,1,1256,3,4,3,1,48,2,1,4,2853,4223,0,1,11,3,2,1,1,5,3,0,0,0,0,True,False,True,False,True,False,False,False,False,False,False,False,False,False,True,False,False,True,False,-1.6341847718190805,-0.8062962085270127,-1.3216011591512031,-1.1442943653688686,Young,0.0,Low
46,0,1402,2,3,3,0,69,3,4,1,16581,24097,8,0,23,4,1,0,28,2,3,26,15,15,9,False,True,False,True,False,True,False,False,False,False,False,True,False,False,False,False,False,True,False,0.9938596602064987,2.3482137808601977,2.1496681153317065,3.1009910786612376,Senior,0.896551724137931,High
44,0,111,17,3,4,1,74,1,1,3,2290,4279,2,0,13,3,4,0,6,3,3,0,0,0,0,False,False,True,False,True,False,False,False,False,False,False,False,False,False,True,False,False,False,True,0.7748559575377005,-0.9356660456500459,-0.678773515728442,-1.1442943653688686,Middle-Aged,0.0,Low
33,0,147,2,3,2,1,99,3,1,3,3600,8429,1,0,13,3,4,1,5,2,3,5,4,1,4,False,True,False,False,False,False,False,False,False,True,False,False,False,False,False,False,False,True,False,-0.42966440714069,-0.6346456431079971,-0.8073390444129942,-0.32789331844000197,Middle-Aged,0.8333333333333334,Low
41,1,906,5,2,1,1,95,2,1,1,2107,20293,6,0,17,3,1,1,5,2,1,1,0,0,0,False,False,True,False,True,False,False,False,False,False,False,False,False,False,True,False,False,False,False,0.4463504035345031,-0.9777169873792023,-0.8073390444129942,-0.9810141559830953,Middle-Aged,0.16666666666666666,Low
30,0,1329,29,4,3,1,61,3,2,1,4115,13192,8,0,19,3,3,3,8,3,3,4,3,0,3,False,True,False,True,True,False,False,False,False,False,False,False,False,False,False,True,False,False,False,-0.7581699611438873,-0.5163055611926115,-0.42164245835933756,-0.4911735278257753,Young,0.4444444444444444,Medium
40,0,1184,2,4,2,1,62,3,2,2,4327,25440,5,0,12,3,4,3,5,2,3,0,0,0,0,True,False,False,True,False,False,True,False,False,False,False,False,False,False,False,True,False,True,False,0.33684855220010396,-0.46759080902550126,-0.8073390444129942,-1.1442943653688686,Middle-Aged,0.0,Medium
50,0,1421,2,3,4,0,30,3,4,1,16581,9490,2,0,22,4,3,1,32,3,3,2,2,2,2,True,False,True,False,False,False,True,False,False,False,False,True,False,False,False,False,False,True,False,1.4318670655440953,2.3482137808601977,2.6639302300699153,-0.8177339465973219,Senior,0.06060606060606061,High
28,0,1179,19,4,4,1,78,2,1,1,3196,12449,1,0,12,3,3,3,6,2,3,6,5,3,3,False,True,True,False,False,False,True,False,False,False,True,False,False,False,False,False,False,True,False,-0.9771736638126857,-0.7274794161056977,-0.678773515728442,-0.16461310905422863,Young,0.8571428571428571,Low
46,0,1450,15,2,4,1,52,3,5,2,16581,10849,5,0,11,3,1,1,25,2,3,4,2,0,3,False,True,True,False,True,False,False,False,False,False,False,False,False,True,False,False,False,True,False,0.9938596602064987,2.3482137808601977,1.76397152927805,-0.4911735278257753,Senior,0.15384615384615385,High
35,0,1361,17,4,3,1,94,3,2,1,8966,21026,3,1,15,3,4,3,15,2,3,7,7,1,7,False,True,False,True,True,False,False,False,False,False,False,False,False,False,False,True,False,True,False,-0.2106607044718917,0.598389074480273,0.4783162424325279,-0.0013328996684553085,Middle-Aged,0.4375,High
24,1,984,17,2,4,0,97,3,1,2,2210,3372,1,0,13,3,1,1,1,3,1,1,0,0,0,False,True,True,False,True,False,False,False,False,False,True,False,False,False,False,False,False,True,False,-1.4151810691502822,-0.9540489709961252,-1.3216011591512031,-0.9810141559830953,Young,0.5,Low
33,0,1146,25,3,2,0,82,3,2,3,4539,4905,1,0,12,3,1,1,10,3,2,10,7,0,1,True,False,False,True,False,False,True,False,False,False,False,False,False,False,False,True,False,True,False,-0.42966440714069,-0.4188760568583911,-0.16451140099023315,0.48850772848886465,Middle-Aged,0.9090909090909091,Medium
36,0,917,6,4,3,1,60,1,1,3,2741,6865,1,0,14,3,3,1,7,4,3,7,7,1,7,False,True,True,False,True,False,False,False,False,False,True,False,False,False,False,False,False,False,False,-0.10115885313749257,-0.8320323040115237,-0.5502079870438897,-0.0013328996684553085,Middle-Aged,0.875,Low
30,0,853,7,4,3,1,49,3,2,3,3491,11309,1,0,13,3,1,3,10,4,2,10,7,8,9,False,True,True,False,True,False,False,False,False,False,True,False,False,False,False,False,False,False,False,-0.7581699611438873,-0.6596923788920301,-0.16451140099023315,0.48850772848886465,Young,0.9090909090909091,Low
44,0,200,29,4,4,1,32,3,2,4,4541,7744,1,0,25,4,2,0,20,3,3,20,11,13,17,False,True,True,False,False,False,False,True,False,False,False,False,False,False,True,False,False,False,True,0.7748559575377005,-0.4184164837247391,1.121143885855289,2.1213098223465976,Middle-Aged,0.9523809523809523,Medium
20,0,654,21,3,3,1,43,4,1,4,2678,5050,1,0,17,3,4,0,2,2,3,2,1,2,2,False,True,False,True,False,True,False,False,False,False,False,False,False,False,False,False,True,False,True,-1.8531884744878788,-0.8465088577215611,-1.193035630466651,-0.8177339465973219,Young,0.6666666666666666,Low
46,0,150,2,4,4,1,60,3,2,4,7379,17433,2,0,11,3,3,1,12,3,2,6,3,1,4,False,True,True,False,False,False,False,False,True,False,False,False,True,False,False,False,False,False,False,0.9938596602064987,0.23371779292742462,0.09261965637887129,-0.16461310905422863,Senior,0.46153846153846156,High
42,0,179,2,5,4,1,79,4,2,1,6272,12858,7,0,16,3,1,1,10,3,4,4,3,0,3,False,False,False,False,False,False,True,False,False,True,False,False,False,False,False,False,False,True,False,0.5558522548689022,-0.02065593654894791,-0.16451140099023315,-0.4911735278257753,Middle-Aged,0.36363636363636365,Medium
60,0,696,7,4,2,1,52,4,2,4,5220,10893,0,1,18,3,2,1,12,3,3,11,7,1,9,False,True,False,True,False,True,False,False,False,False,False,False,False,False,False,True,False,False,False,2.526885578888087,-0.26239140484989093,0.09261965637887129,0.651787937874638,Senior,0.8461538461538461,Medium
32,0,116,13,3,3,0,77,2,1,2,2743,7331,1,0,20,4,3,1,2,2,3,2,2,2,2,True,False,True,False,False,False,False,True,False,False,True,False,False,False,False,False,False,True,False,-0.5391662584750891,-0.8315727308778718,-1.193035630466651,-0.8177339465973219,Middle-Aged,0.6666666666666666,Low
32,0,1316,2,2,4,0,38,3,2,3,4998,2338,4,1,14,3,4,0,10,2,3,8,7,0,7,True,False,True,False,True,False,False,False,False,False,False,False,False,False,True,False,False,False,True,-0.5391662584750891,-0.313404022685261,-0.16451140099023315,0.16194730971731802,Middle-Aged,0.7272727272727273,Medium
36,0,363,1,3,3,0,77,1,3,1,10252,4235,2,1,21,4,3,1,17,2,3,7,7,7,7,False,True,True,False,False,False,False,False,True,False,False,False,True,False,False,False,False,False,False,-0.10115885313749257,0.893894599418498,0.7354472998016324,-0.0013328996684553085,Middle-Aged,0.3888888888888889,High
33,0,117,9,3,1,1,60,3,1,4,2781,6311,0,0,13,3,2,1,15,5,3,14,10,4,10,False,True,True,False,False,False,True,False,False,False,False,False,False,False,True,False,False,True,False,-0.42966440714069,-0.822840841338484,0.4783162424325279,1.141628566031958,Middle-Aged,0.875,Low
40,0,107,10,3,2,0,84,2,2,2,6852,11591,7,0,12,3,2,1,7,2,4,5,1,1,3,False,True,False,True,False,False,False,False,True,False,False,False,False,False,False,True,False,False,False,0.33684855220010396,0.11262027221012713,-0.5502079870438897,-0.32789331844000197,Middle-Aged,0.625,High
25,0,1356,10,4,3,1,57,3,2,4,4950,20623,0,0,14,3,2,0,5,4,3,4,3,1,1,False,True,False,True,True,False,False,False,False,False,False,False,False,False,False,True,False,False,True,-1.3056792178158831,-0.3244337778929086,-0.8073390444129942,-0.4911735278257753,Young,0.6666666666666666,Medium
30,0,1465,1,3,4,1,63,3,1,2,3579,9369,0,1,21,4,1,1,12,2,3,11,9,5,7,False,True,True,False,False,False,True,False,False,False,False,False,False,False,True,False,False,True,False,-0.7581699611438873,-0.6394711610113429,0.09261965637887129,0.651787937874638,Young,0.8461538461538461,Low
42,0,458,26,5,1,0,60,3,3,1,13191,23281,3,1,17,3,3,0,20,6,3,1,0,0,0,True,False,True,False,False,False,True,False,False,False,False,False,False,True,False,False,False,True,False,0.5558522548689022,1.569237319320087,1.121143885855289,-0.9810141559830953,Middle-Aged,0.047619047619047616,High
35,0,1212,8,2,3,0,78,2,3,4,10377,13755,4,1,11,3,2,1,16,6,2,13,2,4,12,False,False,False,True,False,True,False,False,False,False,False,False,False,False,False,True,False,True,False,-0.2106607044718917,0.9226179202717469,0.6068817711170802,0.9783483566461847,Middle-Aged,0.7647058823529411,High
27,0,1103,14,3,1,1,42,3,1,1,2235,14377,1,1,14,3,4,2,9,3,2,9,7,6,8,False,True,True,False,True,False,False,False,False,False,False,False,False,False,True,False,False,True,False,-1.0866755151470848,-0.9483043068254754,-0.2930769296747854,0.32522751910309133,Young,0.9,Low
54,0,966,1,4,4,0,53,3,3,3,10502,9659,7,0,17,3,1,1,33,2,1,5,4,1,4,True,False,True,False,True,False,False,False,False,False,False,False,True,False,False,False,False,False,False,1.869874470881692,0.951341241124996,2.7924957587544674,-0.32789331844000197,Senior,0.14705882352941177,High
44,0,1117,2,1,1,0,72,4,1,4,2011,19982,1,0,13,3,4,1,10,5,3,10,5,7,7,False,True,True,False,True,False,False,False,False,False,False,False,False,False,True,False,False,True,False,0.7748559575377005,-0.9997764977944975,-0.16451140099023315,0.48850772848886465,Middle-Aged,0.9090909090909091,Low
19,1,504,10,3,1,0,96,2,1,2,1859,6148,1,1,25,4,2,0,1,2,4,1,1,0,0,False,False,True,False,False,False,True,False,False,False,False,False,False,False,True,False,False,False,True,-1.9626903258222779,-1.0347040559520482,-1.3216011591512031,-0.9810141559830953,Young,0.5,Low
29,0,1010,1,3,1,0,97,3,1,4,3760,5598,1,0,15,3,1,3,3,5,3,3,2,1,2,False,True,True,False,True,False,False,False,False,False,False,False,False,False,True,False,False,False,False,-0.8676718124782865,-0.5978797924158384,-1.0644701017820986,-0.6544537372115486,Young,0.75,Medium
54,0,685,3,3,4,1,85,3,4,4,16581,23474,3,0,14,3,1,0,36,2,3,10,9,0,9,False,True,True,False,True,False,False,False,False,False,False,False,False,True,False,False,False,True,False,1.869874470881692,2.3482137808601977,3.1781923448081244,0.48850772848886465,Senior,0.2702702702702703,High
31,0,1332,11,2,3,1,80,3,2,1,6833,17089,1,1,12,3,4,0,6,2,2,6,5,0,1,False,True,True,False,False,False,True,False,False,False,False,False,False,False,False,False,False,True,False,-0.6486681098094882,0.1082543274404333,-0.678773515728442,-0.16461310905422863,Middle-Aged,0.8571428571428571,High
31,0,1062,24,3,3,0,96,2,2,1,6812,17198,1,0,19,3,2,0,10,2,3,10,9,1,8,False,True,True,False,False,False,True,False,False,False,False,False,False,False,False,False,False,False,True,-0.6486681098094882,0.10342880953708747,-0.16451140099023315,0.48850772848886465,Middle-Aged,0.9090909090909091,High
59,0,326,3,3,3,0,48,2,2,4,5171,16490,5,0,17,3,4,0,13,2,3,6,1,0,5,False,True,False,True,True,False,False,False,False,False,False,False,False,False,False,True,False,False,True,2.4173837275536876,-0.2736509466243645,0.2211851850634235,-0.16461310905422863,Senior,0.42857142857142855,Medium
43,0,920,3,3,3,1,96,1,5,4,16581,18625,3,0,14,3,2,1,25,2,3,8,7,0,7,False,True,True,False,True,False,False,False,False,False,False,False,False,True,False,False,False,True,False,0.6653541062033014,2.3482137808601977,1.76397152927805,0.16194730971731802,Middle-Aged,0.3076923076923077,High
49,0,1098,4,2,1,1,85,2,5,3,16581,12124,2,0,13,3,3,1,23,2,4,1,0,0,0,False,True,True,False,False,False,True,False,False,False,False,True,False,False,False,False,False,True,False,1.3223652142096962,2.3482137808601977,1.5068404719089457,-0.9810141559830953,Senior,0.041666666666666664,High
36,0,469,3,3,3,1,46,3,1,2,3692,9256,1,0,12,3,3,0,12,2,2,11,10,0,7,True,False,True,False,False,False,False,False,True,False,False,False,False,False,True,False,False,True,False,-0.10115885313749257,-0.6135052789600058,0.09261965637887129,0.651787937874638,Middle-Aged,0.8461538461538461,Medium
48,0,969,2,2,4,1,76,4,1,2,2559,16620,5,0,11,3,3,0,7,4,2,1,0,0,0,False,True,True,False,False,False,False,False,True,False,True,False,False,False,False,False,False,False,True,1.2128633628752972,-0.8738534591738542,-0.5502079870438897,-0.9810141559830953,Senior,0.125,Low
27,0,1167,4,2,1,1,76,3,1,3,2517,3208,1,0,11,3,2,3,5,2,3,5,3,0,3,False,True,True,False,True,False,False,False,False,False,False,False,False,False,True,False,False,False,False,-1.0866755151470848,-0.8835044949805458,-0.8073390444129942,-0.32789331844000197,Young,0.8333333333333334,Low
29,0,1329,7,3,3,1,82,3,2,4,6623,4204,1,1,11,3,2,2,6,2,3,6,0,1,0,False,True,True,False,True,False,False,False,False,False,False,False,False,False,False,False,False,False,False,-0.8676718124782865,0.05999914840697509,-0.678773515728442,-0.16461310905422863,Young,0.8571428571428571,High
48,0,715,1,3,4,1,76,2,5,4,16581,8733,6,0,12,3,3,0,25,3,4,1,0,0,0,False,True,True,False,True,False,False,False,False,False,False,False,False,True,False,False,False,False,True,1.2128633628752972,2.3482137808601977,1.76397152927805,-0.9810141559830953,Senior,0.038461538461538464,High
29,0,694,1,3,4,0,87,2,4,4,16124,3423,3,0,14,3,2,2,9,2,2,7,7,1,7,False,True,True,False,True,False,False,False,False,False,False,False,False,True,False,False,False,False,False,-0.8676718124782865,2.2432013198207197,-0.2930769296747854,-0.0013328996684553085,Young,0.7,High
34,0,1320,20,3,3,0,89,4,1,3,2585,21643,0,0,17,3,4,0,2,5,2,1,0,0,0,False,True,True,False,False,False,False,False,True,False,False,False,False,False,True,False,False,True,False,-0.3201625558062908,-0.8678790084363783,-1.193035630466651,-0.9810141559830953,Middle-Aged,0.3333333333333333,Low
44,0,1099,5,3,2,1,88,3,5,2,16581,8751,7,0,11,3,3,1,26,5,3,22,9,3,10,False,True,False,True,False,True,False,False,False,False,False,True,False,False,False,False,False,True,False,0.7748559575377005,2.3482137808601977,1.8925370579626022,2.4478702411181446,Middle-Aged,0.8148148148148148,High
33,0,536,10,5,4,1,82,4,3,3,8380,21708,0,1,14,3,4,2,10,3,3,9,8,0,8,False,True,False,True,False,True,False,False,False,False,False,False,False,False,False,True,False,False,False,-0.42966440714069,0.46373414632024207,-0.16451140099023315,0.32522751910309133,Middle-Aged,0.8181818181818182,High
19,0,265,25,3,2,0,57,4,1,4,2994,21221,1,1,12,3,4,0,1,2,3,1,0,0,1,False,True,True,False,True,False,False,False,False,False,False,False,False,False,True,False,False,False,True,-1.9626903258222779,-0.7738963026045479,-1.3216011591512031,-0.9810141559830953,Young,0.5,Low
23,0,373,1,2,4,1,47,3,1,3,1223,16901,1,0,22,4,4,1,1,2,3,1,0,0,1,False,True,True,False,True,False,False,False,False,False,False,False,False,False,True,False,False,True,False,-1.5246829204846812,-1.1808483124533788,-1.3216011591512031,-0.9810141559830953,Young,0.5,Low
25,1,599,24,1,3,1,73,1,1,4,1118,8040,1,1,14,3,4,0,1,4,3,1,0,1,0,True,False,False,True,True,False,False,False,False,False,False,False,False,False,False,False,True,False,True,-1.3056792178158831,-1.2049759019701078,-1.3216011591512031,-0.9810141559830953,Young,0.5,Low
26,0,583,4,2,3,1,53,3,1,4,2875,9973,1,1,20,4,2,0,8,2,2,8,5,2,2,False,True,True,False,True,False,False,False,False,False,False,False,False,False,True,False,False,False,True,-1.1961773664814839,-0.8012409040568409,-0.42164245835933756,0.16194730971731802,Young,0.8888888888888888,Low
45,1,1449,2,3,1,0,94,1,5,2,16581,2493,2,1,16,3,1,0,26,2,3,24,10,1,11,False,True,False,True,False,True,False,False,False,False,False,True,False,False,False,False,False,False,True,0.8843578088720997,2.3482137808601977,1.8925370579626022,2.774430659889691,Middle-Aged,0.8888888888888888,High
55,0,177,8,1,4,1,37,2,4,2,13577,25592,1,1,15,3,4,1,34,3,3,33,9,15,0,False,False,True,False,False,False,True,False,False,False,False,False,False,False,False,False,False,False,False,1.979376322216091,1.6579349341149197,2.9210612874390196,4.243952544361651,Senior,0.9428571428571428,High
21,1,251,10,2,1,0,45,2,1,3,2625,25308,1,0,20,4,3,0,2,2,1,2,2,2,2,True,False,True,False,True,False,False,False,False,False,True,False,False,False,False,False,False,False,True,-1.7436866231534796,-0.8586875457633387,-1.193035630466651,-0.8177339465973219,Young,0.6666666666666666,Low
46,0,168,4,2,4,0,33,2,5,2,16581,9946,2,0,14,3,3,1,26,2,3,11,4,0,8,False,True,False,True,False,True,False,False,False,False,False,True,False,False,False,False,False,True,False,0.9938596602064987,2.3482137808601977,1.8925370579626022,0.651787937874638,Senior,0.4074074074074074,High
34,0,131,2,3,3,0,86,3,2,1,4538,6039,0,1,12,3,4,0,4,3,3,3,2,0,2,False,True,False,True,False,True,False,False,False,False,False,False,False,False,False,True,False,False,True,-0.3201625558062908,-0.41910584342521706,-0.9359045730975464,-0.6544537372115486,Middle-Aged,0.6,Medium
51,0,237,9,3,4,1,83,3,5,2,16581,19196,4,1,24,4,1,1,31,5,2,29,10,11,10,True,False,False,True,True,False,False,False,False,False,False,True,False,False,False,False,False,False,False,1.5413689168784945,2.3482137808601977,2.535364701385363,3.5908317068185576,Senior,0.90625,High
59,0,1429,18,4,4,1,67,3,3,4,10512,20002,6,0,12,3,4,0,25,6,2,9,7,5,4,False,True,True,False,False,False,True,False,False,False,False,False,True,False,False,False,False,False,True,2.4173837275536876,0.9536391067932558,1.76397152927805,0.32522751910309133,Senior,0.34615384615384615,High
34,0,135,19,3,3,0,46,3,2,2,4444,22534,4,0,13,3,3,2,15,2,4,11,8,5,10,True,False,True,False,False,False,True,False,False,False,True,False,False,False,False,False,False,False,False,-0.3201625558062908,-0.4407057807068603,0.4783162424325279,0.651787937874638,Middle-Aged,0.6875,Medium
28,0,791,1,4,4,1,44,3,1,3,2154,6842,0,1,11,3,3,0,5,2,2,4,2,0,2,True,False,True,False,False,False,True,False,False,False,True,False,False,False,False,False,False,False,True,-0.9771736638126857,-0.9669170187383807,-0.8073390444129942,-0.4911735278257753,Young,0.6666666666666666,Low
44,0,1199,4,2,3,1,92,4,5,1,16581,17477,1,0,14,3,4,2,26,4,2,25,9,14,13,False,True,True,False,True,False,False,False,False,False,False,True,False,False,False,False,False,False,False,0.7748559575377005,2.3482137808601977,1.8925370579626022,2.9377108692754645,Middle-Aged,0.9259259259259259,High
34,0,648,11,3,3,1,56,2,2,2,4490,21833,4,0,11,3,4,2,14,5,4,10,9,1,8,True,False,False,False,True,False,False,False,False,True,False,False,False,False,False,False,False,True,False,-0.3201625558062908,-0.43013559863286466,0.34975071374797573,0.48850772848886465,Middle-Aged,0.6666666666666666,Medium
35,0,735,6,1,3,1,66,3,1,3,3506,6020,0,1,14,3,4,0,4,3,3,3,2,2,2,False,True,True,False,True,False,False,False,False,False,False,False,False,False,True,False,False,True,False,-0.2106607044718917,-0.6562455803896402,-0.9359045730975464,-0.6544537372115486,Middle-Aged,0.6,Low
42,0,603,7,4,2,0,78,4,2,2,2372,5628,6,1,16,3,4,0,18,2,3,1,0,0,0,False,True,True,False,False,False,True,False,False,False,False,False,False,False,True,False,False,True,False,0.5558522548689022,-0.9168235471703146,0.8640128284861845,-0.9810141559830953,Middle-Aged,0.05263157894736842,Low
43,0,531,4,4,4,0,56,2,3,4,10231,20364,3,0,14,3,4,0,23,3,4,21,7,15,17,False,True,False,True,False,True,False,False,False,False,False,False,False,False,False,True,False,False,True,0.6653541062033014,0.8890690815151522,1.5068404719089457,2.284590031732371,Middle-Aged,0.875,High
36,0,429,2,4,3,0,53,3,2,2,5410,2323,9,1,11,3,4,0,18,2,3,16,14,5,12,False,True,True,False,True,False,False,False,False,False,False,False,True,False,False,False,False,False,True,-0.10115885313749257,-0.21873195715295254,0.8640128284861845,1.4681889848035046,Middle-Aged,0.8421052631578947,Medium
44,1,621,15,3,1,0,73,3,3,4,7978,14075,1,0,11,3,4,1,10,2,3,10,7,0,5,False,True,True,False,False,False,True,False,False,False,False,False,False,False,False,False,False,True,False,0.7748559575377005,0.3713599464561935,-0.16451140099023315,0.48850772848886465,Middle-Aged,0.9090909090909091,High
28,0,193,2,3,4,1,52,2,1,4,3867,14222,1,1,12,3,2,1,2,2,3,2,2,2,2,True,False,True,False,True,False,False,False,False,False,True,False,False,False,False,False,False,True,False,-0.9771736638126857,-0.5732926297654574,-1.193035630466651,-0.8177339465973219,Young,0.6666666666666666,Medium
51,0,968,6,2,2,0,40,2,1,3,2838,4257,0,0,14,3,2,0,8,6,2,7,0,7,7,True,False,True,False,False,False,True,False,False,False,True,False,False,False,False,False,False,False,True,1.5413689168784945,-0.8097430070294025,-0.42164245835933756,-0.0013328996684553085,Senior,0.7777777777777778,Low
30,0,879,9,2,3,0,72,3,2,3,4695,12858,7,1,18,3,3,0,10,3,3,8,4,1,7,False,False,True,False,False,False,True,False,False,False,False,False,True,False,False,False,False,False,True,-0.7581699611438873,-0.3830293524335364,-0.16451140099023315,0.16194730971731802,Young,0.7272727272727273,Medium
29,1,806,7,3,2,0,39,3,1,3,3339,17285,3,1,13,3,1,2,10,2,3,7,7,7,7,False,True,True,False,False,False,False,False,True,False,True,False,False,False,False,False,False,False,False,-0.8676718124782865,-0.6946199370495808,-0.16451140099023315,-0.0013328996684553085,Young,0.6363636363636364,Low
28,0,640,1,3,4,1,84,3,1,1,2080,4732,2,0,11,3,2,0,5,2,2,3,2,1,2,False,True,True,False,False,False,False,False,True,False,False,False,False,False,True,False,False,False,True,-0.9771736638126857,-0.9839212246835041,-0.8073390444129942,-0.6544537372115486,Young,0.5,Low
25,0,266,1,3,4,0,40,3,1,2,2096,18830,1,0,18,3,4,0,2,3,2,2,2,2,1,False,True,True,False,False,False,True,False,False,False,False,False,False,False,True,False,False,False,True,-1.3056792178158831,-0.9802446396142882,-1.193035630466651,-0.8177339465973219,Young,0.6666666666666666,Low
32,0,604,8,3,3,1,56,4,2,4,6209,11693,1,0,15,3,3,2,10,4,4,10,7,0,8,False,True,False,True,False,False,True,False,False,False,False,False,False,False,False,True,False,True,False,-0.5391662584750891,-0.03513249025898537,-0.16451140099023315,0.48850772848886465,Middle-Aged,0.9090909090909091,Medium
45,0,364,25,3,2,0,83,3,5,2,16581,13035,3,0,22,4,3,0,22,4,3,0,0,0,0,True,False,True,False,False,False,True,False,False,False,False,True,False,False,False,False,False,False,True,0.8843578088720997,2.3482137808601977,1.3782749432243935,-1.1442943653688686,Middle-Aged,0.0,High
39,0,412,13,4,3,0,94,2,4,2,16581,17334,6,1,13,3,4,2,21,4,3,19,9,15,2,False,True,True,False,False,False,True,False,False,False,False,True,False,False,False,False,False,False,False,0.22734670086570485,2.3482137808601977,1.2497094145398413,1.9580296129608246,Middle-Aged,0.8636363636363636,High
58,0,848,23,4,1,1,88,3,1,3,2372,26076,1,0,12,3,4,2,2,3,3,2,2,2,2,False,True,True,False,True,False,False,False,False,False,False,False,False,False,True,False,False,False,False,2.3078818762192883,-0.9168235471703146,-1.193035630466651,-0.8177339465973219,Senior,0.6666666666666666,Low
32,1,1089,7,2,4,1,79,3,2,3,4883,22845,1,0,18,3,1,1,10,3,3,10,4,1,1,False,True,True,False,True,False,False,False,False,False,True,False,False,False,False,False,False,True,False,-0.5391662584750891,-0.33982947787025003,-0.16451140099023315,0.48850772848886465,Middle-Aged,0.9090909090909091,Medium
39,1,360,23,3,3,1,93,3,1,1,3904,22154,0,0,13,3,1,0,6,2,3,5,2,0,3,False,True,True,False,False,False,True,False,False,False,False,False,False,False,True,False,False,False,True,0.22734670086570485,-0.5647905267928957,-0.678773515728442,-0.32789331844000197,Middle-Aged,0.7142857142857143,Medium
30,0,1138,6,3,1,0,48,2,2,4,4627,23631,0,0,12,3,1,1,10,6,3,9,2,6,7,False,True,True,False,False,False,False,False,True,False,True,False,False,False,False,False,False,True,False,-0.7581699611438873,-0.3986548389777038,-0.16451140099023315,0.32522751910309133,Young,0.8181818181818182,Medium
36,0,325,10,4,4,0,63,3,3,3,7094,5747,3,0,12,3,1,0,10,0,3,7,7,1,7,False,True,True,False,False,False,False,False,True,False,False,False,False,False,False,False,False,True,False,-0.10115885313749257,0.16822862138201705,-0.16451140099023315,-0.0013328996684553085,Middle-Aged,0.6363636363636364,High
46,0,991,1,2,4,0,44,3,1,1,3423,22957,6,0,12,3,3,0,10,3,4,7,6,5,7,False,True,False,False,True,False,False,False,False,True,False,False,False,False,False,False,False,False,True,0.9938596602064987,-0.6753178654361975,-0.16451140099023315,-0.0013328996684553085,Senior,0.6363636363636364,Low
28,0,1476,1,3,3,0,55,1,2,4,6674,16392,0,0,11,3,1,3,10,6,3,9,8,7,5,False,False,True,False,True,False,False,False,False,False,True,False,False,False,False,False,False,True,False,-0.9771736638126857,0.07171826331510066,-0.16451140099023315,0.32522751910309133,Young,0.8181818181818182,High
50,0,1322,28,3,4,0,43,3,4,1,16581,22422,4,1,11,3,2,0,25,2,3,3,2,1,2,False,True,True,False,True,False,False,False,False,False,False,False,False,True,False,False,False,True,False,1.4318670655440953,2.3482137808601977,1.76397152927805,-0.6544537372115486,Senior,0.11538461538461539,High
40,1,299,25,4,4,1,57,2,3,2,9094,17235,2,1,12,3,3,0,9,2,3,5,4,1,0,False,True,False,True,False,True,False,False,False,False,False,False,False,False,False,True,False,False,True,0.33684855220010396,0.6278017550339999,-0.2930769296747854,-0.32789331844000197,Middle-Aged,0.5,High
52,1,1030,5,3,2,1,64,3,3,2,8446,21534,9,1,19,3,3,0,10,2,2,8,7,7,7,False,True,False,True,True,False,False,False,False,False,False,False,False,False,False,True,False,False,True,1.6508707682128936,0.4789000597307575,-0.16451140099023315,0.16194730971731802,Senior,0.7272727272727273,High
30,0,634,17,4,2,0,95,3,3,1,11916,25927,1,1,23,4,4,2,9,2,3,9,1,0,8,False,True,True,False,False,False,True,False,False,False,False,True,False,False,False,False,False,True,False,-0.7581699611438873,1.276259446616948,-0.2930769296747854,0.32522751910309133,Young,0.9,High
39,0,524,18,2,1,1,32,3,2,3,4534,13352,0,0,11,3,1,0,9,6,3,8,7,1,7,False,True,True,False,True,False,False,False,False,False,False,False,True,False,False,False,False,False,True,0.22734670086570485,-0.42002498969252106,-0.2930769296747854,0.16194730971731802,Middle-Aged,0.8,Medium
31,0,587,2,4,4,0,57,3,3,3,9852,8935,1,1,19,3,1,1,10,5,2,10,8,9,6,False,False,False,True,True,False,False,False,False,False,False,False,False,False,False,True,False,False,False,-0.6486681098094882,0.8019799726881015,-0.16451140099023315,0.48850772848886465,Middle-Aged,0.9090909090909091,High
41,0,256,10,2,3,1,40,1,2,2,6151,22074,1,0,13,3,1,0,19,4,3,19,2,11,9,False,False,False,True,False,False,True,False,False,False,False,False,False,False,False,True,False,False,True,0.4463504035345031,-0.048460111134892875,0.9925783571707368,1.9580296129608246,Middle-Aged,0.95,Medium
31,1,1060,1,3,4,0,54,3,1,2,2302,8319,1,1,11,3,1,0,3,2,4,3,2,2,2,True,False,False,True,True,False,False,False,False,False,False,False,False,False,False,False,True,False,True,-0.6486681098094882,-0.9329086068481339,-1.0644701017820986,-0.6544537372115486,Middle-Aged,0.75,Low
44,1,935,3,3,1,1,89,3,1,1,2362,14669,4,0,12,3,3,0,10,4,4,3,2,1,2,False,True,True,False,True,False,False,False,False,False,True,False,False,False,False,False,False,True,False,0.7748559575377005,-0.9191214128385745,-0.16451140099023315,-0.6544537372115486,Middle-Aged,0.2727272727272727,Low
42,0,495,2,1,3,1,37,3,4,3,16581,26582,0,1,13,3,4,0,21,3,2,20,8,2,10,False,False,True,False,True,False,False,False,False,False,False,True,False,False,False,False,False,True,False,0.5558522548689022,2.3482137808601977,1.2497094145398413,2.1213098223465976,Middle-Aged,0.9090909090909091,High
55,0,282,2,2,4,0,58,1,5,3,16581,6992,4,0,14,3,4,1,23,5,3,19,9,9,11,False,True,True,False,False,False,True,False,False,False,False,True,False,False,False,False,False,True,False,1.979376322216091,2.3482137808601977,1.5068404719089457,1.9580296129608246,Senior,0.7916666666666666,High
56,0,206,8,4,4,1,99,3,5,2,16581,4022,6,0,14,3,1,0,36,4,3,7,3,7,7,False,True,False,False,True,False,False,False,False,False,False,True,False,False,False,False,False,False,True,2.08887817355049,2.3482137808601977,3.1781923448081244,-0.0013328996684553085,Senior,0.1891891891891892,High
40,0,458,16,2,3,1,74,3,1,3,3544,8532,9,0,16,3,2,1,6,0,3,4,2,0,0,False,False,True,False,True,False,False,False,False,False,False,False,False,False,True,False,False,False,False,0.33684855220010396,-0.6475136908502526,-0.678773515728442,-0.4911735278257753,Middle-Aged,0.5714285714285714,Low
34,0,943,9,3,4,1,86,3,3,4,8500,5494,0,0,11,3,4,1,10,0,2,9,7,1,6,False,True,True,False,True,False,False,False,False,False,False,False,False,False,False,False,False,False,False,-0.3201625558062908,0.49130853433936106,-0.16451140099023315,0.32522751910309133,Middle-Aged,0.8181818181818182,High
40,0,523,2,3,3,1,98,3,2,4,4661,22455,1,0,13,3,3,0,9,4,3,9,8,8,8,False,True,True,False,True,False,False,False,False,False,False,False,False,False,True,False,False,False,True,0.33684855220010396,-0.3908420957056201,-0.2930769296747854,0.32522751910309133,Middle-Aged,0.9,Medium
41,0,1018,1,3,3,0,66,3,2,1,4103,4297,0,0,17,3,4,1,10,2,3,9,3,1,7,True,False,False,True,False,True,False,False,False,False,False,False,False,False,False,True,False,False,False,0.4463504035345031,-0.5190629999945233,-0.16451140099023315,0.32522751910309133,Middle-Aged,0.8181818181818182,Medium
35,0,482,4,4,3,1,87,3,2,3,4249,2690,1,1,11,3,2,0,9,3,3,9,6,1,1,True,False,True,False,True,False,False,False,False,False,False,False,False,False,True,False,False,False,True,-0.2106607044718917,-0.4855141612379286,-0.2930769296747854,0.32522751910309133,Middle-Aged,0.9,Medium
51,0,770,5,3,3,1,84,3,4,2,14026,17588,1,1,11,3,2,1,33,2,3,33,9,0,10,False,True,False,False,True,False,False,False,False,False,False,True,False,False,False,False,False,False,False,1.5413689168784945,1.7611091026197898,2.7924957587544674,4.243952544361651,Senior,0.9705882352941176,High
38,0,1009,2,2,2,0,31,3,2,1,6893,19461,3,0,15,3,4,1,11,3,3,7,7,1,7,False,True,False,True,True,False,False,False,False,False,False,False,False,False,False,True,False,False,False,0.11784484953130571,0.12204152144999278,-0.03594587230568093,-0.0013328996684553085,Middle-Aged,0.5833333333333334,High
34,0,507,15,2,3,0,66,3,2,1,6125,23553,1,0,12,3,4,0,10,6,4,10,8,9,6,False,True,False,True,False,False,True,False,False,False,False,False,False,False,False,True,False,False,True,-0.3201625558062908,-0.054434561872368656,-0.16451140099023315,0.48850772848886465,Middle-Aged,0.9090909090909091,Medium
25,0,882,19,1,4,1,67,3,1,4,3669,9075,3,0,11,3,3,3,7,6,2,3,2,1,2,False,True,True,False,False,False,True,False,False,False,True,False,False,False,False,False,False,True,False,-1.3056792178158831,-0.6187903699970037,-0.5502079870438897,-0.6544537372115486,Young,0.375,Medium
58,1,601,7,4,3,0,53,2,3,1,10008,12023,7,1,14,3,4,0,31,0,2,10,9,5,9,False,True,True,False,False,False,True,False,False,False,False,False,True,False,False,False,False,True,False,2.3078818762192883,0.8378266771129561,2.535364701385363,0.48850772848886465,Senior,0.3125,High
40,0,329,1,4,2,1,88,3,1,2,2387,6762,3,0,22,4,3,1,7,3,3,4,2,0,3,False,True,True,False,True,False,False,False,False,False,True,False,False,False,False,False,False,True,False,0.33684855220010396,-0.9133767486679247,-0.5502079870438897,-0.4911735278257753,Middle-Aged,0.5,Low
36,0,607,7,3,1,0,83,4,2,1,4639,2261,2,0,16,3,4,1,17,2,2,15,7,6,13,True,False,False,True,False,True,False,False,False,False,False,False,False,False,False,True,False,True,False,-0.10115885313749257,-0.39589740017579195,0.7354472998016324,1.3049087754177313,Middle-Aged,0.8333333333333334,Medium
48,0,855,4,3,4,1,54,3,3,4,7898,18706,1,0,11,3,3,0,11,2,3,10,9,0,8,False,True,True,False,True,False,False,False,False,False,False,False,True,False,False,False,False,False,True,1.2128633628752972,0.3529770211101142,-0.03594587230568093,0.48850772848886465,Senior,0.8333333333333334,High
27,0,1291,11,3,3,0,98,4,1,4,2534,6527,8,0,14,3,2,1,5,4,3,1,0,0,0,False,True,False,True,False,False,True,False,False,False,False,False,False,False,False,False,True,True,False,-1.0866755151470848,-0.8795981233445039,-0.8073390444129942,-0.9810141559830953,Young,0.16666666666666666,Low
51,0,1405,11,2,4,0,82,2,4,2,13142,24439,3,0,16,3,2,0,29,1,2,5,2,0,3,False,True,True,False,False,False,False,False,True,False,False,False,True,False,False,False,False,False,True,1.5413689168784945,1.5579777775456134,2.2782336440162587,-0.32789331844000197,Senior,0.16666666666666666,High
18,0,1124,1,3,4,0,97,3,1,4,1611,19305,1,0,15,3,3,0,0,5,4,0,0,0,0,False,False,True,False,True,False,False,False,False,False,True,False,False,False,False,False,False,False,True,-2.072192177156677,-1.0916911245248941,-1.4501666878357553,-1.1442943653688686,Young,0.0,Low
35,0,817,1,3,4,0,60,2,2,4,5363,10846,0,0,12,3,2,1,10,0,3,9,7,0,0,False,True,True,False,False,False,True,False,False,False,True,False,False,False,False,False,False,True,False,-0.2106607044718917,-0.22953192579377413,-0.16451140099023315,0.32522751910309133,Middle-Aged,0.8181818181818182,Medium
27,0,793,2,1,4,1,43,1,2,4,5071,20392,3,0,20,4,2,0,8,3,3,6,2,0,0,True,False,False,True,True,False,False,False,False,False,False,False,False,False,False,True,False,False,True,-1.0866755151470848,-0.29662960330696364,-0.42164245835933756,-0.16461310905422863,Young,0.6666666666666666,Medium
55,1,267,13,4,1,1,85,4,4,3,13695,9277,6,1,17,3,3,0,24,2,2,19,7,3,8,False,True,False,True,False,True,False,False,False,False,False,False,False,False,False,True,False,False,True,1.979376322216091,1.6850497490003866,1.6354060005934978,1.9580296129608246,Senior,0.76,High
56,0,1369,23,3,4,1,68,3,4,2,13402,18235,4,1,12,3,1,1,33,0,3,19,16,15,9,False,True,True,False,True,False,False,False,False,False,False,False,True,False,False,False,False,True,False,2.08887817355049,1.6177222849203712,2.7924957587544674,1.9580296129608246,Senior,0.5588235294117647,High
34,0,999,26,1,1,0,92,2,1,3,2029,15891,1,0,20,4,3,3,5,2,3,5,4,0,0,False,False,True,False,False,False,False,False,True,False,False,False,False,False,True,False,False,False,False,-0.3201625558062908,-0.9956403395916297,-0.8073390444129942,-0.32789331844000197,Middle-Aged,0.8333333333333334,Low
40,0,1202,2,1,2,0,89,4,2,3,6377,13888,5,0,20,4,2,3,15,0,3,12,11,11,8,False,True,True,False,False,False,True,False,False,False,False,False,False,False,False,False,False,False,False,0.33684855220010396,0.0034716529677811915,0.4783162424325279,0.8150681472604113,Middle-Aged,0.75,Medium
34,0,285,29,3,2,1,86,3,2,3,5429,17491,4,0,13,3,1,2,10,1,3,8,7,7,7,False,True,True,False,False,False,True,False,False,False,True,False,False,False,False,False,False,True,False,-0.3201625558062908,-0.2143660123832587,-0.16451140099023315,0.16194730971731802,Middle-Aged,0.7272727272727273,Medium
31,1,703,2,3,3,0,90,2,1,4,2785,11882,7,0,14,3,3,0,3,3,4,1,0,0,0,True,False,False,True,True,False,False,False,False,False,False,False,False,False,False,False,True,False,True,-0.6486681098094882,-0.8219216950711801,-1.0644701017820986,-0.9810141559830953,Middle-Aged,0.25,Low
35,1,662,18,4,4,0,67,3,2,3,4614,23288,0,1,18,3,3,1,5,0,2,4,2,3,2,True,False,False,True,False,True,False,False,False,False,False,False,False,False,False,True,False,True,False,-0.2106607044718917,-0.40164206434644173,-0.8073390444129942,-0.4911735278257753,Middle-Aged,0.6666666666666666,Medium
38,0,693,7,3,4,1,57,4,1,3,2610,15748,1,0,11,3,4,3,4,2,3,4,2,0,3,True,False,True,False,True,False,False,False,False,False,False,False,False,False,True,False,False,False,False,0.11784484953130571,-0.8621343442657285,-0.9359045730975464,-0.4911735278257753,Middle-Aged,0.8,Low
34,0,404,2,4,3,0,98,3,2,4,6687,6163,1,0,11,3,4,0,14,2,4,14,11,4,11,False,True,True,False,False,False,False,False,True,False,False,False,False,False,False,False,False,False,True,-0.3201625558062908,0.07470548868383854,0.34975071374797573,1.141628566031958,Middle-Aged,0.9333333333333333,High
28,0,736,26,3,3,1,48,2,2,1,4724,24232,1,0,11,3,3,1,5,0,3,5,3,0,4,False,True,False,True,True,False,False,False,False,False,False,False,False,False,False,True,False,True,False,-0.9771736638126857,-0.3763655419955827,-0.8073390444129942,-0.32789331844000197,Young,0.8333333333333334,Medium
31,1,330,22,4,4,1,98,3,2,3,6179,21057,1,1,15,3,4,2,10,3,2,10,2,6,7,False,True,True,False,False,False,True,False,False,False,False,False,True,False,False,False,False,True,False,-0.6486681098094882,-0.04202608726376512,-0.16451140099023315,0.48850772848886465,Middle-Aged,0.9090909090909091,Medium
39,0,1498,21,4,1,1,44,2,2,4,6120,3567,3,1,12,3,4,2,8,2,4,5,4,1,4,False,True,False,True,True,False,False,False,False,False,False,False,False,False,False,True,False,True,False,0.22734670086570485,-0.055583494706498614,-0.42164245835933756,-0.32789331844000197,Middle-Aged,0.5555555555555556,Medium
51,0,541,2,3,2,1,52,3,3,2,10596,15395,2,0,11,3,2,0,14,5,3,4,2,3,2,True,False,False,True,False,True,False,False,False,False,False,False,False,False,False,True,False,True,False,1.5413689168784945,0.9729411784066391,0.34975071374797573,-0.4911735278257753,Senior,0.26666666666666666,High
41,0,1200,22,3,4,0,75,3,2,4,5467,13953,3,1,14,3,1,2,12,4,2,6,2,3,3,True,False,True,False,True,False,False,False,False,False,False,False,False,False,True,False,False,False,False,0.4463504035345031,-0.20563412284387103,0.09261965637887129,-0.16461310905422863,Middle-Aged,0.46153846153846156,Medium
37,0,1439,4,1,3,1,54,3,1,3,2996,5182,7,1,15,3,4,0,8,2,3,6,4,1,3,False,True,True,False,True,False,False,False,False,False,False,False,False,False,True,False,False,True,False,0.008342998196906572,-0.7734367294708959,-0.42164245835933756,-0.16461310905422863,Middle-Aged,0.6666666666666666,Low
33,0,1111,5,1,2,1,61,3,2,4,9998,19293,6,0,13,3,1,0,8,2,4,5,4,1,2,True,False,False,True,True,False,False,False,False,False,False,False,False,False,False,True,False,True,False,-0.42966440714069,0.8355288114446963,-0.42164245835933756,-0.32789331844000197,Middle-Aged,0.5555555555555556,High
32,0,499,2,1,3,1,36,3,2,2,4078,20497,0,1,13,3,1,3,4,3,2,3,2,1,2,False,True,False,True,False,True,False,False,False,False,False,False,False,False,False,True,False,True,False,-0.5391662584750891,-0.5248076641651731,-0.9359045730975464,-0.6544537372115486,Middle-Aged,0.6,Medium
39,0,1485,25,2,3,1,71,3,3,3,10920,3449,3,0,21,4,2,1,13,2,3,6,4,0,5,False,False,True,False,True,False,False,False,False,False,False,False,False,False,False,False,False,True,False,0.22734670086570485,1.0473920260582603,0.2211851850634235,-0.16461310905422863,Middle-Aged,0.42857142857142855,High
25,0,1372,18,1,1,1,93,4,2,3,6232,12477,2,0,11,3,2,0,6,3,2,3,2,1,2,False,True,False,True,True,False,False,False,False,False,False,False,False,False,False,True,False,True,False,-1.3056792178158831,-0.029847399221987567,-0.678773515728442,-0.6544537372115486,Young,0.42857142857142855,Medium
52,0,322,28,2,4,0,59,4,4,3,13247,9731,2,1,11,3,2,1,24,3,2,5,3,0,2,True,False,True,False,False,False,True,False,False,False,False,False,True,False,False,False,False,True,False,1.6508707682128936,1.5821053670623424,1.6354060005934978,-0.32789331844000197,Senior,0.2,High
43,0,930,6,3,1,0,73,2,2,3,4081,20003,1,1,14,3,1,0,20,3,1,20,7,1,8,False,True,True,False,False,False,True,False,False,False,False,False,False,False,True,False,False,False,True,0.6653541062033014,-0.5241183044646952,1.121143885855289,2.1213098223465976,Middle-Aged,0.9523809523809523,Medium
27,0,205,10,3,4,0,98,2,2,4,5769,7100,1,1,11,3,4,0,6,3,3,6,2,4,4,False,True,False,True,False,True,False,False,False,False,False,False,False,False,False,True,False,True,False,-1.0866755151470848,-0.13623857966242162,-0.678773515728442,-0.16461310905422863,Young,0.8571428571428571,Medium
27,1,135,17,4,4,0,51,3,1,3,2394,25681,1,1,13,3,4,0,8,2,3,8,2,7,7,False,True,True,False,True,False,False,False,False,False,False,False,False,False,True,False,False,False,True,-1.0866755151470848,-0.9117682427001428,-0.42164245835933756,0.16194730971731802,Young,0.8888888888888888,Low
26,0,683,2,1,1,1,36,2,1,4,3904,4050,0,0,12,3,4,0,5,2,3,4,3,1,1,False,True,True,False,False,False,True,False,False,False,False,False,False,False,True,False,False,False,True,-1.1961773664814839,-0.5647905267928957,-0.8073390444129942,-0.4911735278257753,Young,0.6666666666666666,Medium
42,0,1147,10,3,3,0,31,3,4,1,16581,16616,0,0,14,3,3,1,21,5,3,20,7,0,9,False,True,False,False,False,False,False,False,False,False,False,True,False,False,False,False,False,True,False,0.5558522548689022,2.3482137808601977,1.2497094145398413,2.1213098223465976,Middle-Aged,0.9090909090909091,High
52,0,258,8,4,3,0,54,3,1,1,2950,17363,9,0,13,3,3,0,12,2,1,5,4,0,4,False,True,True,False,False,False,False,True,False,False,True,False,False,False,False,False,False,True,False,1.6508707682128936,-0.7840069115448915,0.09261965637887129,-0.32789331844000197,Senior,0.38461538461538464,Low
37,0,1462,11,3,1,0,94,3,1,3,3629,19106,4,0,18,3,1,0,8,6,3,3,2,0,2,False,True,True,False,False,False,True,False,False,False,True,False,False,False,False,False,False,False,True,0.008342998196906572,-0.6279818326700433,-0.42164245835933756,-0.6544537372115486,Middle-Aged,0.3333333333333333,Low
35,0,200,18,2,3,1,60,3,3,4,9362,19944,2,0,11,3,3,0,10,2,3,2,2,2,2,True,False,True,False,True,False,False,False,False,False,False,False,True,False,False,False,False,False,True,-0.2106607044718917,0.6893845549433657,-0.16451140099023315,-0.8177339465973219,Middle-Aged,0.18181818181818182,High
25,0,949,1,3,1,1,81,3,1,4,3229,4910,4,0,11,3,2,1,7,2,2,3,2,0,2,False,True,True,False,False,False,False,False,True,False,True,False,False,False,False,False,False,True,False,-1.3056792178158831,-0.7198964594004399,-0.5502079870438897,-0.6544537372115486,Young,0.375,Low
26,0,652,7,3,3,1,100,4,1,1,3578,23577,0,0,12,3,4,0,8,2,3,7,7,0,7,False,True,True,False,False,False,False,True,False,False,True,False,False,False,False,False,False,False,True,-1.1961773664814839,-0.6397009475781689,-0.42164245835933756,-0.0013328996684553085,Young,0.7777777777777778,Low
29,0,332,17,3,2,1,51,2,3,1,7988,9769,1,0,13,3,1,0,10,3,2,10,9,0,9,False,True,False,False,False,False,False,True,False,True,False,False,False,False,False,False,False,False,True,-0.8676718124782865,0.3736578121244534,-0.16451140099023315,0.48850772848886465,Young,0.9090909090909091,High
49,1,1475,28,2,1,1,97,2,2,1,4284,22710,3,0,20,4,1,0,20,2,3,4,3,1,3,True,False,True,False,True,False,False,False,False,False,True,False,False,False,False,False,False,False,True,1.3223652142096962,-0.47747163139901894,1.121143885855289,-0.4911735278257753,Senior,0.19047619047619047,Medium
29,1,337,14,1,3,0,84,3,3,4,7553,22930,0,1,12,3,1,0,9,1,3,8,7,7,7,True,False,True,False,False,False,False,True,False,False,False,False,False,False,False,False,False,False,True,-0.8676718124782865,0.2737006555551471,-0.2930769296747854,0.16194730971731802,Young,0.8,High
54,0,971,1,3,4,0,54,3,4,4,16581,5652,6,0,19,3,4,0,29,3,2,20,7,12,7,False,True,True,False,False,False,True,False,False,False,False,False,False,True,False,False,False,False,True,1.869874470881692,2.3482137808601977,2.2782336440162587,2.1213098223465976,Senior,0.6666666666666666,High
58,0,1055,1,3,4,0,76,3,5,1,16581,22456,3,1,21,4,3,1,32,3,3,9,8,1,5,False,True,True,False,False,False,True,False,False,False,False,False,False,True,False,False,False,True,False,2.3078818762192883,2.3482137808601977,2.6639302300699153,0.32522751910309133,Senior,0.2727272727272727,High
55,0,1136,1,4,2,1,81,4,4,4,14732,12414,2,0,13,3,4,2,31,4,4,7,7,0,0,False,True,True,False,False,False,True,False,False,False,False,False,False,True,False,False,False,False,False,1.979376322216091,1.9233384187989397,2.535364701385363,-0.0013328996684553085,Senior,0.21875,High
36,0,1174,3,4,1,0,99,3,2,2,9278,20763,3,1,16,3,4,0,15,3,3,5,4,0,1,False,True,False,True,False,True,False,False,False,False,False,False,False,False,False,True,False,False,True,-0.10115885313749257,0.6700824833299824,0.4783162424325279,-0.32789331844000197,Middle-Aged,0.3125,High
31,1,667,1,4,2,0,50,1,1,3,1359,16154,1,0,12,3,2,0,1,3,3,1,0,0,0,True,False,False,True,True,False,False,False,False,False,False,False,False,False,False,False,True,False,True,-0.6486681098094882,-1.1495973393650438,-1.3216011591512031,-0.9810141559830953,Middle-Aged,0.5,Low
30,0,855,7,4,4,0,73,3,2,1,4779,12761,7,0,14,3,2,2,8,3,3,3,2,0,2,False,True,False,True,False,True,False,False,False,False,False,False,False,False,False,True,False,False,False,-0.7581699611438873,-0.36372728082015315,-0.42164245835933756,-0.6544537372115486,Young,0.3333333333333333,Medium
31,0,182,8,5,1,0,93,3,4,2,16422,8847,3,0,11,3,3,0,9,3,4,3,2,1,0,False,True,True,False,True,False,False,False,False,False,False,False,False,True,False,False,False,False,True,-0.6486681098094882,2.311677716734865,-0.2930769296747854,-0.6544537372115486,Middle-Aged,0.3,High
34,0,560,1,4,4,1,91,3,1,1,2996,20284,5,0,14,3,3,2,10,2,3,4,3,1,3,True,False,True,False,False,False,False,True,False,False,False,False,False,False,True,False,False,False,False,-0.3201625558062908,-0.7734367294708959,-0.16451140099023315,-0.4911735278257753,Middle-Aged,0.36363636363636365,Low
31,1,202,8,3,1,0,34,2,1,2,1261,22262,1,0,12,3,3,0,1,3,4,1,0,0,0,False,True,True,False,True,False,False,False,False,False,False,False,False,False,True,False,False,False,True,-0.6486681098094882,-1.172116422913991,-1.3216011591512031,-0.9810141559830953,Middle-Aged,0.5,Low
27,0,1377,11,1,2,1,91,3,1,1,2099,7679,0,0,14,3,2,0,6,3,4,5,0,1,4,False,True,True,False,True,False,False,False,False,False,True,False,False,False,False,False,False,True,False,-1.0866755151470848,-0.9795552799138102,-0.678773515728442,-0.32789331844000197,Young,0.7142857142857143,Low
36,0,172,4,4,1,1,37,2,2,4,5810,22604,1,0,16,3,3,0,10,2,2,10,4,1,8,False,True,True,False,True,False,False,False,False,False,True,False,False,False,False,False,False,False,True,-0.10115885313749257,-0.12681733042255597,-0.16451140099023315,0.48850772848886465,Middle-Aged,0.9090909090909091,Medium
36,0,329,16,4,3,0,98,2,2,1,5647,13494,4,0,13,3,1,2,11,3,2,3,2,0,2,False,True,False,True,False,True,False,False,False,False,False,False,False,False,False,True,False,True,False,-0.10115885313749257,-0.16427254081519257,-0.03594587230568093,-0.6544537372115486,Middle-Aged,0.25,Medium
47,0,465,1,3,1,1,74,3,1,4,3420,10205,7,0,12,3,3,1,17,2,2,6,5,1,2,False,True,True,False,False,False,False,False,True,False,False,False,False,False,True,False,False,True,False,1.103361511540898,-0.6760072251366755,0.7354472998016324,-0.16461310905422863,Senior,0.3333333333333333,Low
25,1,383,9,2,1,1,68,2,1,1,4400,15182,3,0,12,3,1,0,6,2,3,3,2,2,2,False,True,False,True,True,False,False,False,False,False,False,False,False,False,False,False,True,True,False,-1.3056792178158831,-0.4508163896472039,-0.678773515728442,-0.6544537372115486,Young,0.42857142857142855,Medium
37,0,1413,5,2,3,1,84,4,1,3,3500,25470,0,0,14,3,1,0,7,2,1,6,5,1,3,False,False,True,False,False,False,False,False,True,False,True,False,False,False,False,False,False,False,True,0.008342998196906572,-0.6576242997905962,-0.5502079870438897,-0.16461310905422863,Middle-Aged,0.75,Low
56,0,1255,1,2,1,0,90,3,1,1,2066,10494,2,0,22,4,4,1,5,3,4,3,2,1,0,False,True,True,False,True,False,False,False,False,False,False,False,False,False,True,False,False,True,False,2.08887817355049,-0.987138236619068,-0.8073390444129942,-0.6544537372115486,Senior,0.5,Low
47,0,359,2,4,1,0,82,3,4,3,16581,26703,3,0,19,3,2,2,26,2,4,20,17,5,6,False,True,True,False,False,False,True,False,False,False,False,False,False,True,False,False,False,True,False,1.103361511540898,2.3482137808601977,1.8925370579626022,2.1213098223465976,Senior,0.7407407407407407,High
24,0,1476,4,1,4,0,42,3,2,3,4162,15211,1,1,12,3,3,2,5,3,3,5,4,0,3,False,True,False,True,False,False,True,False,False,False,False,False,False,False,False,True,False,True,False,-1.4151810691502822,-0.5055055925517898,-0.8073390444129942,-0.32789331844000197,Young,0.8333333333333334,Medium
32,0,601,7,5,4,1,97,3,2,4,9204,23343,4,0,12,3,3,1,7,3,2,4,3,0,3,False,True,False,True,False,True,False,False,False,False,False,False,False,False,False,True,False,True,False,-0.5391662584750891,0.653078277384859,-0.5502079870438897,-0.4911735278257753,Middle-Aged,0.5,High
34,0,401,1,3,4,0,86,2,1,2,3294,3708,5,0,17,3,1,1,7,2,2,5,4,0,2,False,True,True,False,True,False,False,False,False,False,True,False,False,False,False,False,False,True,False,-0.3201625558062908,-0.7049603325567504,-0.5502079870438897,-0.32789331844000197,Middle-Aged,0.625,Low
41,0,1283,5,5,2,1,90,4,1,3,2127,5561,2,1,12,3,1,0,7,5,2,4,2,0,3,False,True,True,False,False,False,True,False,False,False,False,False,False,False,True,False,False,True,False,0.4463504035345031,-0.9731212560426825,-0.5502079870438897,-0.4911735278257753,Middle-Aged,0.5,Low
40,0,663,9,4,3,1,81,3,2,3,3975,23099,3,0,11,3,3,2,11,2,4,8,7,0,7,False,False,True,False,False,False,False,True,False,False,True,False,False,False,False,False,False,False,False,0.33684855220010396,-0.5484756805482502,-0.03594587230568093,0.16194730971731802,Middle-Aged,0.6666666666666666,Medium
31,0,326,8,2,1,1,31,3,3,4,10793,8386,1,0,18,3,1,1,13,5,3,13,7,9,9,False,True,False,True,True,False,False,False,False,False,False,False,False,False,False,True,False,False,False,-0.6486681098094882,1.0182091320713593,0.2211851850634235,0.9783483566461847,Middle-Aged,0.9285714285714286,High
46,1,377,9,3,1,1,52,3,3,4,10096,15986,4,0,11,3,1,1,28,1,4,7,7,4,3,False,True,False,True,False,True,False,False,False,False,False,False,False,False,False,True,False,False,False,0.9938596602064987,0.8580478949936434,2.1496681153317065,-0.0013328996684553085,Senior,0.2413793103448276,High
39,1,592,2,3,1,0,54,2,1,1,3646,17181,2,1,23,4,2,0,11,2,4,1,0,0,0,False,False,True,False,True,False,False,False,False,False,True,False,False,False,False,False,False,False,True,0.22734670086570485,-0.6240754610340015,-0.03594587230568093,-0.9810141559830953,Middle-Aged,0.08333333333333333,Medium
31,1,1445,1,5,3,0,100,4,3,2,7446,8931,1,0,11,3,1,0,10,2,3,10,8,4,7,True,False,True,False,True,False,False,False,False,False,False,False,True,False,False,False,False,False,True,-0.6486681098094882,0.24911349290476606,-0.16451140099023315,0.48850772848886465,Middle-Aged,0.9090909090909091,High
45,0,1038,20,3,2,1,95,1,3,1,10851,19863,2,1,18,3,2,1,24,2,3,7,7,0,7,False,True,True,False,False,False,True,False,False,False,False,False,False,False,False,False,False,False,False,0.8843578088720997,1.031536752947267,1.6354060005934978,-0.0013328996684553085,Middle-Aged,0.28,High
31,0,1398,8,2,4,0,96,4,1,2,2109,24609,9,0,18,3,4,0,8,3,3,3,2,0,2,False,True,False,False,False,False,True,False,False,True,False,False,False,False,False,False,False,False,True,-0.6486681098094882,-0.9772574142455503,-0.42164245835933756,-0.6544537372115486,Middle-Aged,0.3333333333333333,Low
31,1,523,2,3,2,1,94,3,1,4,3722,21081,6,1,13,3,3,1,7,2,1,2,2,2,2,True,False,True,False,True,False,False,False,False,False,True,False,False,False,False,False,False,True,False,-0.6486681098094882,-0.6066116819552261,-0.5502079870438897,-0.8177339465973219,Middle-Aged,0.25,Medium
45,0,1448,29,3,2,1,55,3,3,4,9380,14720,4,1,18,3,4,2,10,4,4,3,1,1,2,False,True,True,False,False,False,False,False,True,False,False,False,True,False,False,False,False,True,False,0.8843578088720997,0.6935207131462335,-0.16451140099023315,-0.6544537372115486,Middle-Aged,0.2727272727272727,High
48,0,1221,7,3,3,1,96,3,2,1,5486,24795,4,0,11,3,1,3,15,3,3,2,2,2,2,False,True,False,True,False,True,False,False,False,False,False,False,False,False,False,True,False,False,False,1.2128633628752972,-0.20126817807417718,0.4783162424325279,-0.8177339465973219,Senior,0.125,Medium
34,1,1107,9,4,1,0,52,3,1,3,2742,3072,1,0,15,3,4,0,2,0,3,2,2,2,2,False,True,False,False,False,False,False,False,True,True,False,False,False,False,False,False,False,True,False,-0.3201625558062908,-0.8318025174446977,-1.193035630466651,-0.8177339465973219,Middle-Aged,0.6666666666666666,Low
40,0,218,8,1,4,1,55,2,3,2,13757,25178,2,0,11,3,3,1,16,5,3,9,8,4,8,False,False,True,False,False,False,True,False,False,False,False,False,False,True,False,False,False,False,False,0.33684855220010396,1.699296516143598,0.6068817711170802,0.32522751910309133,Middle-Aged,0.5294117647058824,High
28,0,866,5,3,4,1,84,3,2,1,8463,23490,0,0,18,3,4,0,6,4,3,5,4,1,3,False,True,False,True,False,False,True,False,False,False,False,False,False,False,False,True,False,False,True,-0.9771736638126857,0.48280643136679935,-0.678773515728442,-0.32789331844000197,Young,0.7142857142857143,High
44,0,981,5,3,3,1,90,2,1,3,3162,7973,3,0,14,3,4,0,7,5,3,5,2,0,3,False,False,True,False,True,False,False,False,False,False,True,False,False,False,False,False,False,False,True,0.7748559575377005,-0.7352921593777814,-0.5502079870438897,-0.32789331844000197,Middle-Aged,0.625,Low
53,0,447,2,3,4,1,39,4,4,2,16581,19764,4,0,12,3,2,0,35,2,2,9,8,8,8,False,True,True,False,False,False,True,False,False,False,False,False,False,True,False,False,False,False,True,1.7603726195472926,2.3482137808601977,3.049626816123572,0.32522751910309133,Senior,0.25,High
49,0,1495,5,4,1,1,96,3,2,3,6651,21534,2,0,14,3,2,1,20,0,2,3,2,1,2,False,True,True,False,False,False,False,False,True,False,False,False,False,False,False,False,False,True,False,1.3223652142096962,0.06643317227810284,1.121143885855289,-0.6544537372115486,Senior,0.14285714285714285,High
40,0,896,2,3,3,1,68,3,1,3,2345,8045,2,0,14,3,3,1,8,3,4,3,1,1,2,False,True,True,False,False,False,True,False,False,False,False,False,False,False,True,False,False,False,False,0.33684855220010396,-0.9230277844746163,-0.42164245835933756,-0.6544537372115486,Middle-Aged,0.3333333333333333,Low
44,0,1467,20,3,4,1,49,3,1,2,3420,21158,1,0,13,3,3,0,6,3,2,5,2,1,3,False,True,True,False,True,False,False,False,False,False,False,False,False,False,True,False,False,False,True,0.7748559575377005,-0.6760072251366755,-0.678773515728442,-0.32789331844000197,Middle-Aged,0.7142857142857143,Low
33,0,430,7,3,4,1,54,3,2,1,4373,17456,0,0,14,3,1,2,5,2,3,4,3,0,3,True,False,False,True,False,False,True,False,False,False,False,False,False,False,False,True,False,True,False,-0.42966440714069,-0.4570206269515057,-0.8073390444129942,-0.4911735278257753,Middle-Aged,0.6666666666666666,Medium
34,0,1326,3,3,4,1,81,1,2,1,4759,15891,3,0,18,3,4,0,15,2,3,13,9,3,12,False,True,False,True,False,False,False,True,False,False,False,False,False,False,False,True,False,False,True,-0.3201625558062908,-0.36832301215667296,0.4783162424325279,0.9783483566461847,Middle-Aged,0.8125,Medium
30,0,1358,16,1,4,1,96,3,2,3,5301,2939,8,0,15,3,3,2,4,2,2,2,1,2,2,False,True,False,True,True,False,False,False,False,False,False,False,False,False,False,True,False,True,False,-0.7581699611438873,-0.24377869293698562,-0.9359045730975464,-0.8177339465973219,Young,0.4,Medium
42,0,748,9,2,1,0,74,3,1,4,3673,16458,1,0,13,3,3,0,12,3,3,12,9,5,8,True,False,True,False,False,False,True,False,False,False,True,False,False,False,False,False,False,False,True,0.5558522548689022,-0.6178712237296997,0.09261965637887129,0.8150681472604113,Middle-Aged,0.9230769230769231,Medium
44,0,383,1,5,1,0,79,3,2,3,4768,9282,7,0,12,3,3,1,11,4,2,1,0,0,0,True,False,False,True,False,True,False,False,False,False,False,False,False,False,False,True,False,True,False,0.7748559575377005,-0.36625493305523904,-0.03594587230568093,-0.9810141559830953,Middle-Aged,0.08333333333333333,Medium
30,0,990,7,3,3,1,64,3,1,3,1274,7152,1,0,13,3,2,2,1,2,2,1,0,0,0,False,False,True,False,False,False,False,False,True,False,False,False,False,False,True,False,False,False,False,-0.7581699611438873,-1.1691291975452531,-1.3216011591512031,-0.9810141559830953,Young,0.5,Low
57,0,405,1,2,2,1,93,4,2,3,4900,2721,0,0,24,4,1,1,13,2,2,12,9,2,8,False,True,True,False,True,False,False,False,False,False,False,False,False,False,True,False,False,True,False,2.1983800248848895,-0.3359231062342082,0.2211851850634235,0.8150681472604113,Senior,0.8571428571428571,Medium
49,0,1490,7,4,3,1,35,3,3,2,10466,20948,3,0,14,3,2,2,29,3,3,8,7,0,7,False,True,True,False,True,False,False,False,False,False,False,False,False,False,False,False,False,False,False,1.3223652142096962,0.9430689247192602,2.2782336440162587,0.16194730971731802,Senior,0.26666666666666666,High
34,0,829,15,3,2,1,71,3,4,1,16581,11929,7,0,14,3,4,2,16,3,2,14,8,6,9,True,False,True,False,False,False,True,False,False,False,False,False,False,True,False,False,False,False,False,-0.3201625558062908,2.3482137808601977,0.6068817711170802,1.141628566031958,Middle-Aged,0.8235294117647058,High
28,1,1496,1,3,1,1,92,3,1,3,2909,15747,3,0,15,3,4,1,5,3,4,3,2,1,2,True,False,False,True,False,False,False,False,True,False,False,False,False,False,False,False,True,True,False,-0.9771736638126857,-0.7934281607847572,-0.8073390444129942,-0.6544537372115486,Young,0.5,Low
29,1,115,13,3,1,0,51,3,2,2,5765,17485,5,0,11,3,1,0,7,4,1,5,3,0,0,True,False,False,True,False,False,False,False,True,False,False,False,False,False,False,True,False,False,True,-0.8676718124782865,-0.13715772592972558,-0.5502079870438897,-0.32789331844000197,Young,0.625,Medium
34,1,790,24,4,1,0,40,2,2,2,4599,7815,0,1,23,4,3,0,16,2,4,15,9,10,10,False,True,False,True,False,False,True,False,False,False,False,False,False,False,False,True,False,False,True,-0.3201625558062908,-0.4050888628488316,0.6068817711170802,1.3049087754177313,Middle-Aged,0.8823529411764706,Medium
35,0,660,7,1,4,1,76,3,1,3,2404,16192,1,0,13,3,1,1,1,3,3,1,0,0,0,False,True,False,True,True,False,False,False,False,False,False,False,False,False,False,False,True,True,False,-0.2106607044718917,-0.9094703770318828,-1.3216011591512031,-0.9810141559830953,Middle-Aged,0.5,Low
24,1,381,9,3,2,1,89,3,1,1,3172,16998,2,1,11,3,3,0,4,2,2,0,0,0,0,True,False,True,False,False,False,True,False,False,False,True,False,False,False,False,False,False,False,True,-1.4151810691502822,-0.7329942937095214,-0.9359045730975464,-1.1442943653688686,Young,0.0,Low
24,0,830,13,2,4,0,78,3,1,2,2033,7103,1,0,13,3,3,1,1,2,3,1,0,0,0,False,False,False,True,True,False,False,False,False,False,False,False,False,False,False,False,True,True,False,-1.4151810691502822,-0.9947211933243256,-1.3216011591512031,-0.9810141559830953,Young,0.5,Low
44,0,1193,2,1,2,1,86,3,3,3,10209,19719,5,1,18,3,2,0,16,2,2,2,2,2,2,True,False,True,False,False,False,True,False,False,False,False,False,True,False,False,False,False,False,True,0.7748559575377005,0.8840137770449804,0.6068817711170802,-0.8177339465973219,Middle-Aged,0.11764705882352941,High
29,0,1246,19,3,3,1,77,2,2,3,8620,23757,1,0,14,3,3,2,10,3,3,10,7,0,4,False,True,False,True,True,False,False,False,False,False,False,False,False,False,False,True,False,False,False,-0.8676718124782865,0.51888292235848,-0.16451140099023315,0.48850772848886465,Young,0.9090909090909091,High
30,0,330,1,3,3,1,46,3,1,3,2064,15428,0,0,21,4,1,1,6,3,4,5,3,1,3,False,True,False,False,True,False,False,False,False,True,False,False,False,False,False,False,False,False,False,-0.7581699611438873,-0.9875978097527199,-0.678773515728442,-0.32789331844000197,Young,0.7142857142857143,Low
55,0,1229,4,4,4,1,30,3,2,3,4035,16143,0,1,16,3,2,0,4,2,3,3,2,1,2,False,True,True,False,True,False,False,False,False,False,False,False,False,False,False,False,False,True,False,1.979376322216091,-0.5346884865386908,-0.9359045730975464,-0.6544537372115486,Senior,0.6,Medium
33,0,1099,4,4,1,0,82,2,1,2,3838,8192,8,0,11,3,4,0,8,5,3,5,4,0,2,False,True,True,False,False,False,True,False,False,False,True,False,False,False,False,False,False,True,False,-0.42966440714069,-0.5799564402034111,-0.42164245835933756,-0.32789331844000197,Middle-Aged,0.5555555555555556,Medium
47,0,571,14,3,3,0,78,3,2,3,4591,24200,3,1,17,3,3,1,11,4,2,5,4,1,2,False,True,False,True,False,False,True,False,False,False,False,False,False,False,False,True,False,True,False,1.103361511540898,-0.40692715538343954,-0.03594587230568093,-0.32789331844000197,Senior,0.4166666666666667,Medium
28,1,289,2,2,3,1,38,2,1,1,2561,5355,7,0,11,3,3,0,8,2,2,0,0,0,0,True,False,True,False,False,False,True,False,False,False,True,False,False,False,False,False,False,False,True,-0.9771736638126857,-0.8733938860402022,-0.42164245835933756,-1.1442943653688686,Young,0.0,Low
28,0,1423,1,3,1,1,72,2,1,3,1563,12530,1,0,14,3,4,1,1,2,1,1,0,0,0,False,True,True,False,True,False,False,False,False,False,False,False,False,False,True,False,False,False,False,-0.9771736638126857,-1.1027208797325416,-1.3216011591512031,-0.9810141559830953,Young,0.5,Low
28,0,467,7,3,3,1,55,3,2,1,4898,11827,0,0,14,3,4,0,5,5,3,4,2,1,3,True,False,False,True,True,False,False,False,False,False,False,False,False,False,False,True,False,False,True,-0.9771736638126857,-0.33638267936786015,-0.8073390444129942,-0.4911735278257753,Young,0.6666666666666666,Medium
49,0,271,3,2,3,0,43,2,2,1,4789,23070,4,0,25,4,1,1,10,3,3,3,2,1,2,False,True,True,False,False,False,True,False,False,False,True,False,False,False,False,False,False,True,False,1.3223652142096962,-0.36142941515189325,-0.16451140099023315,-0.6544537372115486,Senior,0.2727272727272727,Medium
29,0,410,2,1,4,0,97,3,1,2,3180,4668,0,0,13,3,3,3,4,3,3,3,2,0,2,True,False,True,False,True,False,False,False,False,False,True,False,False,False,False,False,False,True,False,-0.8676718124782865,-0.7311560011749134,-0.9359045730975464,-0.6544537372115486,Young,0.6,Low
28,0,1083,29,1,3,1,96,1,2,2,6549,3173,1,0,14,3,2,2,8,2,2,8,6,1,7,False,True,True,False,True,False,False,False,False,False,False,False,True,False,False,False,False,True,False,-0.9771736638126857,0.04299494246185172,-0.42164245835933756,0.16194730971731802,Young,0.8888888888888888,High
33,0,516,8,5,4,1,69,3,2,3,6388,22049,2,1,17,3,1,0,14,6,3,0,0,0,0,False,True,True,False,True,False,False,False,False,False,False,False,False,False,False,False,False,False,True,-0.42966440714069,0.005999305202867097,0.34975071374797573,-1.1442943653688686,Middle-Aged,0.0,Medium
32,0,495,10,3,3,1,64,3,3,4,11244,21072,2,0,25,4,2,0,10,5,4,5,2,0,0,False,True,True,False,False,False,True,False,False,False,False,True,False,False,False,False,False,False,True,-0.5391662584750891,1.1218428737098816,-0.16451140099023315,-0.32789331844000197,Middle-Aged,0.45454545454545453,High
54,0,1050,11,4,2,0,87,3,4,4,16032,24456,3,0,20,4,1,1,26,2,3,14,9,1,12,True,False,True,False,False,False,True,False,False,False,False,True,False,False,False,False,False,False,False,1.869874470881692,2.2220609556727284,1.8925370579626022,1.141628566031958,Senior,0.5185185185185185,High
29,1,224,1,4,1,1,100,2,1,1,2362,7568,6,0,13,3,3,0,11,2,1,9,7,0,7,False,True,True,False,False,False,False,False,True,False,False,False,False,False,True,False,False,False,True,-0.8676718124782865,-0.9191214128385745,-0.03594587230568093,0.32522751910309133,Young,0.75,Low
44,0,136,28,3,4,1,32,3,4,1,16328,22074,3,0,13,3,3,1,24,1,4,20,6,14,17,False,True,True,False,True,False,False,False,False,False,False,False,False,True,False,False,False,True,False,0.7748559575377005,2.290077779453222,1.6354060005934978,2.1213098223465976,Middle-Aged,0.8,High
39,0,1089,6,3,2,0,32,3,3,2,8376,9150,4,0,18,3,4,0,9,3,3,2,0,2,2,False,True,True,False,True,False,False,False,False,False,False,False,True,False,False,False,False,False,True,0.22734670086570485,0.4628150000529381,-0.2930769296747854,-0.8177339465973219,Middle-Aged,0.2,High
46,0,228,3,3,3,0,51,3,4,2,16581,11380,8,0,12,3,4,1,23,2,4,13,12,5,1,False,True,False,True,True,False,False,False,False,False,False,True,False,False,False,False,False,True,False,0.9938596602064987,2.3482137808601977,1.5068404719089457,0.9783483566461847,Senior,0.5416666666666666,High
35,0,1029,16,3,4,0,91,2,3,2,8606,21195,1,0,19,3,4,0,11,3,1,11,8,3,3,False,True,True,False,True,False,False,False,False,False,False,False,False,False,False,False,False,False,True,-0.2106607044718917,0.5156659104229161,-0.03594587230568093,0.651787937874638,Middle-Aged,0.9166666666666666,High
23,0,507,20,1,1,1,97,3,2,3,2272,24812,0,0,14,3,2,0,5,2,3,4,3,1,2,False,True,True,False,True,False,False,False,False,False,True,False,False,False,False,False,False,False,True,-1.5246829204846812,-0.9398022038529137,-0.8073390444129942,-0.4911735278257753,Young,0.6666666666666666,Low
40,1,676,9,4,4,1,86,3,1,1,2018,21831,3,0,14,3,2,0,15,3,1,5,4,1,0,False,True,True,False,True,False,False,False,False,False,True,False,False,False,False,False,False,False,True,0.33684855220010396,-0.9981679918267156,0.4783162424325279,-0.32789331844000197,Middle-Aged,0.3125,Low
34,0,971,1,3,4,1,64,2,3,3,7083,12288,1,1,14,3,4,0,10,3,3,10,9,8,6,False,True,False,True,False,False,False,False,True,False,False,False,False,False,False,True,False,True,False,-0.3201625558062908,0.16570096914693117,-0.16451140099023315,0.48850772848886465,Middle-Aged,0.9090909090909091,High
31,1,561,3,3,4,0,33,3,1,3,4084,4156,1,0,12,3,1,0,7,2,1,7,2,7,7,True,False,True,False,True,False,False,False,False,False,False,False,False,False,True,False,False,False,True,-0.6486681098094882,-0.5234289447642172,-0.5502079870438897,-0.0013328996684553085,Middle-Aged,0.875,Medium
50,0,333,22,5,3,1,88,1,4,4,14411,24450,1,1,13,3,4,0,32,2,3,32,6,13,9,True,False,True,False,False,False,True,False,False,False,False,False,False,True,False,False,False,False,True,1.4318670655440953,1.8495769308477965,2.6639302300699153,4.080672334975878,Senior,0.9696969696969697,High
34,0,1440,7,2,2,1,55,3,1,3,2308,4944,0,1,25,4,2,1,12,4,3,11,10,5,7,False,True,False,True,False,False,False,False,True,False,False,False,False,False,False,False,True,True,False,-0.3201625558062908,-0.931529887447178,0.09261965637887129,0.651787937874638,Middle-Aged,0.8461538461538461,Low
42,0,1210,2,3,3,1,68,2,1,2,4841,24052,4,0,14,3,2,1,4,3,3,1,0,0,0,False,True,True,False,False,False,True,False,False,False,True,False,False,False,False,False,False,True,False,0.5558522548689022,-0.34948051367694166,-0.9359045730975464,-0.9810141559830953,Middle-Aged,0.2,Medium
37,0,674,13,3,1,1,47,3,2,4,4285,3031,1,0,17,3,1,0,10,2,3,10,8,3,7,False,True,True,False,False,False,True,False,False,False,False,False,False,False,True,False,False,True,False,0.008342998196906572,-0.4772418448321929,-0.16451140099023315,0.48850772848886465,Middle-Aged,0.9090909090909091,Medium
29,0,441,8,1,3,0,39,1,2,1,9715,7288,3,0,13,3,3,1,9,3,3,7,7,0,7,False,True,True,False,False,False,False,True,False,False,False,False,False,False,False,False,False,True,False,-0.8676718124782865,0.7704992130329407,-0.2930769296747854,-0.0013328996684553085,Young,0.7,High
33,0,575,25,3,4,1,44,2,2,2,4320,24152,1,0,13,3,4,0,5,2,3,5,3,0,2,False,True,True,False,True,False,False,False,False,False,False,False,True,False,False,False,False,False,True,-0.42966440714069,-0.4691993149932832,-0.8073390444129942,-0.32789331844000197,Middle-Aged,0.8333333333333334,Medium
45,0,950,28,3,4,1,97,3,1,4,2132,4585,4,0,20,4,4,1,8,3,3,5,4,0,3,False,True,True,False,False,False,False,False,True,False,False,False,False,False,True,False,False,True,False,0.8843578088720997,-0.9719723232085525,-0.42164245835933756,-0.32789331844000197,Middle-Aged,0.5555555555555556,Low
42,0,288,2,3,4,1,40,3,3,4,10124,18611,2,1,14,3,3,1,24,3,1,20,8,13,9,True,False,True,False,True,False,False,False,False,False,False,False,False,False,False,False,False,True,False,0.5558522548689022,0.8644819188647711,1.6354060005934978,2.1213098223465976,Middle-Aged,0.8,High
40,0,1342,9,2,1,1,47,3,2,1,5473,19345,0,0,12,3,4,0,9,5,4,8,4,7,1,False,True,False,True,False,False,True,False,False,False,False,False,False,False,False,True,False,True,False,0.33684855220010396,-0.20425540344291507,-0.2930769296747854,0.16194730971731802,Middle-Aged,0.8,Medium
33,0,589,28,4,2,1,79,3,2,3,5207,22949,1,1,12,3,2,1,15,3,3,15,14,5,7,False,True,True,False,True,False,False,False,False,False,True,False,False,False,False,False,False,True,False,-0.42966440714069,-0.2653786302186288,0.4783162424325279,1.3049087754177313,Middle-Aged,0.9375,Medium
40,0,898,6,2,3,1,38,3,4,4,16437,17381,1,1,21,4,4,0,21,2,3,21,7,7,7,False,True,False,False,False,False,True,False,False,False,False,True,False,False,False,False,False,False,True,0.33684855220010396,2.315124515237255,1.2497094145398413,2.284590031732371,Middle-Aged,0.9545454545454546,High
24,0,350,21,2,3,1,57,2,1,1,2296,10036,0,0,14,3,2,3,2,3,3,1,1,0,0,False,True,True,False,False,False,False,False,True,False,True,False,False,False,False,False,False,False,False,-1.4151810691502822,-0.9342873262490899,-1.193035630466651,-0.9810141559830953,Young,0.3333333333333333,Low
40,0,1142,8,2,4,1,72,3,2,4,4069,8841,3,1,18,3,3,0,8,2,3,2,2,2,2,False,False,True,False,True,False,False,False,False,False,False,False,False,False,False,False,False,False,False,0.33684855220010396,-0.526875743266607,-0.42164245835933756,-0.8177339465973219,Middle-Aged,0.2222222222222222,Medium
45,0,538,1,4,1,1,66,3,3,2,7441,20933,1,0,12,3,1,3,10,4,3,10,8,7,7,False,True,True,False,False,False,False,False,True,False,False,False,False,False,False,False,False,False,False,0.8843578088720997,0.24796456007063608,-0.16451140099023315,0.48850772848886465,Middle-Aged,0.9090909090909091,High
35,0,1402,28,4,2,0,98,2,1,3,2430,26204,0,0,23,4,1,2,6,5,3,5,3,4,2,False,True,False,True,True,False,False,False,False,False,False,False,False,False,False,False,True,True,False,-0.2106607044718917,-0.903495926294407,-0.678773515728442,-0.32789331844000197,Middle-Aged,0.7142857142857143,Low
32,0,824,5,2,4,0,67,2,2,2,5878,15624,3,0,12,3,1,1,12,2,3,7,1,2,5,False,True,True,False,True,False,False,False,False,False,False,False,False,False,True,False,False,True,False,-0.5391662584750891,-0.11119184387838854,0.09261965637887129,-0.0013328996684553085,Middle-Aged,0.5384615384615384,Medium
36,0,1157,2,4,3,1,70,3,1,4,2644,17001,3,1,21,4,4,0,7,3,2,3,2,1,2,False,True,False,True,True,False,False,False,False,False,False,False,False,False,False,False,True,False,True,-0.10115885313749257,-0.8543216009936448,-0.5502079870438897,-0.6544537372115486,Middle-Aged,0.375,Low
48,0,492,16,4,3,0,96,3,2,3,6439,13693,8,0,14,3,3,1,18,2,3,8,7,7,7,False,True,False,True,True,False,False,False,False,False,False,False,False,False,False,True,False,False,False,1.2128633628752972,0.01771842011099266,0.8640128284861845,0.16194730971731802,Senior,0.42105263157894735,Medium
29,0,598,9,3,3,1,91,4,1,3,2451,22376,6,0,18,3,1,2,5,2,2,1,0,0,0,False,True,True,False,True,False,False,False,False,False,False,False,False,False,True,False,False,True,False,-0.8676718124782865,-0.8986704083910613,-0.8073390444129942,-0.9810141559830953,Young,0.16666666666666666,Low
33,0,1242,8,4,1,1,46,3,2,1,6392,10589,2,0,13,3,4,1,8,6,1,2,2,2,2,False,True,False,True,True,False,False,False,False,False,False,False,False,False,False,True,False,True,False,-0.42966440714069,0.0069184514701710635,-0.42164245835933756,-0.8177339465973219,Middle-Aged,0.2222222222222222,Medium
30,1,740,1,3,2,1,64,2,2,1,9714,5323,1,0,11,3,4,1,10,4,3,10,8,6,7,False,True,False,True,True,False,False,False,False,False,False,False,False,False,False,True,False,True,False,-0.7581699611438873,0.7702694264661146,-0.16451140099023315,0.48850772848886465,Young,0.9090909090909091,High
38,0,888,10,4,3,1,71,3,2,3,6077,14814,3,0,11,3,3,0,10,2,3,6,3,1,2,True,False,False,False,False,False,False,False,False,True,False,False,False,False,False,False,False,True,False,0.11784484953130571,-0.06546431708001624,-0.16451140099023315,-0.16461310905422863,Middle-Aged,0.5454545454545454,Medium
35,0,992,1,3,4,1,68,2,1,1,2450,21731,1,0,19,3,2,0,3,3,3,3,0,1,2,False,True,True,False,False,False,True,False,False,False,True,False,False,False,False,False,False,False,True,-0.2106607044718917,-0.8989001949578872,-1.0644701017820986,-0.6544537372115486,Middle-Aged,0.75,Low
30,0,1288,29,4,3,1,33,3,3,2,9250,17799,3,0,12,3,2,1,9,3,3,4,2,1,3,False,True,False,True,False,False,False,False,True,False,False,False,False,False,False,True,False,True,False,-0.7581699611438873,0.6636484594588546,-0.2930769296747854,-0.4911735278257753,Young,0.4,High
35,1,104,2,3,1,0,69,3,1,1,2074,26619,1,1,12,3,4,1,1,2,3,1,0,0,0,False,True,True,False,True,False,False,False,False,False,True,False,False,False,False,False,False,False,False,-0.2106607044718917,-0.98529994408446,-1.3216011591512031,-0.9810141559830953,Middle-Aged,0.5,Low
53,1,607,2,5,3,0,78,2,3,4,10169,14618,0,0,16,3,2,1,34,4,3,33,7,1,9,False,True,True,False,False,False,False,False,True,False,False,False,True,False,False,False,False,True,False,1.7603726195472926,0.8748223143719408,2.9210612874390196,4.243952544361651,Senior,0.9428571428571428,High
38,1,903,2,3,3,1,81,3,2,2,4855,7653,4,0,11,3,1,2,7,2,3,5,2,1,4,False,True,True,False,False,False,True,False,False,False,False,False,True,False,False,False,False,True,False,0.11784484953130571,-0.3462635017413778,-0.5502079870438897,-0.32789331844000197,Middle-Aged,0.625,Medium
32,0,1200,1,4,4,1,62,3,2,1,4087,25174,4,0,14,3,2,1,9,3,2,6,5,1,2,False,False,True,False,False,False,False,False,True,False,False,False,False,False,True,False,False,True,False,-0.5391662584750891,-0.5227395850637392,-0.2930769296747854,-0.16461310905422863,Middle-Aged,0.6,Medium
48,0,1108,15,4,3,0,65,3,1,1,2367,16530,8,0,12,3,4,1,10,3,2,8,2,7,6,False,True,True,False,False,False,False,True,False,False,False,False,False,False,True,False,False,True,False,1.2128633628752972,-0.9179724800044445,-0.16451140099023315,0.16194730971731802,Senior,0.7272727272727273,Low
34,0,479,7,4,1,1,35,3,1,4,2972,22061,1,0,13,3,3,0,1,4,1,1,0,0,0,False,True,True,False,False,False,True,False,False,False,False,False,False,False,True,False,False,False,True,-0.3201625558062908,-0.7789516070747197,-1.3216011591512031,-0.9810141559830953,Middle-Aged,0.5,Low
55,0,685,26,5,3,1,60,2,5,4,16581,23037,1,0,21,4,3,1,36,3,3,36,6,2,13,False,True,False,True,False,True,False,False,False,False,False,True,False,False,False,False,False,True,False,1.979376322216091,2.3482137808601977,3.1781923448081244,4.733793172518971,Senior,0.972972972972973,High
34,0,1351,1,4,2,1,45,3,2,4,5484,13008,9,0,17,3,2,1,9,3,2,2,2,2,1,False,True,True,False,True,False,False,False,False,False,False,False,False,False,True,False,False,True,False,-0.3201625558062908,-0.20172775120782918,-0.2930769296747854,-0.8177339465973219,Middle-Aged,0.2,Medium
26,0,474,3,3,1,0,89,3,1,4,2061,11133,1,0,21,4,1,0,1,5,3,1,0,0,0,False,True,True,False,True,False,False,False,False,False,False,False,False,False,True,False,False,True,False,-1.1961773664814839,-0.988287169453198,-1.3216011591512031,-0.9810141559830953,Young,0.5,Low
38,0,1245,14,3,3,1,80,3,2,2,9924,12355,0,0,11,3,4,1,10,3,3,9,8,7,7,False,True,False,True,True,False,False,False,False,False,False,False,False,False,False,True,False,True,False,0.11784484953130571,0.8185246054995728,-0.16451140099023315,0.32522751910309133,Middle-Aged,0.8181818181818182,High
38,0,437,16,3,2,0,90,3,2,2,4198,16379,2,0,12,3,2,0,8,5,4,3,2,1,2,False,True,False,True,True,False,False,False,False,False,False,False,False,False,False,True,False,False,True,0.11784484953130571,-0.49723327614605417,-0.42164245835933756,-0.6544537372115486,Middle-Aged,0.3333333333333333,Medium
36,0,884,1,4,2,0,73,3,2,3,6815,21447,6,0,13,3,1,0,15,5,3,1,0,0,0,False,True,False,True,True,False,False,False,False,False,False,False,False,False,False,True,False,False,True,-0.10115885313749257,0.10411816923756545,0.4783162424325279,-0.9810141559830953,Middle-Aged,0.0625,High
29,0,1370,3,1,2,1,87,3,1,1,4723,16213,1,1,18,3,4,0,10,3,3,10,9,1,5,False,True,True,False,False,False,True,False,False,False,True,False,False,False,False,False,False,False,True,-0.8676718124782865,-0.3765953285624087,-0.16451140099023315,0.48850772848886465,Young,0.9090909090909091,Medium
35,0,670,10,4,1,0,51,3,2,3,6142,4223,3,1,16,3,3,0,10,4,3,5,2,0,4,False,True,True,False,False,False,True,False,False,False,False,False,False,False,False,False,False,False,True,-0.2106607044718917,-0.0505281902363268,-0.16451140099023315,-0.32789331844000197,Middle-Aged,0.45454545454545453,Medium
39,0,1462,6,3,4,1,38,4,3,3,8237,4658,2,0,11,3,1,1,11,3,3,7,6,7,6,False,True,False,True,False,False,True,False,False,False,False,False,False,False,False,True,False,True,False,0.22734670086570485,0.43087466726412527,-0.03594587230568093,-0.0013328996684553085,Middle-Aged,0.5833333333333334,High
29,0,995,2,1,1,1,87,3,2,4,8853,24483,1,0,19,3,4,1,6,0,4,6,4,1,3,True,False,True,False,True,False,False,False,False,False,False,False,False,False,False,False,False,False,False,-0.8676718124782865,0.572423192428936,-0.678773515728442,-0.16461310905422863,Young,0.8571428571428571,High
50,0,264,9,3,3,1,59,3,5,3,16581,19519,4,1,16,3,3,1,27,2,3,1,0,0,0,False,True,False,True,False,True,False,False,False,False,False,True,False,False,False,False,False,True,False,1.4318670655440953,2.3482137808601977,2.0211025866471544,-0.9810141559830953,Senior,0.03571428571428571,High
23,0,977,10,3,4,1,45,4,1,3,2073,12826,2,0,16,3,4,1,4,2,3,2,2,2,2,False,True,True,False,False,False,False,False,True,False,False,False,False,False,True,False,False,True,False,-1.5246829204846812,-0.985529730651286,-0.9359045730975464,-0.8177339465973219,Young,0.4,Low
36,0,1302,6,4,1,1,80,4,2,1,5562,19711,3,1,13,3,4,1,9,3,3,3,2,0,2,True,False,True,False,True,False,False,False,False,False,True,False,False,False,False,False,False,True,False,-0.10115885313749257,-0.18380439899540185,-0.2930769296747854,-0.6544537372115486,Middle-Aged,0.3,Medium
42,0,1059,9,2,4,1,93,2,5,4,16581,26362,8,0,22,4,4,0,24,2,3,1,0,0,1,False,True,True,False,False,False,False,True,False,False,False,True,False,False,False,False,False,False,True,0.5558522548689022,2.3482137808601977,1.6354060005934978,-0.9810141559830953,Middle-Aged,0.04,High
35,0,750,28,3,2,1,46,4,2,3,3407,25348,1,0,17,3,4,2,10,3,2,10,9,6,8,False,True,True,False,True,False,False,False,False,False,True,False,False,False,False,False,False,True,False,-0.2106607044718917,-0.6789944505054134,-0.16451140099023315,0.48850772848886465,Middle-Aged,0.9090909090909091,Low
34,0,653,10,4,4,1,92,2,2,3,5063,15332,1,0,14,3,2,1,8,3,2,8,2,7,7,True,False,True,False,False,False,False,False,True,False,False,False,False,False,False,False,False,True,False,-0.3201625558062908,-0.2984678958415716,-0.42164245835933756,0.16194730971731802,Middle-Aged,0.8888888888888888,Medium
40,0,118,14,2,4,0,84,3,2,1,4639,11262,1,0,15,3,3,1,5,2,3,5,4,1,2,False,True,False,True,True,False,False,False,False,False,False,False,False,False,False,True,False,True,False,0.33684855220010396,-0.39589740017579195,-0.8073390444129942,-0.32789331844000197,Middle-Aged,0.8333333333333334,Medium
43,0,990,27,3,4,1,87,4,1,2,4876,5855,5,0,12,3,3,1,8,0,3,6,4,0,2,False,True,True,False,False,False,False,False,True,False,True,False,False,False,False,False,False,False,False,0.6653541062033014,-0.341437983838032,-0.42164245835933756,-0.16461310905422863,Middle-Aged,0.6666666666666666,Medium
35,0,1349,7,2,3,1,63,2,1,4,2690,7713,1,0,18,3,4,1,1,5,2,1,0,0,1,False,True,True,False,True,False,False,False,False,False,True,False,False,False,False,False,False,True,False,-0.2106607044718917,-0.8437514189196493,-1.3216011591512031,-0.9810141559830953,Middle-Aged,0.5,Low
46,0,563,1,4,4,1,56,4,4,1,16581,3156,1,0,15,3,2,0,27,5,1,26,0,0,12,False,True,False,True,True,False,False,False,False,False,False,True,False,False,False,False,False,False,True,0.9938596602064987,2.3482137808601977,2.0211025866471544,3.1009910786612376,Senior,0.9285714285714286,High
28,1,329,24,3,3,1,51,3,1,2,2408,7324,1,1,17,3,3,3,1,3,3,1,1,0,0,False,True,True,False,False,False,True,False,False,False,True,False,False,False,False,False,False,True,False,-0.9771736638126857,-0.9085512307645789,-1.3216011591512031,-0.9810141559830953,Young,0.5,Low
22,0,457,26,2,2,0,85,2,1,3,2814,10293,1,1,14,3,2,0,4,2,2,4,2,1,3,False,False,True,False,False,False,False,True,False,False,False,False,False,False,True,False,False,True,False,-1.6341847718190805,-0.8152578846332263,-0.9359045730975464,-0.4911735278257753,Young,0.8,Low
50,0,1234,20,5,2,1,41,3,4,3,11245,20689,2,1,15,3,3,1,32,3,3,30,8,12,13,True,False,True,False,False,False,True,False,False,False,False,False,False,False,False,False,False,True,False,1.4318670655440953,1.1220726602767075,2.6639302300699153,3.754111916204331,Senior,0.9090909090909091,High
32,0,634,5,4,2,0,35,4,1,4,3312,18783,3,0,17,3,4,2,6,3,3,3,2,0,2,False,True,True,False,False,False,False,True,False,False,False,False,False,False,True,False,False,True,False,-0.5391662584750891,-0.7008241743538826,-0.678773515728442,-0.6544537372115486,Middle-Aged,0.42857142857142855,Low
44,0,1313,7,3,2,0,31,3,5,4,16581,3549,0,1,14,3,4,1,23,4,2,22,7,1,10,False,True,True,False,False,False,True,False,False,False,False,False,False,True,False,False,False,False,False,0.7748559575377005,2.3482137808601977,1.5068404719089457,2.4478702411181446,Middle-Aged,0.9166666666666666,High
30,0,241,7,3,2,1,48,2,1,2,2141,5348,1,0,12,3,2,1,6,3,2,6,4,1,1,False,True,True,False,False,False,True,False,False,False,False,False,False,False,True,False,False,True,False,-0.7581699611438873,-0.9699042441071186,-0.678773515728442,-0.16461310905422863,Young,0.8571428571428571,Low
45,0,1015,5,5,3,0,50,1,2,1,5769,23447,1,1,14,3,1,0,10,3,3,10,7,1,4,False,True,True,False,False,False,True,False,False,False,True,False,False,False,False,False,False,False,True,0.8843578088720997,-0.13623857966242162,-0.16451140099023315,0.48850772848886465,Middle-Aged,0.9090909090909091,Medium
45,0,336,26,3,1,1,52,2,2,1,4385,24162,1,0,15,3,1,1,10,2,3,10,7,4,5,False,False,False,True,False,True,False,False,False,False,False,False,False,False,False,True,False,True,False,0.8843578088720997,-0.45426318814959377,-0.16451140099023315,0.48850772848886465,Middle-Aged,0.9090909090909091,Medium
31,0,715,2,4,4,1,54,3,2,1,5332,21602,7,0,13,3,4,0,10,3,3,5,2,0,3,True,False,False,True,False,False,False,True,False,False,False,False,False,False,False,True,False,False,True,-0.6486681098094882,-0.23665530936537987,-0.16451140099023315,-0.32789331844000197,Middle-Aged,0.45454545454545453,Medium
36,0,559,12,4,3,0,76,3,2,3,4663,12421,9,1,12,3,2,2,7,2,3,3,2,1,1,False,True,True,False,True,False,False,False,False,False,False,False,True,False,False,False,False,True,False,-0.10115885313749257,-0.39038252257196815,-0.5502079870438897,-0.6544537372115486,Middle-Aged,0.375,Medium
34,0,426,10,4,3,1,42,4,2,4,4724,17000,1,0,13,3,1,1,9,3,3,9,7,7,2,True,False,True,False,True,False,False,False,False,False,False,False,True,False,False,False,False,False,False,-0.3201625558062908,-0.3763655419955827,-0.2930769296747854,0.32522751910309133,Middle-Aged,0.9,Medium
49,0,722,25,4,3,0,84,3,1,1,3211,22102,1,0,14,3,4,1,10,3,2,9,6,1,4,False,True,True,False,True,False,False,False,False,False,True,False,False,False,False,False,False,True,False,1.3223652142096962,-0.7240326176033077,-0.16451140099023315,0.32522751910309133,Senior,0.8181818181818182,Low
39,0,1387,10,5,2,1,76,3,2,1,5377,3835,2,0,13,3,4,3,10,3,3,7,7,7,7,False,True,True,False,False,False,True,False,False,False,False,False,True,False,False,False,False,True,False,0.22734670086570485,-0.22631491385821026,-0.16451140099023315,-0.0013328996684553085,Middle-Aged,0.6363636363636364,Medium
27,0,1302,19,3,4,1,67,2,1,1,4066,16290,1,0,11,3,1,2,7,3,3,7,7,0,7,False,True,True,False,False,False,False,True,False,False,True,False,False,False,False,False,False,False,False,-1.0866755151470848,-0.527565102967085,-0.5502079870438897,-0.0013328996684553085,Young,0.875,Medium
35,0,819,18,5,2,1,48,4,2,1,5208,26312,1,0,11,3,4,0,16,2,3,16,15,1,10,False,True,True,False,True,False,False,False,False,False,False,False,False,False,True,False,False,True,False,-0.2106607044718917,-0.2651488436518028,0.6068817711170802,1.4681889848035046,Middle-Aged,0.9411764705882353,Medium
28,0,580,27,3,2,0,39,1,2,1,4877,20460,0,0,21,4,2,1,6,5,2,5,3,0,0,False,True,True,False,False,False,True,False,False,False,False,False,True,False,False,False,False,False,False,-0.9771736638126857,-0.341208197271206,-0.678773515728442,-0.32789331844000197,Young,0.7142857142857143,Medium
21,0,546,5,1,3,1,97,3,1,4,3117,26009,1,0,18,3,3,0,3,2,3,2,2,2,2,False,True,True,False,False,False,True,False,False,False,False,False,False,False,True,False,False,False,True,-1.7436866231534796,-0.745632554884951,-1.0644701017820986,-0.8177339465973219,Young,0.5,Low
18,1,544,3,2,2,0,70,3,1,4,1569,18420,1,1,12,3,3,0,0,2,4,0,0,0,0,True,False,False,True,False,False,True,False,False,False,False,False,False,False,False,False,True,False,True,-2.072192177156677,-1.1013421603315856,-1.4501666878357553,-1.1442943653688686,Young,0.0,Low
47,0,1176,26,4,4,0,98,3,5,3,16581,5220,3,0,11,3,3,1,27,2,3,5,2,1,0,False,True,False,False,True,False,False,False,False,False,False,True,False,False,False,False,False,True,False,1.103361511540898,2.3482137808601977,2.0211025866471544,-0.32789331844000197,Senior,0.17857142857142858,High
39,0,170,3,2,3,1,76,2,2,3,3069,10302,0,0,15,3,4,1,11,3,3,10,8,0,7,False,True,True,False,False,False,True,False,False,False,True,False,False,False,False,False,False,False,False,0.22734670086570485,-0.7566623100925985,-0.03594587230568093,0.48850772848886465,Middle-Aged,0.8333333333333334,Low
40,0,884,15,3,1,0,80,2,3,3,10435,25800,1,0,13,3,4,2,18,2,3,18,15,14,12,False,True,True,False,True,False,False,False,False,False,False,False,True,False,False,False,False,True,False,0.33684855220010396,0.9359455411476545,0.8640128284861845,1.794749403575051,Middle-Aged,0.9473684210526315,High
35,0,208,8,4,3,0,52,3,2,3,4148,12250,1,0,12,3,4,1,15,5,3,14,11,2,9,False,False,True,False,True,False,False,False,False,False,False,False,False,False,False,False,False,True,False,-0.2106607044718917,-0.5087226044873537,0.4783162424325279,1.141628566031958,Middle-Aged,0.875,Medium
37,0,671,19,3,3,1,85,3,2,3,5768,26493,3,0,17,3,1,3,9,2,2,4,3,0,2,False,True,True,False,True,False,False,False,False,False,False,False,True,False,False,False,False,True,False,0.008342998196906572,-0.1364683662292476,-0.2930769296747854,-0.4911735278257753,Middle-Aged,0.4,Medium
39,0,711,4,3,1,0,81,3,2,3,5042,3140,0,0,13,3,4,0,10,2,1,9,2,3,8,True,False,True,False,False,False,True,False,False,False,False,False,True,False,False,False,False,False,True,0.22734670086570485,-0.3032934137449174,-0.16451140099023315,0.32522751910309133,Middle-Aged,0.8181818181818182,Medium
45,0,1329,2,2,4,0,59,2,2,4,5770,5388,1,0,19,3,1,2,10,3,3,10,7,3,9,False,True,True,False,False,False,False,True,False,False,False,False,True,False,False,False,False,False,False,0.8843578088720997,-0.13600879309559563,-0.16451140099023315,0.48850772848886465,Middle-Aged,0.9090909090909091,Medium
38,0,397,2,2,4,0,54,2,3,3,7756,14199,3,1,19,3,4,1,10,6,4,5,4,0,2,False,True,True,False,False,False,True,False,False,False,False,False,True,False,False,False,False,True,False,0.11784484953130571,0.3203473286208234,-0.16451140099023315,-0.32789331844000197,Middle-Aged,0.45454545454545453,High
35,1,737,10,3,4,1,55,2,3,1,10306,21530,9,0,17,3,3,0,15,3,3,13,12,6,0,False,True,False,True,False,False,True,False,False,False,False,False,False,False,False,True,False,True,False,-0.2106607044718917,0.9063030740271016,0.4783162424325279,0.9783483566461847,Middle-Aged,0.8125,High
37,0,1470,10,3,2,0,71,3,1,2,3936,9953,1,0,11,3,1,1,8,2,1,8,4,7,7,False,True,True,False,False,False,True,False,False,False,False,False,False,False,True,False,False,True,False,0.008342998196906572,-0.5574373566544639,-0.42164245835933756,0.16194730971731802,Middle-Aged,0.8888888888888888,Medium
40,0,448,16,3,3,0,84,3,3,4,7945,19948,6,1,15,3,4,0,18,2,2,4,2,3,3,False,True,True,False,True,False,False,False,False,False,False,False,True,False,False,False,False,False,True,0.33684855220010396,0.3637769897509358,0.8640128284861845,-0.4911735278257753,Middle-Aged,0.21052631578947367,High
44,0,602,1,5,1,1,37,3,2,4,5743,10503,4,1,11,3,3,0,14,3,3,10,7,0,2,True,False,False,False,False,False,False,False,False,True,False,False,False,False,False,False,False,True,False,0.7748559575377005,-0.14221303039989738,0.34975071374797573,0.48850772848886465,Middle-Aged,0.6666666666666666,Medium
48,0,365,4,5,3,1,89,2,4,4,15202,5602,2,0,25,4,2,1,23,3,3,2,2,2,2,True,False,True,False,False,False,True,False,False,False,False,True,False,False,False,False,False,True,False,1.2128633628752972,2.0313381052071557,1.5068404719089457,-0.8177339465973219,Senior,0.08333333333333333,High
35,1,763,15,2,1,1,59,1,2,4,5440,22098,6,1,14,3,4,2,7,2,2,2,2,2,2,False,True,False,True,False,False,True,False,False,False,False,False,False,False,False,True,False,False,False,-0.2106607044718917,-0.21183836014817278,-0.5502079870438897,-0.8177339465973219,Middle-Aged,0.25,Medium
24,0,567,2,1,1,0,32,3,1,4,3760,17218,1,1,13,3,3,0,6,2,3,6,3,1,3,True,False,True,False,False,False,False,False,True,False,False,False,False,False,True,False,False,False,True,-1.4151810691502822,-0.5978797924158384,-0.678773515728442,-0.16461310905422863,Young,0.8571428571428571,Medium
27,0,486,8,3,2,0,86,4,1,3,3517,22490,7,0,17,3,1,0,5,0,3,3,2,0,2,False,True,True,False,False,False,True,False,False,False,False,False,False,False,True,False,False,True,False,-1.0866755151470848,-0.6537179281545543,-0.8073390444129942,-0.6544537372115486,Young,0.5,Low
27,0,591,2,3,4,1,87,3,1,4,2580,6297,2,0,13,3,3,0,6,0,2,4,2,1,2,True,False,True,False,False,False,True,False,False,False,False,False,False,False,True,False,False,False,True,-1.0866755151470848,-0.8690279412705083,-0.678773515728442,-0.4911735278257753,Young,0.5714285714285714,Low
40,1,1329,7,3,1,1,73,3,1,1,2166,3339,3,1,14,3,2,0,10,3,1,4,2,0,3,False,True,True,False,True,False,False,False,False,False,True,False,False,False,False,False,False,False,True,0.33684855220010396,-0.9641595799364688,-0.16451140099023315,-0.4911735278257753,Middle-Aged,0.36363636363636365,Low
29,0,469,10,3,3,1,42,2,2,3,5869,23413,9,0,11,3,3,0,8,2,3,5,2,1,4,False,True,False,True,False,False,True,False,False,False,False,False,False,False,False,True,False,False,True,-0.8676718124782865,-0.11325992297982246,-0.42164245835933756,-0.32789331844000197,Young,0.5555555555555556,Medium
36,0,711,5,4,2,0,42,3,3,1,8008,22792,4,0,12,3,3,2,9,6,3,3,2,0,2,False,True,True,False,True,False,False,False,False,False,False,False,False,False,False,False,False,True,False,-0.10115885313749257,0.37825354346097323,-0.2930769296747854,-0.6544537372115486,Middle-Aged,0.3,High
25,0,772,2,1,4,1,77,4,2,3,5206,4973,1,0,17,3,3,2,7,6,3,7,7,0,7,True,False,True,False,True,False,False,False,False,False,False,False,True,False,False,False,False,False,False,-1.3056792178158831,-0.26560841678545477,-0.5502079870438897,-0.0013328996684553085,Young,0.875,Medium
39,0,492,12,3,4,1,66,3,2,2,5295,7693,4,0,21,4,3,0,7,3,3,5,4,1,0,False,True,True,False,False,False,True,False,False,False,False,False,True,False,False,False,False,True,False,0.22734670086570485,-0.24515741233794155,-0.5502079870438897,-0.32789331844000197,Middle-Aged,0.625,Medium
49,0,301,22,4,1,0,72,3,4,2,16413,3498,3,0,16,3,2,2,27,2,3,4,2,1,2,False,True,True,False,False,False,False,True,False,False,False,False,False,True,False,False,False,True,False,1.3223652142096962,2.3096096376334314,2.0211025866471544,-0.4911735278257753,Senior,0.14285714285714285,High
50,0,813,17,5,4,0,50,2,3,1,13269,21981,5,0,15,3,3,3,19,3,3,14,11,1,11,False,True,True,False,True,False,False,False,False,False,False,False,False,True,False,False,False,False,False,1.4318670655440953,1.5871606715325142,0.9925783571707368,1.141628566031958,Senior,0.7,High
20,0,1141,2,3,3,0,31,3,1,3,2783,13251,1,0,19,3,1,0,2,3,3,2,2,2,2,False,True,False,True,False,False,True,False,False,False,False,False,False,False,False,False,True,False,True,-1.8531884744878788,-0.822381268204832,-1.193035630466651,-0.8177339465973219,Young,0.6666666666666666,Low
34,0,1130,3,3,4,0,66,3,2,2,5433,19332,1,0,12,3,3,1,11,2,3,11,8,7,9,False,True,True,False,True,False,False,False,False,False,False,False,False,False,True,False,False,False,False,-0.3201625558062908,-0.21344686611595473,-0.03594587230568093,0.651787937874638,Middle-Aged,0.9166666666666666,Medium
36,0,311,7,3,1,1,77,3,1,2,2013,10950,2,0,11,3,3,0,15,4,3,4,3,1,3,False,True,True,False,True,False,False,False,False,False,True,False,False,False,False,False,False,False,True,-0.10115885313749257,-0.9993169246608455,0.4783162424325279,-0.4911735278257753,Middle-Aged,0.25,Low
49,0,465,6,1,3,0,41,2,4,3,13966,11652,2,1,19,3,2,1,30,3,3,15,11,2,12,False,True,True,False,True,False,False,False,False,False,False,False,False,False,False,False,False,True,False,1.3223652142096962,1.7473219086102303,2.406799172700811,1.3049087754177313,Senior,0.4838709677419355,High
36,0,894,1,4,4,0,33,2,2,3,4374,15411,0,0,15,3,3,0,4,6,3,3,2,1,2,False,False,True,False,False,False,True,False,False,False,False,False,True,False,False,False,False,True,False,-0.10115885313749257,-0.4567908403846797,-0.9359045730975464,-0.6544537372115486,Middle-Aged,0.6,Medium
36,0,1040,3,2,4,1,79,4,2,1,6842,26308,6,0,20,4,1,1,13,3,3,5,4,0,4,False,True,True,False,True,False,False,False,False,False,False,False,False,False,False,False,False,False,False,-0.10115885313749257,0.11032240654186722,0.2211851850634235,-0.32789331844000197,Middle-Aged,0.35714285714285715,High
54,0,584,22,5,2,0,91,3,4,3,16581,18685,3,0,25,4,3,1,36,6,3,10,8,4,7,False,True,True,False,False,False,True,False,False,False,False,True,False,False,False,False,False,True,False,1.869874470881692,2.3482137808601977,3.1781923448081244,0.48850772848886465,Senior,0.2702702702702703,High
43,0,1291,15,2,3,1,65,2,4,3,16581,3525,1,0,24,4,1,1,14,3,3,14,10,6,11,False,True,True,False,True,False,False,False,False,False,False,False,False,True,False,False,False,True,False,0.6653541062033014,2.3482137808601977,0.34975071374797573,1.141628566031958,Middle-Aged,0.9333333333333333,High
35,1,880,12,4,4,1,36,3,2,4,4581,10414,3,1,24,4,1,0,13,2,4,11,9,6,7,True,False,False,True,False,False,False,True,False,False,False,False,False,False,False,True,False,False,True,-0.2106607044718917,-0.40922502105169944,0.2211851850634235,0.651787937874638,Middle-Aged,0.7857142857142857,Medium
38,0,1189,1,3,4,1,90,3,2,4,4735,9867,7,0,15,3,4,2,19,4,4,13,11,2,9,True,False,True,False,True,False,False,False,False,False,False,False,False,False,True,False,False,True,False,0.11784484953130571,-0.37383788976049676,0.9925783571707368,0.9783483566461847,Middle-Aged,0.65,Medium
29,0,991,5,3,1,1,43,2,2,2,4187,3356,1,1,13,3,2,1,10,3,2,10,0,0,9,False,True,False,True,False,False,True,False,False,False,False,False,False,False,False,True,False,False,False,-0.8676718124782865,-0.49976092838114006,-0.16451140099023315,0.48850772848886465,Young,0.9090909090909091,Medium
33,0,392,2,4,4,1,93,3,2,4,5505,3921,1,0,14,3,3,2,6,5,3,6,2,0,4,False,True,False,True,False,False,True,False,False,False,False,False,False,False,False,True,False,False,False,-0.42966440714069,-0.19690223330448337,-0.678773515728442,-0.16461310905422863,Middle-Aged,0.8571428571428571,Medium
32,0,977,2,3,4,1,45,3,2,2,5470,25518,0,0,13,3,3,2,10,4,2,9,5,1,6,False,True,True,False,False,False,True,False,False,False,False,False,False,False,True,False,False,False,False,-0.5391662584750891,-0.20494476314339305,-0.16451140099023315,0.32522751910309133,Middle-Aged,0.8181818181818182,Medium
31,0,1112,5,4,1,0,67,3,2,4,5476,22589,1,0,11,3,1,2,10,2,3,10,0,0,2,False,True,False,True,True,False,False,False,False,False,False,False,False,False,False,True,False,True,False,-0.6486681098094882,-0.2035660437424371,-0.16451140099023315,0.48850772848886465,Middle-Aged,0.9090909090909091,Medium
49,0,464,16,3,4,0,74,3,1,1,2587,24941,4,1,16,3,2,1,17,2,2,2,2,2,2,False,True,True,False,False,False,True,False,False,False,True,False,False,False,False,False,False,False,False,1.3223652142096962,-0.8674194353027264,0.7354472998016324,-0.8177339465973219,Senior,0.1111111111111111,Low
38,0,148,2,3,4,0,42,2,1,2,2440,23826,1,0,22,4,2,0,4,3,3,4,3,3,3,True,False,True,False,False,False,True,False,False,False,True,False,False,False,False,False,False,False,True,0.11784484953130571,-0.9011980606261472,-0.9359045730975464,-0.4911735278257753,Middle-Aged,0.8,Low
47,0,1225,2,4,2,0,47,4,4,2,15972,21086,6,0,14,3,3,3,29,2,3,3,2,1,2,False,True,False,True,True,False,False,False,False,False,False,True,False,False,False,False,False,False,False,1.103361511540898,2.208273761663169,2.2782336440162587,-0.6544537372115486,Senior,0.1,High
49,0,809,1,3,3,1,36,3,4,3,15379,22384,4,0,14,3,1,0,23,2,3,8,7,0,0,False,True,True,False,True,False,False,False,False,False,False,True,False,False,False,False,False,False,True,1.3223652142096962,2.0720103275353563,1.5068404719089457,0.16194730971731802,Senior,0.3333333333333333,High
41,0,1206,23,2,4,1,80,3,3,3,7082,11591,3,1,16,3,4,0,21,2,3,2,0,0,2,False,True,False,True,True,False,False,False,False,False,False,False,False,False,False,True,False,False,True,0.4463504035345031,0.16547118258010515,1.2497094145398413,-0.8177339465973219,Middle-Aged,0.09090909090909091,High
20,0,727,9,1,4,1,54,3,1,1,2728,21082,1,0,11,3,1,0,2,3,3,2,2,0,2,False,True,False,True,True,False,False,False,False,False,False,False,False,False,False,False,True,False,True,-1.8531884744878788,-0.8350195293802616,-1.193035630466651,-0.8177339465973219,Young,0.6666666666666666,Low
33,0,530,16,3,3,0,36,3,2,4,5368,16130,1,1,25,4,3,1,7,2,3,6,5,1,2,False,False,False,True,True,False,False,False,False,False,False,False,False,False,False,True,False,False,False,-0.42966440714069,-0.22838299295964418,-0.5502079870438897,-0.16461310905422863,Middle-Aged,0.75,Medium
36,0,1351,26,4,1,1,80,3,2,3,5347,7419,6,0,14,3,2,2,10,2,2,3,2,0,2,False,True,True,False,True,False,False,False,False,False,False,False,False,False,False,False,False,True,False,-0.10115885313749257,-0.23320851086299,-0.16451140099023315,-0.6544537372115486,Middle-Aged,0.2727272727272727,Medium
44,0,528,1,3,3,0,44,3,1,4,3195,4167,4,1,18,3,1,3,8,2,3,2,2,2,2,False,True,False,False,True,False,False,False,False,True,False,False,False,False,False,False,False,False,False,0.7748559575377005,-0.7277092026725236,-0.42164245835933756,-0.8177339465973219,Middle-Aged,0.2222222222222222,Low
23,1,1320,8,1,4,1,93,2,1,3,3989,20586,1,1,11,3,1,0,5,2,3,5,4,1,2,False,True,True,False,False,False,True,False,False,False,True,False,False,False,False,False,False,False,True,-1.5246829204846812,-0.5452586686126863,-0.8073390444129942,-0.32789331844000197,Young,0.8333333333333334,Medium
38,0,1495,4,2,4,0,87,3,1,3,3306,26176,7,0,19,3,4,1,7,5,2,0,0,0,0,False,True,True,False,False,False,True,False,False,False,True,False,False,False,False,False,False,True,False,0.11784484953130571,-0.7022028937548386,-0.5502079870438897,-1.1442943653688686,Middle-Aged,0.0,Low
53,0,1395,24,4,2,1,48,4,3,4,7005,3458,3,0,15,3,3,0,11,2,3,4,3,1,2,False,True,True,False,False,False,True,False,False,False,False,False,False,False,False,False,False,True,False,1.7603726195472926,0.1477776169345038,-0.03594587230568093,-0.4911735278257753,Senior,0.3333333333333333,High
48,1,708,7,2,4,0,95,3,1,3,2655,11740,2,1,11,3,3,2,19,3,3,9,7,7,7,True,False,False,True,False,False,True,False,False,False,False,False,False,False,False,False,True,True,False,1.2128633628752972,-0.851793948758559,0.9925783571707368,0.32522751910309133,Senior,0.45,Low
32,1,1259,2,4,4,1,95,3,1,2,1393,24852,1,0,12,3,1,0,1,2,3,1,0,0,0,False,True,True,False,True,False,False,False,False,False,True,False,False,False,False,False,False,False,True,-0.5391662584750891,-1.1417845960929602,-1.3216011591512031,-0.9810141559830953,Middle-Aged,0.5,Low
26,0,786,7,3,4,1,76,3,1,4,2570,11925,1,0,20,4,3,0,7,5,3,7,7,5,7,False,False,True,False,False,False,True,False,False,False,True,False,False,False,False,False,False,False,True,-1.1961773664814839,-0.8713258069387683,-0.5502079870438897,-0.0013328996684553085,Young,0.875,Low
55,0,1441,22,3,1,1,94,2,1,2,3537,23737,5,0,12,3,4,1,8,1,3,4,2,1,2,False,True,True,False,False,False,False,False,True,False,False,False,False,False,True,False,False,False,False,1.979376322216091,-0.6491221968180345,-0.42164245835933756,-0.4911735278257753,Senior,0.4444444444444444,Low
34,0,1157,5,2,2,1,57,2,2,4,3986,11912,1,0,14,3,3,1,15,3,4,15,10,4,13,False,True,True,False,False,False,True,False,False,False,True,False,False,False,False,False,False,True,False,-0.3201625558062908,-0.5459480283131644,0.4783162424325279,1.3049087754177313,Middle-Aged,0.9375,Medium
60,0,370,1,4,3,1,92,1,3,4,10883,20467,3,0,20,4,3,1,19,2,4,1,0,0,0,False,True,True,False,False,False,True,False,False,False,False,False,False,False,False,False,False,False,False,2.526885578888087,1.0388899230856987,0.9925783571707368,-0.9810141559830953,Senior,0.05,High
33,0,267,21,3,2,1,79,4,1,2,2028,13637,1,0,18,3,4,3,14,6,3,14,11,2,13,False,True,True,False,False,False,True,False,False,False,True,False,False,False,False,False,False,True,False,-0.42966440714069,-0.9958701261584556,0.34975071374797573,1.141628566031958,Middle-Aged,0.9333333333333333,Low
37,0,1278,1,4,3,1,31,1,2,4,9525,7677,1,0,14,3,3,2,6,2,2,6,3,1,3,True,False,False,True,False,False,True,False,False,False,False,False,False,False,False,True,False,False,False,0.008342998196906572,0.7268397653360023,-0.678773515728442,-0.16461310905422863,Middle-Aged,0.8571428571428571,High
34,0,678,19,3,2,0,35,2,1,4,2929,20338,1,0,12,3,2,0,10,3,3,10,9,8,7,False,True,True,False,True,False,False,False,False,False,False,False,False,False,True,False,False,True,False,-0.3201625558062908,-0.7888324294482373,-0.16451140099023315,0.48850772848886465,Middle-Aged,0.9090909090909091,Low
23,1,427,7,3,3,1,99,3,1,4,2275,25103,1,1,21,4,2,1,3,2,3,3,2,0,2,False,True,False,True,True,False,False,False,False,False,False,False,False,False,False,False,True,False,False,-1.5246829204846812,-0.9391128441524358,-1.0644701017820986,-0.6544537372115486,Young,0.75,Low
44,0,921,2,3,3,0,96,4,3,4,7879,14810,1,1,19,3,2,1,9,2,3,8,7,6,7,False,True,True,False,True,False,False,False,False,False,False,False,False,False,False,False,False,True,False,0.7748559575377005,0.3486110763404203,-0.2930769296747854,0.16194730971731802,Middle-Aged,0.8,High
35,0,146,2,4,1,1,79,2,1,4,4930,13970,0,1,14,3,3,0,6,2,4,5,4,1,4,True,False,True,False,False,False,True,False,False,False,False,False,False,False,True,False,False,False,True,-0.2106607044718917,-0.3290295092294284,-0.678773515728442,-0.32789331844000197,Middle-Aged,0.7142857142857143,Medium
43,0,1179,2,3,4,1,73,3,2,4,7847,6069,1,1,17,3,1,1,10,3,3,10,9,8,8,False,True,False,True,False,False,True,False,False,False,False,False,False,False,False,True,False,True,False,0.6653541062033014,0.34125790620198865,-0.16451140099023315,0.48850772848886465,Middle-Aged,0.9090909090909091,High
24,0,581,9,3,3,1,62,4,1,3,4401,17616,1,0,16,3,4,1,5,1,3,5,3,0,4,False,True,True,False,False,False,True,False,False,False,False,False,False,False,True,False,False,True,False,-1.4151810691502822,-0.4505866030803779,-0.8073390444129942,-0.32789331844000197,Young,0.8333333333333334,Medium
41,0,918,6,3,4,1,35,3,3,3,9241,15869,1,0,12,3,2,0,10,3,3,10,8,8,7,False,True,False,True,False,True,False,False,False,False,False,False,False,False,False,True,False,False,True,0.4463504035345031,0.6615803803574207,-0.16451140099023315,0.48850772848886465,Middle-Aged,0.9090909090909091,High
29,0,1082,9,4,4,0,43,3,1,3,2974,25412,9,0,17,3,3,1,9,2,3,5,3,1,2,False,True,True,False,False,False,True,False,False,False,True,False,False,False,False,False,False,True,False,-0.8676718124782865,-0.7784920339410677,-0.2930769296747854,-0.32789331844000197,Young,0.5,Low
36,0,530,2,4,3,0,51,3,2,4,4502,7439,3,0,15,3,3,0,17,2,2,13,7,6,7,False,True,False,True,True,False,False,False,False,False,False,False,False,False,False,False,True,False,True,-0.10115885313749257,-0.4273781598309528,0.7354472998016324,0.9783483566461847,Middle-Aged,0.7222222222222222,Medium
45,0,1238,1,1,3,1,74,2,3,3,10748,3395,3,0,23,4,4,1,25,3,2,23,15,14,4,False,False,True,False,True,False,False,False,False,False,False,False,False,False,False,False,False,True,False,0.8843578088720997,1.0078687365641898,1.76397152927805,2.6111504505039176,Middle-Aged,0.8846153846153846,High
24,1,240,22,1,4,1,58,1,1,3,1555,11585,1,0,11,3,3,1,1,2,3,1,0,0,0,False,True,False,False,False,False,False,False,False,True,False,False,False,False,False,False,False,True,False,-1.4151810691502822,-1.1045591722671495,-1.3216011591512031,-0.9810141559830953,Young,0.5,Low
47,1,1093,9,3,3,1,82,1,4,3,12936,24164,7,0,11,3,3,0,25,3,1,23,5,14,10,True,False,False,True,True,False,False,False,False,False,False,False,False,False,False,True,False,True,False,1.103361511540898,1.5106417447794591,1.76397152927805,2.6111504505039176,Senior,0.8846153846153846,High
26,0,390,17,4,4,1,62,1,1,3,2305,6217,1,0,15,3,3,3,3,3,4,3,2,0,2,False,True,True,False,False,False,True,False,False,False,True,False,False,False,False,False,False,True,False,-1.1961773664814839,-0.932219247147656,-1.0644701017820986,-0.6544537372115486,Young,0.75,Low
45,0,1005,28,2,4,0,48,2,4,2,16581,17119,1,0,11,3,3,0,21,2,3,21,6,8,6,False,True,True,False,False,False,False,False,True,False,False,False,False,True,False,False,False,False,True,0.8843578088720997,2.3482137808601977,1.2497094145398413,2.284590031732371,Middle-Aged,0.9545454545454546,High
32,0,585,10,3,1,1,56,3,1,3,3433,17360,6,0,13,3,1,1,10,3,2,5,2,1,3,True,False,True,False,True,False,False,False,False,False,False,False,False,False,True,False,False,True,False,-0.5391662584750891,-0.6730199997679376,-0.16451140099023315,-0.32789331844000197,Middle-Aged,0.45454545454545453,Low
31,0,741,2,4,2,1,69,3,1,3,3477,18103,1,0,14,3,4,1,6,2,4,5,2,0,3,False,True,True,False,True,False,False,False,False,False,True,False,False,False,False,False,False,True,False,-0.6486681098094882,-0.662909390827594,-0.678773515728442,-0.32789331844000197,Middle-Aged,0.7142857142857143,Low
41,0,552,4,3,3,1,60,1,2,2,6430,20794,6,0,19,3,2,1,10,4,3,3,2,1,2,False,False,False,False,False,False,False,False,False,True,False,False,False,False,False,False,False,True,False,0.4463504035345031,0.015650341009558737,-0.16451140099023315,-0.6544537372115486,Middle-Aged,0.2727272727272727,Medium
40,0,369,8,2,2,0,92,3,2,1,6516,5041,2,1,16,3,2,1,18,3,3,1,0,0,0,False,True,True,False,True,False,False,False,False,False,False,False,True,False,False,False,False,True,False,0.33684855220010396,0.035411985756594,0.8640128284861845,-0.9810141559830953,Middle-Aged,0.05263157894736842,Medium
24,0,506,29,1,2,1,91,3,1,1,3907,3622,1,0,13,3,2,3,6,2,4,6,2,1,2,False,True,True,False,False,False,True,False,False,False,True,False,False,False,False,False,False,False,False,-1.4151810691502822,-0.5641011670924176,-0.678773515728442,-0.16461310905422863,Young,0.8571428571428571,Medium
46,0,717,13,4,3,1,34,3,2,2,5562,9697,6,0,14,3,4,0,19,3,3,10,7,0,9,False,True,True,False,True,False,False,False,False,False,False,False,False,False,False,False,False,False,True,0.9938596602064987,-0.18380439899540185,0.9925783571707368,0.48850772848886465,Senior,0.5,Medium
35,0,1370,27,4,4,1,49,3,2,3,6883,5151,2,0,16,3,2,1,17,3,3,7,7,0,7,False,True,True,False,True,False,False,False,False,False,False,False,True,False,False,False,False,True,False,-0.2106607044718917,0.11974365578173286,0.7354472998016324,-0.0013328996684553085,Middle-Aged,0.3888888888888889,High
30,0,793,16,1,2,1,33,3,1,4,2862,3811,1,0,12,3,2,1,10,2,2,10,0,0,8,False,True,True,False,True,False,False,False,False,False,False,False,False,False,True,False,False,True,False,-0.7581699611438873,-0.8042281294255788,-0.16451140099023315,0.48850772848886465,Young,0.9090909090909091,Low
47,0,543,2,4,3,1,87,3,2,2,4978,3536,7,0,11,3,4,1,4,3,1,1,0,0,0,False,False,False,True,False,True,False,False,False,False,False,False,False,False,False,True,False,True,False,1.103361511540898,-0.3179997540217808,-0.9359045730975464,-0.9810141559830953,Senior,0.2,Medium
46,0,1277,2,3,3,1,74,3,3,4,10368,5596,4,1,12,3,2,1,13,5,2,10,6,0,3,False,True,False,True,True,False,False,False,False,False,False,False,False,False,False,True,False,False,False,0.9938596602064987,0.920549841170313,0.2211851850634235,0.48850772848886465,Senior,0.7142857142857143,High
36,1,1456,13,5,2,1,96,2,2,1,6134,8658,5,1,13,3,2,3,16,3,3,2,2,2,2,False,True,False,True,False,True,False,False,False,False,False,False,False,False,False,True,False,False,False,-0.10115885313749257,-0.05236648277093473,0.6068817711170802,-0.8177339465973219,Middle-Aged,0.11764705882352941,Medium
32,1,964,1,2,1,1,34,1,2,2,6735,12147,6,0,15,3,2,0,10,2,3,0,0,0,0,False,True,False,True,True,False,False,False,False,False,False,False,False,False,False,True,False,False,True,-0.5391662584750891,0.08573524389148612,-0.16451140099023315,-1.1442943653688686,Middle-Aged,0.0,High
23,0,160,4,1,3,0,51,3,1,2,3295,12862,1,0,13,3,3,0,3,3,1,3,2,1,2,False,True,True,False,False,False,True,False,False,False,True,False,False,False,False,False,False,False,True,-1.5246829204846812,-0.7047305459899245,-1.0644701017820986,-0.6544537372115486,Young,0.75,Low
31,0,163,24,1,4,0,30,3,2,4,5238,6670,2,0,20,4,4,0,9,3,2,5,4,1,4,True,False,True,False,False,False,False,False,True,False,False,False,True,False,False,False,False,False,True,-0.6486681098094882,-0.2582552466470231,-0.2930769296747854,-0.32789331844000197,Middle-Aged,0.5,Medium
39,0,792,1,3,4,1,77,3,2,4,6472,8989,1,1,15,3,4,1,9,2,3,9,8,5,8,False,False,True,False,True,False,False,False,False,False,True,False,False,False,False,False,False,True,False,0.22734670086570485,0.02530137681625038,-0.2930769296747854,0.32522751910309133,Middle-Aged,0.9,Medium
32,0,371,19,3,4,1,80,1,3,3,9610,3840,3,0,13,3,3,1,10,2,1,4,3,0,2,False,True,False,True,True,False,False,False,False,False,False,False,False,False,False,True,False,True,False,-0.5391662584750891,0.7463716235162116,-0.16451140099023315,-0.4911735278257753,Middle-Aged,0.36363636363636365,High
40,0,611,7,4,2,1,88,3,5,2,16581,4349,1,0,14,3,2,0,21,3,2,21,8,12,8,False,True,False,True,False,False,True,False,False,False,False,True,False,False,False,False,False,False,True,0.33684855220010396,2.3482137808601977,1.2497094145398413,2.284590031732371,Middle-Aged,0.9545454545454546,High
45,0,176,4,3,3,0,56,1,3,3,9756,6595,4,0,21,4,3,2,9,2,4,5,0,0,3,False,True,False,False,True,False,False,False,False,True,False,False,False,False,False,False,False,True,False,0.8843578088720997,0.7799204622728063,-0.2930769296747854,-0.32789331844000197,Middle-Aged,0.5,High
30,0,1312,2,4,4,0,78,2,1,1,4968,26427,0,0,16,3,4,0,10,2,3,9,7,0,7,True,False,True,False,False,False,False,False,True,False,False,False,False,False,True,False,False,False,True,-0.7581699611438873,-0.3202976196900408,-0.16451140099023315,0.32522751910309133,Young,0.8181818181818182,Medium
24,0,897,10,3,1,1,59,3,1,4,2145,2097,0,0,14,3,4,1,3,2,3,2,2,2,1,True,False,False,False,False,False,True,False,False,True,False,False,False,False,False,False,False,True,False,-1.4151810691502822,-0.9689850978398146,-1.0644701017820986,-0.8177339465973219,Young,0.5,Low
30,1,600,8,3,3,0,66,2,1,4,2180,9732,6,0,11,3,3,1,6,0,2,4,2,1,2,True,False,False,False,False,False,False,False,False,True,False,False,False,False,False,False,False,False,False,-0.7581699611438873,-0.9609425680009049,-0.678773515728442,-0.4911735278257753,Young,0.5714285714285714,Low
31,0,1003,5,3,1,1,51,3,2,3,8346,20943,1,0,19,3,3,1,6,3,3,5,2,0,2,False,True,False,True,False,False,False,False,True,False,False,False,False,False,False,True,False,True,False,-0.6486681098094882,0.45592140304815837,-0.678773515728442,-0.32789331844000197,Middle-Aged,0.7142857142857143,High
27,0,1054,8,3,3,0,67,3,1,4,3445,6152,1,0,11,3,3,0,6,5,2,6,2,1,4,False,True,True,False,False,False,True,False,False,False,False,False,False,False,True,False,False,False,True,-1.0866755151470848,-0.6702625609660258,-0.678773515728442,-0.16461310905422863,Young,0.8571428571428571,Low
29,1,428,9,3,2,0,52,1,1,2,2760,14630,1,0,13,3,3,0,2,3,3,2,2,2,2,False,True,False,True,False,True,False,False,False,False,False,False,False,False,False,False,True,False,True,-0.8676718124782865,-0.8276663592418299,-1.193035630466651,-0.8177339465973219,Young,0.6666666666666666,Low
29,0,461,1,3,4,1,70,4,2,3,6294,23060,8,1,12,3,4,0,10,5,4,3,2,0,2,True,False,True,False,True,False,False,False,False,False,False,False,False,False,False,False,False,False,True,-0.8676718124782865,-0.015600632078776098,-0.16451140099023315,-0.6544537372115486,Young,0.2727272727272727,Medium
30,0,979,15,2,3,1,94,2,3,1,7140,3088,2,0,11,3,1,1,12,2,3,7,7,1,7,False,True,False,True,False,True,False,False,False,False,False,False,False,False,False,True,False,False,False,-0.7581699611438873,0.17879880345601268,0.09261965637887129,-0.0013328996684553085,Young,0.5384615384615384,High
34,0,181,2,4,4,1,97,4,1,4,2932,5586,0,1,14,3,1,3,6,3,3,5,0,1,2,False,True,True,False,False,False,True,False,False,False,False,False,False,False,True,False,False,True,False,-0.3201625558062908,-0.7881430697477594,-0.678773515728442,-0.32789331844000197,Middle-Aged,0.7142857142857143,Low
33,0,1283,2,3,4,0,62,3,2,2,5147,10697,8,0,15,3,4,0,13,2,2,11,7,1,7,False,False,False,True,False,True,False,False,False,False,False,False,False,False,False,True,False,False,True,-0.42966440714069,-0.2791658242281883,0.2211851850634235,0.651787937874638,Middle-Aged,0.7857142857142857,Medium
49,0,1313,11,4,4,0,80,3,2,4,4507,8191,3,0,12,3,3,0,8,1,4,5,1,0,4,False,True,False,True,False,True,False,False,False,False,False,False,False,False,False,True,False,False,True,1.3223652142096962,-0.4262292269968228,-0.42164245835933756,-0.32789331844000197,Senior,0.5555555555555556,Medium
33,1,211,16,3,1,0,74,3,3,1,8564,10092,2,1,20,4,3,0,11,2,2,0,0,0,0,False,True,False,True,True,False,False,False,False,False,False,False,False,False,False,True,False,False,True,-0.42966440714069,0.5060148746162245,-0.03594587230568093,-1.1442943653688686,Middle-Aged,0.0,High
38,0,594,2,2,3,0,75,2,1,2,2468,15963,4,0,14,3,2,1,9,4,2,6,1,0,5,True,False,True,False,False,False,True,False,False,False,True,False,False,False,False,False,False,True,False,0.11784484953130571,-0.8947640367550194,-0.2930769296747854,-0.16461310905422863,Middle-Aged,0.6,Low
31,1,1079,16,4,1,1,70,3,3,3,8161,19002,2,0,13,3,1,3,10,2,3,1,0,0,0,False,True,False,True,False,True,False,False,False,False,False,False,False,False,False,True,False,True,False,-0.6486681098094882,0.41341088818534993,-0.16451140099023315,-0.9810141559830953,Middle-Aged,0.09090909090909091,High
29,0,590,4,3,4,0,91,2,1,1,2109,10007,1,0,13,3,3,1,1,2,3,1,0,0,0,False,True,True,False,False,False,False,False,True,False,False,False,False,False,True,False,False,False,False,-0.8676718124782865,-0.9772574142455503,-1.3216011591512031,-0.9810141559830953,Young,0.5,Low
30,0,305,16,3,3,1,58,4,2,3,5294,9128,3,0,16,3,3,1,10,3,3,7,0,1,7,False,True,True,False,True,False,False,False,False,False,False,False,False,False,False,False,False,True,False,-0.7581699611438873,-0.24538719890476754,-0.16451140099023315,-0.0013328996684553085,Young,0.6363636363636364,Medium
32,0,953,5,4,2,1,65,3,1,2,2718,17674,2,0,14,3,2,0,12,3,3,7,7,0,7,False,False,True,False,False,False,False,False,True,False,False,False,False,False,True,False,False,False,True,-0.5391662584750891,-0.8373173950485215,0.09261965637887129,-0.0013328996684553085,Middle-Aged,0.5384615384615384,Low
38,0,833,18,3,2,1,60,1,2,4,5811,24539,3,1,16,3,3,1,15,2,3,1,0,1,0,False,True,True,False,False,False,True,False,False,False,False,False,False,False,False,False,False,True,False,0.11784484953130571,-0.12658754385572996,0.4783162424325279,-0.9810141559830953,Middle-Aged,0.0625,Medium
43,1,807,17,3,3,1,38,2,1,3,2437,15587,9,1,16,3,4,1,6,4,3,1,0,0,0,True,False,True,False,False,False,False,False,True,False,False,False,False,False,True,False,False,True,False,0.6653541062033014,-0.9018874203266252,-0.678773515728442,-0.9810141559830953,Middle-Aged,0.14285714285714285,Low
42,0,855,12,3,2,1,57,3,1,2,2766,8952,8,0,22,4,2,3,7,6,2,5,3,0,4,False,True,True,False,False,False,True,False,False,False,True,False,False,False,False,False,False,False,False,0.5558522548689022,-0.8262876398408739,-0.5502079870438897,-0.32789331844000197,Middle-Aged,0.625,Low
55,0,478,2,3,3,1,60,2,5,1,16581,19805,8,0,12,3,2,3,34,2,3,1,0,0,0,False,True,True,False,False,False,True,False,False,False,False,False,False,True,False,False,False,True,False,1.979376322216091,2.3482137808601977,2.9210612874390196,-0.9810141559830953,Senior,0.02857142857142857,High
33,0,775,4,3,4,1,90,3,2,2,3055,6194,5,0,15,3,4,2,11,2,2,9,8,1,7,False,False,True,False,False,False,False,False,True,False,False,False,False,False,True,False,False,False,False,-0.42966440714069,-0.7598793220281624,-0.03594587230568093,0.32522751910309133,Middle-Aged,0.75,Low
41,0,548,9,4,3,1,94,3,1,1,2289,20520,1,0,20,4,2,2,5,2,3,5,3,0,4,False,True,True,False,True,False,False,False,False,False,True,False,False,False,False,False,False,False,False,0.4463504035345031,-0.9358958322168719,-0.8073390444129942,-0.32789331844000197,Middle-Aged,0.8333333333333334,Low
34,0,1375,10,3,4,1,87,3,2,3,4001,12313,1,1,14,3,3,1,15,3,3,15,14,0,7,False,False,False,True,True,False,False,False,False,False,False,False,False,False,False,True,False,False,False,-0.3201625558062908,-0.5425012298107745,0.4783162424325279,1.3049087754177313,Middle-Aged,0.9375,Medium
53,0,661,1,4,1,0,60,2,4,3,12965,22308,4,1,20,4,4,3,27,2,2,3,2,0,2,False,False,True,False,False,False,True,False,False,False,False,False,True,False,False,False,False,True,False,1.7603726195472926,1.5173055552174128,2.0211025866471544,-0.6544537372115486,Senior,0.10714285714285714,High
43,0,244,2,3,2,1,97,3,1,4,3539,5033,0,0,13,3,2,0,10,5,3,9,7,1,8,False,True,False,False,True,False,False,False,False,True,False,False,False,False,False,False,False,False,True,0.6653541062033014,-0.6486626236843825,-0.16451140099023315,0.32522751910309133,Middle-Aged,0.8181818181818182,Low
34,0,511,3,2,4,0,32,1,2,4,6029,25353,5,0,12,3,1,0,6,3,3,2,2,2,2,False,True,False,True,True,False,False,False,False,False,False,False,False,False,False,True,False,False,True,-0.3201625558062908,-0.07649407228766383,-0.678773515728442,-0.8177339465973219,Middle-Aged,0.2857142857142857,Medium
21,1,337,7,1,2,1,31,3,1,2,2679,4567,1,0,13,3,2,0,1,3,3,1,0,1,0,False,True,False,True,False,True,False,False,False,False,False,False,False,False,False,False,True,False,True,-1.7436866231534796,-0.8462790711547352,-1.3216011591512031,-0.9810141559830953,Young,0.5,Low
38,0,1153,6,2,4,0,40,2,1,3,3702,16376,1,0,11,3,2,1,5,3,3,5,4,0,4,False,True,True,False,False,False,False,True,False,False,True,False,False,False,False,False,False,True,False,0.11784484953130571,-0.6112074132917459,-0.8073390444129942,-0.32789331844000197,Middle-Aged,0.8333333333333334,Medium
22,1,1294,8,1,3,0,79,3,1,1,2398,15999,1,1,17,3,3,0,1,6,3,1,0,0,0,False,True,True,False,False,False,True,False,False,False,True,False,False,False,False,False,False,True,False,-1.6341847718190805,-0.9108490964328387,-1.3216011591512031,-0.9810141559830953,Young,0.5,Low
31,0,196,29,4,1,0,91,2,2,4,5468,13402,1,0,14,3,1,2,13,3,3,12,7,5,7,False,True,False,True,False,True,False,False,False,False,False,False,False,False,False,True,False,True,False,-0.6486681098094882,-0.20540433627704505,0.2211851850634235,0.8150681472604113,Middle-Aged,0.8571428571428571,Medium
51,0,942,3,3,1,0,53,3,3,3,13116,22984,2,0,11,3,4,0,15,2,3,2,2,2,2,False,True,True,False,False,False,False,False,True,False,False,True,False,False,False,False,False,True,False,1.5413689168784945,1.5520033268081375,0.4783162424325279,-0.8177339465973219,Senior,0.125,High
37,0,589,9,2,2,1,46,2,2,2,4189,8800,1,0,14,3,1,2,5,2,3,5,2,0,3,False,True,False,True,False,True,False,False,False,False,False,False,False,False,False,True,False,True,False,0.008342998196906572,-0.4993013552474881,-0.8073390444129942,-0.32789331844000197,Middle-Aged,0.8333333333333334,Medium
46,0,734,2,4,3,1,46,3,5,4,16581,14218,7,1,17,3,3,1,24,3,3,2,1,2,2,False,True,True,False,False,False,True,False,False,False,False,False,False,True,False,False,False,False,False,0.9938596602064987,2.3482137808601977,1.6354060005934978,-0.8177339465973219,Senior,0.08,High
36,0,1383,10,3,4,1,90,3,3,1,8321,25949,7,1,13,3,4,1,15,1,3,12,8,5,7,False,True,True,False,True,False,False,False,False,False,False,False,False,False,False,False,False,True,False,-0.10115885313749257,0.4501767388775086,0.4783162424325279,0.8150681472604113,Middle-Aged,0.75,High
44,1,429,1,2,3,1,99,3,1,2,2342,11092,1,1,12,3,3,3,6,2,2,5,3,2,3,True,False,True,False,False,False,True,False,False,False,False,False,False,False,True,False,False,False,False,0.7748559575377005,-0.9237171441750943,-0.678773515728442,-0.32789331844000197,Middle-Aged,0.7142857142857143,Low
37,0,1239,8,2,3,1,89,3,2,2,4071,12832,2,0,13,3,3,0,19,4,2,10,0,4,7,False,True,False,False,False,False,False,True,False,True,False,False,False,False,False,False,False,False,False,0.008342998196906572,-0.526416170132955,0.9925783571707368,0.48850772848886465,Middle-Aged,0.5,Medium
35,1,303,27,3,3,1,84,3,2,4,5813,13492,1,1,18,3,4,0,10,2,3,10,7,7,7,False,True,False,True,True,False,False,False,False,False,False,False,False,False,False,True,False,False,True,-0.2106607044718917,-0.126127970722078,-0.16451140099023315,0.48850772848886465,Middle-Aged,0.9090909090909091,Medium
33,0,867,8,4,4,1,90,4,1,1,3143,6076,6,0,19,3,2,1,14,1,3,10,8,7,6,False,True,True,False,True,False,False,False,False,False,False,False,False,False,True,False,False,True,False,-0.42966440714069,-0.7396581041474751,0.34975071374797573,0.48850772848886465,Middle-Aged,0.6666666666666666,Low
28,0,1181,1,3,3,1,82,3,1,4,2044,5531,1,0,11,3,3,1,5,6,4,5,3,0,3,False,True,True,False,True,False,False,False,False,False,False,False,False,False,True,False,False,True,False,-0.9771736638126857,-0.9921935410892397,-0.8073390444129942,-0.32789331844000197,Young,0.8333333333333334,Low
39,0,1253,10,1,3,1,65,3,3,3,13464,7914,7,0,21,4,3,0,9,3,3,4,3,2,2,False,True,True,False,False,False,True,False,False,False,False,False,False,True,False,False,False,False,True,0.22734670086570485,1.6319690520635826,-0.2930769296747854,-0.4911735278257753,Middle-Aged,0.4,High
46,0,849,26,2,2,1,98,2,2,2,7991,25166,8,0,15,3,3,0,6,3,3,2,2,2,2,False,False,False,True,True,False,False,False,False,False,False,False,False,False,False,True,False,False,True,0.9938596602064987,0.3743471718249314,-0.678773515728442,-0.8177339465973219,Senior,0.2857142857142857,High
40,0,616,2,2,3,0,99,3,1,1,3377,25605,4,0,17,3,4,1,7,5,2,4,3,0,2,False,True,True,False,True,False,False,False,False,False,True,False,False,False,False,False,False,True,False,0.33684855220010396,-0.6858880475101932,-0.5502079870438897,-0.4911735278257753,Middle-Aged,0.5,Low
42,0,1128,13,3,2,1,95,4,2,1,5538,5696,5,0,18,3,3,2,10,2,2,0,0,0,0,False,True,True,False,False,False,True,False,False,False,False,False,False,False,False,False,False,True,False,0.5558522548689022,-0.18931927659922562,-0.16451140099023315,-1.1442943653688686,Middle-Aged,0.0,Medium
35,0,1180,2,2,2,1,90,3,2,4,5762,24442,2,0,14,3,3,1,15,6,3,7,7,1,7,False,False,True,False,False,False,True,False,False,False,False,False,True,False,False,False,False,False,False,-0.2106607044718917,-0.13784708563020354,0.4783162424325279,-0.0013328996684553085,Middle-Aged,0.4375,Medium
38,0,1336,2,3,1,1,100,3,1,2,2592,7129,5,0,13,3,4,3,13,3,3,11,10,3,8,False,False,False,False,False,False,False,False,False,True,False,False,False,False,False,False,False,False,False,0.11784484953130571,-0.8662705024685965,0.2211851850634235,0.651787937874638,Middle-Aged,0.7857142857142857,Low
34,1,234,9,4,4,1,93,3,2,1,5346,6208,4,0,17,3,3,1,11,3,2,7,1,0,7,True,False,True,False,True,False,False,False,False,False,True,False,False,False,False,False,False,True,False,-0.3201625558062908,-0.233438297429816,-0.03594587230568093,-0.0013328996684553085,Middle-Aged,0.5833333333333334,Medium
37,1,370,10,4,4,1,58,3,2,1,4213,4992,1,0,15,3,2,0,10,4,1,10,3,0,8,False,True,True,False,False,False,True,False,False,False,False,False,True,False,False,False,False,False,True,0.008342998196906572,-0.4937864776436643,-0.16451140099023315,0.48850772848886465,Middle-Aged,0.9090909090909091,Medium
39,0,766,20,3,3,1,83,3,2,4,4127,19188,2,0,18,3,4,1,7,6,3,2,1,2,2,True,False,False,True,True,False,False,False,False,False,False,False,False,False,False,True,False,False,False,0.22734670086570485,-0.5135481223906996,-0.5502079870438897,-0.8177339465973219,Middle-Aged,0.25,Medium
43,0,343,9,3,1,1,52,3,1,3,2438,24978,4,0,13,3,3,0,7,2,2,3,2,1,2,False,False,True,False,True,False,False,False,False,False,False,False,False,False,True,False,False,False,True,0.6653541062033014,-0.9016576337597991,-0.5502079870438897,-0.6544537372115486,Middle-Aged,0.375,Low
41,0,447,5,3,2,1,85,4,2,2,6870,15530,3,0,12,3,1,0,11,3,1,3,2,1,2,False,True,True,False,True,False,False,False,False,False,False,False,False,False,False,False,False,False,True,0.4463504035345031,0.11675643041299498,-0.03594587230568093,-0.6544537372115486,Middle-Aged,0.25,High
41,0,796,4,1,3,0,81,3,3,3,10447,26458,0,1,13,3,4,1,23,3,4,22,14,13,5,False,True,False,True,False,True,False,False,False,False,False,False,False,False,False,True,False,False,False,0.4463504035345031,0.9387029799495664,1.5068404719089457,2.4478702411181446,Middle-Aged,0.9166666666666666,High
30,0,1092,10,3,1,0,64,3,3,3,9667,2739,9,0,14,3,2,0,9,3,3,7,7,0,2,False,True,True,False,False,False,True,False,False,False,False,False,True,False,False,False,False,False,True,-0.7581699611438873,0.7594694578252931,-0.2930769296747854,-0.0013328996684553085,Young,0.7,High
26,1,920,20,2,4,0,69,3,1,2,2148,6889,0,1,11,3,3,0,6,3,3,5,1,1,4,False,True,False,False,False,False,True,False,False,True,False,False,False,False,False,False,False,True,False,-1.1961773664814839,-0.9682957381393367,-0.678773515728442,-0.32789331844000197,Young,0.7142857142857143,Low
46,1,261,21,2,4,0,66,3,2,2,8926,10842,4,0,22,4,4,1,13,2,4,9,7,3,7,False,True,True,False,False,False,True,False,False,False,False,False,False,False,False,False,False,True,False,0.9938596602064987,0.5891976118072334,0.2211851850634235,0.32522751910309133,Senior,0.6428571428571429,High
40,0,1194,1,3,3,0,52,3,2,4,6513,9060,4,0,17,3,4,1,12,3,3,5,3,0,3,False,True,True,False,True,False,False,False,False,False,False,False,False,False,False,False,False,False,False,0.33684855220010396,0.03472262605611603,0.09261965637887129,-0.32789331844000197,Middle-Aged,0.38461538461538464,Medium
34,0,810,8,2,2,1,92,4,2,3,6799,22128,1,0,21,4,3,2,10,5,3,10,8,4,8,False,True,False,True,False,False,False,False,True,False,False,False,False,False,False,True,False,True,False,-0.3201625558062908,0.10044158416834958,-0.16451140099023315,0.48850772848886465,Middle-Aged,0.9090909090909091,High
58,0,350,2,3,2,1,52,3,4,2,16291,22577,4,0,22,4,4,1,37,0,2,16,9,14,14,False,False,False,True,False,False,True,False,False,False,False,True,False,False,False,False,False,False,False,2.3078818762192883,2.2815756764806605,3.3067578734926766,1.4681889848035046,Senior,0.42105263157894735,High
35,0,185,23,4,2,1,91,1,1,3,2705,9696,0,0,16,3,2,1,6,2,4,5,4,0,3,False,True,True,False,False,False,True,False,False,False,True,False,False,False,False,False,False,True,False,-0.2106607044718917,-0.8403046204172594,-0.678773515728442,-0.32789331844000197,Middle-Aged,0.7142857142857143,Low
47,0,1001,4,3,3,0,92,2,3,2,10333,19271,8,1,12,3,3,1,28,4,3,22,11,14,10,False,True,True,False,True,False,False,False,False,False,False,False,True,False,False,False,False,False,False,1.103361511540898,0.9125073113314034,2.1496681153317065,2.4478702411181446,Senior,0.7586206896551724,High
40,0,750,12,3,2,0,47,3,2,1,4448,10748,2,0,12,3,2,1,15,3,3,7,4,7,7,False,True,True,False,True,False,False,False,False,False,False,False,False,False,False,False,False,False,False,0.33684855220010396,-0.4397866344395563,0.4783162424325279,-0.0013328996684553085,Middle-Aged,0.4375,Medium
54,0,431,7,4,4,0,68,3,2,4,6854,15696,4,0,15,3,2,1,14,2,2,7,1,1,7,False,True,True,False,False,False,True,False,False,False,False,False,False,False,True,False,False,True,False,1.869874470881692,0.11307984534377911,0.34975071374797573,-0.0013328996684553085,Senior,0.4666666666666667,High
31,0,1125,7,4,1,0,68,3,3,1,9637,8277,2,0,14,3,4,2,9,3,3,3,2,2,2,True,False,False,True,False,True,False,False,False,False,False,False,False,False,False,True,False,True,False,-0.6486681098094882,0.7525758608205133,-0.2930769296747854,-0.6544537372115486,Middle-Aged,0.3,High
28,0,1217,1,3,3,0,67,3,1,1,3591,12719,1,0,25,4,3,1,3,3,3,3,2,1,2,False,True,True,False,False,False,True,False,False,False,False,False,False,False,True,False,False,True,False,-0.9771736638126857,-0.636713722209431,-1.0644701017820986,-0.6544537372115486,Young,0.75,Low
38,0,723,2,4,2,0,77,1,2,4,5405,4244,2,1,20,4,1,2,20,4,2,4,2,0,3,False,True,False,True,False,True,False,False,False,False,False,False,False,False,False,False,True,True,False,0.11784484953130571,-0.2198808899870825,1.121143885855289,-0.4911735278257753,Middle-Aged,0.19047619047619047,Medium
26,0,572,10,3,3,1,46,3,2,4,4684,9125,1,0,13,3,1,0,5,4,3,5,3,1,2,False,True,False,True,False,False,True,False,False,False,False,False,False,False,False,True,False,False,True,-1.1961773664814839,-0.3855570046686223,-0.8073390444129942,-0.32789331844000197,Young,0.8333333333333334,Medium
58,0,1216,15,4,1,1,87,3,4,3,15787,21624,2,1,14,3,2,0,23,3,3,2,2,2,2,True,False,True,False,True,False,False,False,False,False,False,False,False,True,False,False,False,True,False,2.3078818762192883,2.1657632468003607,1.5068404719089457,-0.8177339465973219,Senior,0.08333333333333333,High
18,0,1431,14,3,2,0,33,3,1,3,1514,8018,1,0,16,3,3,0,0,4,1,0,0,0,0,False,False,True,False,False,False,True,False,False,False,False,False,False,False,True,False,False,False,True,-2.072192177156677,-1.1139804215070153,-1.4501666878357553,-1.1442943653688686,Young,0.0,Low
31,1,359,18,5,4,1,89,4,1,1,2956,21495,0,0,17,3,3,0,2,4,3,1,0,0,0,False,True,False,False,False,False,False,False,False,True,False,False,False,False,False,False,False,True,False,-0.6486681098094882,-0.7826281921439355,-1.193035630466651,-0.9810141559830953,Middle-Aged,0.3333333333333333,Low
29,1,350,13,3,1,1,56,2,1,1,2335,3157,4,1,15,3,4,3,4,3,3,2,2,2,0,False,True,False,False,False,False,False,False,False,True,False,False,False,False,False,False,False,False,False,-0.8676718124782865,-0.9253256501428763,-0.9359045730975464,-0.8177339465973219,Young,0.4,Low
45,0,589,2,4,3,0,67,3,2,3,5154,19665,4,0,22,4,2,2,10,3,4,8,7,5,7,False,False,False,True,True,False,False,False,False,False,False,False,False,False,False,True,False,True,False,0.8843578088720997,-0.27755731826040636,-0.16451140099023315,0.16194730971731802,Middle-Aged,0.7272727272727273,Medium
36,0,430,2,4,4,0,73,3,2,2,6962,19573,4,1,22,4,4,1,15,2,3,1,0,0,0,False,True,True,False,False,False,False,True,False,False,False,False,False,False,True,False,False,True,False,-0.10115885313749257,0.1378967945609862,0.4783162424325279,-0.9810141559830953,Middle-Aged,0.0625,High
43,0,1422,2,4,1,1,92,3,2,4,5675,19246,1,0,20,4,3,1,7,5,3,7,7,7,7,True,False,False,True,True,False,False,False,False,False,False,False,False,False,False,True,False,True,False,0.6653541062033014,-0.1578385169440648,-0.5502079870438897,-0.0013328996684553085,Middle-Aged,0.875,Medium
27,0,1297,5,2,4,0,53,3,1,4,2379,19826,0,1,14,3,3,0,6,3,2,5,4,0,2,True,False,True,False,True,False,False,False,False,False,True,False,False,False,False,False,False,False,True,-1.0866755151470848,-0.9152150412025326,-0.678773515728442,-0.32789331844000197,Young,0.7142857142857143,Low
29,0,574,20,1,4,1,40,3,1,4,3812,7003,1,0,13,3,2,0,11,3,4,11,8,3,10,True,False,True,False,False,False,True,False,False,False,True,False,False,False,False,False,False,True,False,-0.8676718124782865,-0.5859308909408869,-0.03594587230568093,0.651787937874638,Young,0.9166666666666666,Medium
32,0,1318,10,4,4,1,79,3,2,4,4648,26075,8,0,13,3,3,0,4,2,4,0,0,0,0,True,False,False,True,False,True,False,False,False,False,False,False,False,False,False,True,False,False,True,-0.5391662584750891,-0.39382932107435803,-0.9359045730975464,-1.1442943653688686,Middle-Aged,0.0,Medium
42,0,355,10,4,3,1,38,3,1,3,2936,6161,3,0,22,4,2,2,10,1,2,6,3,3,3,False,False,True,False,False,False,False,False,True,False,False,False,False,False,True,False,False,True,False,0.5558522548689022,-0.7872239234804553,-0.16451140099023315,-0.16461310905422863,Middle-Aged,0.5454545454545454,Low
47,0,207,9,4,2,0,64,3,1,3,2105,5411,4,0,12,3,3,0,7,2,3,2,2,2,0,False,True,True,False,True,False,False,False,False,False,True,False,False,False,False,False,False,False,True,1.103361511540898,-0.9781765605128543,-0.5502079870438897,-0.8177339465973219,Senior,0.25,Low
46,0,706,2,2,4,1,82,3,3,4,8578,19989,3,0,14,3,3,1,12,4,2,9,8,4,7,False,True,True,False,True,False,False,False,False,False,False,False,True,False,False,False,False,False,False,0.9938596602064987,0.5092318865517884,0.09261965637887129,0.32522751910309133,Senior,0.6923076923076923,High
28,0,280,1,2,3,1,43,3,1,4,2706,10494,1,0,15,3,2,1,3,2,3,3,2,2,2,False,False,False,False,True,False,False,False,False,True,False,False,False,False,False,False,False,False,False,-0.9771736638126857,-0.8400748338504335,-1.0644701017820986,-0.6544537372115486,Young,0.75,Low
29,0,726,29,1,4,1,93,1,2,3,6384,21143,8,0,17,3,4,2,11,3,3,7,0,1,6,False,True,True,False,True,False,False,False,False,False,False,False,False,False,False,False,False,False,False,-0.8676718124782865,0.005080158935563132,-0.03594587230568093,-0.0013328996684553085,Young,0.5833333333333334,Medium
42,0,1142,8,3,4,1,81,3,1,3,3968,13624,4,0,13,3,4,0,8,3,3,0,0,0,0,False,True,True,False,True,False,False,False,False,False,True,False,False,False,False,False,False,False,True,0.5558522548689022,-0.5500841865160322,-0.42164245835933756,-1.1442943653688686,Middle-Aged,0.0,Medium
32,1,414,2,4,3,1,82,2,2,2,9907,26186,7,1,12,3,3,0,7,3,2,2,2,2,2,False,True,False,True,False,True,False,False,False,False,False,False,False,False,False,True,False,False,True,-0.5391662584750891,0.814618233863531,-0.5502079870438897,-0.8177339465973219,Middle-Aged,0.25,High
46,0,1319,3,3,1,0,45,4,4,1,13225,7739,2,0,12,3,4,1,25,5,3,19,17,2,8,False,True,False,True,False,False,False,False,True,False,False,False,False,False,False,True,False,False,False,0.9938596602064987,1.5770500625921706,1.76397152927805,1.9580296129608246,Senior,0.7307692307692307,High
27,0,728,23,1,2,0,36,2,2,3,3540,7018,1,0,21,4,4,1,9,5,3,9,8,5,8,False,True,False,True,False,False,True,False,False,False,False,False,False,False,False,False,True,True,False,-1.0866755151470848,-0.6484328371175565,-0.2930769296747854,0.32522751910309133,Young,0.9,Low
29,0,352,6,1,4,1,87,2,1,2,2804,15434,1,0,11,3,4,0,1,3,3,1,0,0,0,False,True,False,False,False,False,True,False,False,True,False,False,False,False,False,False,False,True,False,-0.8676718124782865,-0.8175557503014863,-1.3216011591512031,-0.9810141559830953,Young,0.5,Low
43,0,823,6,3,1,0,81,2,5,3,16581,22539,7,0,13,3,4,0,21,2,3,16,12,6,14,False,True,True,False,False,False,True,False,False,False,False,True,False,False,False,False,False,True,False,0.6653541062033014,2.3482137808601977,1.2497094145398413,1.4681889848035046,Middle-Aged,0.7272727272727273,High
48,0,1224,10,3,4,1,91,2,5,2,16581,13583,4,0,12,3,4,0,29,3,3,22,10,12,9,False,True,True,False,True,False,False,False,False,False,False,False,False,True,False,False,False,True,False,1.2128633628752972,2.3482137808601977,2.2782336440162587,2.4478702411181446,Senior,0.7333333333333333,High
29,1,459,24,2,4,1,73,2,1,4,2439,14753,1,1,24,4,2,0,1,3,2,1,0,1,0,True,False,True,False,True,False,False,False,False,False,False,False,False,False,True,False,False,False,True,-0.8676718124782865,-0.9014278471929731,-1.3216011591512031,-0.9810141559830953,Young,0.5,Low
46,1,1254,10,3,3,0,64,3,3,2,7314,14011,5,0,21,4,3,3,14,2,3,8,7,0,7,False,True,False,True,True,False,False,False,False,False,False,False,False,False,False,True,False,True,False,0.9938596602064987,0.21878166608373517,0.34975071374797573,0.16194730971731802,Senior,0.5333333333333333,High
27,0,1131,15,3,4,0,77,2,1,1,4774,23844,0,0,19,3,4,1,8,2,2,7,6,7,3,True,False,True,False,True,False,False,False,False,False,False,False,False,False,True,False,False,True,False,-1.0866755151470848,-0.3648762136542831,-0.42164245835933756,-0.0013328996684553085,Young,0.7777777777777778,Medium
39,0,835,19,4,4,1,41,3,2,4,3902,5141,8,0,14,3,2,3,7,2,3,2,2,2,2,False,True,True,False,False,False,False,True,False,False,False,False,False,False,True,False,False,False,False,0.22734670086570485,-0.5652500999265476,-0.5502079870438897,-0.8177339465973219,Middle-Aged,0.25,Medium
55,0,836,2,4,2,1,98,2,1,4,2662,7975,8,0,20,4,2,1,19,2,4,5,2,0,4,False,True,True,False,False,False,False,False,True,False,False,False,False,False,True,False,False,True,False,1.979376322216091,-0.850185442790777,0.9925783571707368,-0.32789331844000197,Senior,0.25,Low
28,0,1172,3,3,2,0,78,3,1,2,2856,3692,1,0,19,3,4,1,1,3,3,1,0,0,0,False,True,False,True,False,False,True,False,False,False,False,False,False,False,False,False,True,True,False,-0.9771736638126857,-0.8056068488265347,-1.3216011591512031,-0.9810141559830953,Young,0.5,Low
30,1,945,9,3,2,1,89,3,1,4,1081,16019,1,0,13,3,3,0,1,3,2,1,0,0,0,False,True,False,True,False,False,True,False,False,False,False,False,False,False,False,False,True,False,True,-0.7581699611438873,-1.2134780049426694,-1.3216011591512031,-0.9810141559830953,Young,0.5,Low
22,1,391,7,1,4,1,75,3,1,2,2472,26092,1,1,23,4,1,0,1,2,3,1,0,0,0,False,True,True,False,True,False,False,False,False,False,False,False,False,False,True,False,False,False,True,-1.6341847718190805,-0.8938448904877154,-1.3216011591512031,-0.9810141559830953,Young,0.5,Low
36,0,1266,10,4,2,0,63,2,2,3,5673,6060,1,1,13,3,1,1,10,4,3,10,9,1,7,False,True,False,True,False,False,False,False,True,False,False,False,False,False,False,True,False,True,False,-0.10115885313749257,-0.15829809007771678,-0.16451140099023315,0.48850772848886465,Middle-Aged,0.9090909090909091,Medium
31,0,311,20,3,2,1,89,3,2,3,4197,18624,1,0,11,3,1,1,10,2,3,10,8,0,2,False,True,True,False,True,False,False,False,False,False,True,False,False,False,False,False,False,False,False,-0.6486681098094882,-0.49746306271288016,-0.16451140099023315,0.48850772848886465,Middle-Aged,0.9090909090909091,Medium
34,0,1480,4,3,3,1,64,3,3,4,9713,24444,2,1,13,3,4,3,9,3,3,5,3,1,0,False,True,False,True,True,False,False,False,False,False,False,False,False,False,False,True,False,True,False,-0.3201625558062908,0.7700396398992887,-0.2930769296747854,-0.32789331844000197,Middle-Aged,0.5,High
29,0,592,7,3,4,1,59,3,1,1,2062,19384,3,0,14,3,2,0,11,2,3,3,2,1,2,False,True,True,False,True,False,False,False,False,False,True,False,False,False,False,False,False,False,True,-0.8676718124782865,-0.9880573828863719,-0.03594587230568093,-0.6544537372115486,Young,0.25,Low
37,0,783,7,4,4,1,78,3,2,1,4284,13588,5,1,22,4,3,1,16,2,3,5,3,0,4,False,True,True,False,False,False,True,False,False,False,False,False,False,False,True,False,False,True,False,0.008342998196906572,-0.47747163139901894,0.6068817711170802,-0.32789331844000197,Middle-Aged,0.29411764705882354,Medium
35,0,219,16,2,4,0,44,2,2,2,4788,25388,0,1,11,3,4,0,4,2,3,3,2,0,2,False,True,True,False,False,False,False,True,False,False,False,False,True,False,False,False,False,True,False,-0.2106607044718917,-0.36165920171871924,-0.9359045730975464,-0.6544537372115486,Middle-Aged,0.6,Medium
45,0,556,25,2,2,0,93,2,2,4,5906,23888,0,0,13,3,4,2,10,2,2,9,8,3,8,False,True,True,False,True,False,False,False,False,False,False,False,True,False,False,False,False,True,False,0.8843578088720997,-0.10475782000726078,-0.16451140099023315,0.32522751910309133,Middle-Aged,0.8181818181818182,Medium
36,0,1213,2,1,2,1,94,2,2,4,3886,4223,1,0,21,4,4,0,10,2,2,10,1,0,8,True,False,False,False,False,False,False,False,False,True,False,False,False,False,False,False,False,False,True,-0.10115885313749257,-0.5689266849957635,-0.16451140099023315,0.48850772848886465,Middle-Aged,0.9090909090909091,Medium
40,0,1137,1,4,1,1,98,3,4,1,16581,18991,2,0,11,3,1,1,22,3,3,19,7,11,16,False,True,True,False,True,False,False,False,False,False,False,True,False,False,False,False,False,False,False,0.33684855220010396,2.3482137808601977,1.3782749432243935,1.9580296129608246,Middle-Aged,0.8260869565217391,High
26,0,482,1,2,2,0,90,2,1,3,2933,14908,1,1,13,3,3,1,1,3,2,1,0,1,0,False,True,True,False,True,False,False,False,False,False,False,False,False,False,True,False,False,True,False,-1.1961773664814839,-0.7879132831809333,-1.3216011591512031,-0.9810141559830953,Young,0.5,Low
27,0,511,2,2,1,0,89,4,2,3,6500,26997,0,0,14,3,2,0,9,5,2,8,7,0,7,False,True,False,True,False,False,True,False,False,False,False,False,False,False,False,True,False,False,True,-1.0866755151470848,0.03173540068737814,-0.2930769296747854,0.16194730971731802,Young,0.8,Medium
48,0,117,22,3,4,0,58,3,4,4,16581,2437,3,0,11,3,2,1,24,3,3,22,17,4,7,True,False,True,False,False,False,True,False,False,False,False,True,False,False,False,False,False,False,False,1.2128633628752972,2.3482137808601977,1.6354060005934978,2.4478702411181446,Senior,0.88,High
44,0,170,1,4,2,1,78,4,2,1,5033,9364,2,0,15,3,4,1,10,5,3,2,0,2,2,False,True,True,False,True,False,False,False,False,False,False,False,False,False,False,False,False,True,False,0.7748559575377005,-0.30536149284635133,-0.16451140099023315,-0.8177339465973219,Middle-Aged,0.18181818181818182,Medium
34,1,967,16,4,4,1,85,1,1,1,2307,14460,1,1,23,4,2,1,5,2,3,5,2,3,0,False,False,True,False,False,False,False,False,True,False,False,False,False,False,True,False,False,True,False,-0.3201625558062908,-0.9317596740140041,-0.8073390444129942,-0.32789331844000197,Middle-Aged,0.8333333333333334,Low
56,1,1162,24,2,1,1,97,3,1,4,2587,10261,1,0,16,3,4,0,5,3,3,4,2,1,0,False,True,True,False,True,False,False,False,False,False,True,False,False,False,False,False,False,False,True,2.08887817355049,-0.8674194353027264,-0.8073390444129942,-0.4911735278257753,Senior,0.6666666666666666,Low
36,0,335,17,2,3,1,33,2,2,2,5507,16822,2,0,16,3,3,2,12,1,1,4,2,1,3,False,True,False,True,False,True,False,False,False,False,False,False,False,False,False,True,False,True,False,-0.10115885313749257,-0.19644266017083137,0.09261965637887129,-0.4911735278257753,Middle-Aged,0.3076923076923077,Medium
41,0,337,8,3,3,0,54,3,2,2,4393,26841,5,0,21,4,3,1,14,3,3,5,4,1,4,False,True,False,True,False,True,False,False,False,False,False,False,False,False,False,True,False,True,False,0.4463504035345031,-0.45242489561498583,0.34975071374797573,-0.32789331844000197,Middle-Aged,0.3333333333333333,Medium
42,0,1396,6,3,3,1,83,3,3,1,13348,14842,9,0,13,3,2,1,18,3,4,13,7,5,7,False,True,True,False,False,False,True,False,False,False,False,False,False,True,False,False,False,True,False,0.5558522548689022,1.6053138103117677,0.8640128284861845,0.9783483566461847,Middle-Aged,0.6842105263157895,High
31,0,1079,10,2,3,0,86,3,2,4,6583,20115,2,1,11,3,4,1,8,2,3,5,2,1,4,False,True,False,True,False,False,True,False,False,False,False,False,False,False,False,True,False,False,False,-0.6486681098094882,0.05080768573393543,-0.42164245835933756,-0.32789331844000197,Middle-Aged,0.5555555555555556,High
34,0,735,3,1,4,0,75,2,2,4,8103,16495,3,1,12,3,3,0,9,3,2,4,2,0,1,False,True,False,True,False,False,True,False,False,False,False,False,False,False,False,True,False,True,False,-0.3201625558062908,0.40008326730944244,-0.2930769296747854,-0.4911735278257753,Middle-Aged,0.4,High
31,0,471,4,3,1,0,62,4,1,3,3978,16031,8,0,12,3,2,1,4,0,2,2,2,2,2,False,True,True,False,False,False,True,False,False,False,True,False,False,False,False,False,False,False,False,-0.6486681098094882,-0.5477863208477723,-0.9359045730975464,-0.8177339465973219,Middle-Aged,0.4,Medium
26,0,1096,6,3,3,1,61,4,1,4,2544,7102,0,0,18,3,1,1,8,3,3,7,7,7,7,True,False,True,False,False,False,False,True,False,False,True,False,False,False,False,False,False,True,False,-1.1961773664814839,-0.8773002576762441,-0.42164245835933756,-0.0013328996684553085,Young,0.7777777777777778,Low
45,0,1297,1,4,2,1,44,3,2,3,5399,14511,4,0,12,3,3,0,12,3,3,4,2,0,3,True,False,True,False,False,False,True,False,False,False,False,False,False,False,False,False,False,False,True,0.8843578088720997,-0.22125960938803846,0.09261965637887129,-0.4911735278257753,Middle-Aged,0.3076923076923077,Medium
33,0,217,10,4,2,1,43,3,2,3,5487,10410,1,0,14,3,2,0,10,2,2,10,4,0,9,False,True,False,True,False,True,False,False,False,False,False,False,False,False,False,True,False,False,True,-0.42966440714069,-0.2010383915073512,-0.16451140099023315,0.48850772848886465,Middle-Aged,0.9090909090909091,Medium
28,0,783,1,2,3,1,42,2,2,4,6834,19255,1,1,12,3,3,1,7,2,3,7,7,0,7,True,False,False,True,True,False,False,False,False,False,False,False,False,False,False,True,False,True,False,-0.9771736638126857,0.10848411400725928,-0.5502079870438897,-0.0013328996684553085,Young,0.875,High
29,1,746,24,3,3,1,45,4,1,1,1091,10642,1,0,17,3,4,0,1,3,3,1,0,0,0,True,False,False,True,False,False,False,False,True,False,False,False,False,False,False,False,True,False,True,-0.8676718124782865,-1.2111801392744097,-1.3216011591512031,-0.9810141559830953,Young,0.5,Low
39,0,1251,21,4,1,0,32,1,2,3,5736,3987,6,0,19,3,3,1,10,1,3,3,2,1,2,False,False,False,True,True,False,False,False,False,False,False,False,False,False,False,True,False,True,False,0.22734670086570485,-0.14382153636767933,-0.16451140099023315,-0.6544537372115486,Middle-Aged,0.2727272727272727,Medium
27,0,1354,2,4,2,1,41,3,1,2,2226,6073,1,0,11,3,3,1,6,3,2,5,3,1,2,False,True,True,False,False,False,False,False,True,False,False,False,False,False,True,False,False,True,False,-1.0866755151470848,-0.9503723859269093,-0.678773515728442,-0.32789331844000197,Young,0.7142857142857143,Low
34,0,735,22,4,3,1,86,2,2,4,5747,26496,1,1,15,3,2,0,16,3,3,15,10,6,11,True,False,True,False,False,False,False,True,False,False,False,False,False,False,True,False,False,True,False,-0.3201625558062908,-0.14129388413259342,0.6068817711170802,1.3049087754177313,Middle-Aged,0.8823529411764706,Medium
28,1,1475,13,2,4,0,84,3,2,3,9854,23352,3,1,11,3,4,0,6,0,3,2,0,2,2,False,True,False,True,False,True,False,False,False,False,False,False,False,False,False,True,False,False,True,-0.9771736638126857,0.8024395458217535,-0.678773515728442,-0.8177339465973219,Young,0.2857142857142857,High
47,0,1169,14,4,3,1,64,3,2,2,5467,2125,8,0,18,3,3,1,16,4,4,8,7,1,7,False,False,True,False,False,False,False,False,True,False,False,False,False,False,True,False,False,True,False,1.103361511540898,-0.20563412284387103,0.6068817711170802,0.16194730971731802,Senior,0.47058823529411764,Medium
56,0,1443,11,5,4,0,89,2,2,1,5380,20328,4,0,16,3,3,1,6,3,3,0,0,0,0,False,True,False,True,False,True,False,False,False,False,False,False,False,False,False,True,False,True,False,2.08887817355049,-0.22562555415773228,-0.678773515728442,-1.1442943653688686,Senior,0.0,Medium
39,0,867,9,2,1,1,87,3,2,1,5151,12315,1,0,25,4,4,1,10,3,3,10,0,7,9,False,True,True,False,False,False,True,False,False,False,False,False,True,False,False,False,False,True,False,0.22734670086570485,-0.2782466779608843,-0.16451140099023315,0.48850772848886465,Middle-Aged,0.9090909090909091,Medium
38,0,1394,8,3,4,0,58,2,2,2,2133,18115,1,1,16,3,3,1,20,3,3,20,11,0,7,True,False,True,False,False,False,True,False,False,False,False,False,False,False,True,False,False,False,False,0.11784484953130571,-0.9717425366417265,1.121143885855289,2.1213098223465976,Middle-Aged,0.9523809523809523,Low
58,0,605,21,3,4,0,72,3,4,4,16581,11761,4,1,13,3,3,1,29,2,2,1,0,0,0,False,True,False,True,True,False,False,False,False,False,False,True,False,False,False,False,False,True,False,2.3078818762192883,2.3482137808601977,2.2782336440162587,-0.9810141559830953,Senior,0.03333333333333333,High
32,1,238,5,2,1,0,47,4,1,3,2432,15318,3,1,14,3,1,0,8,2,3,4,1,0,3,True,False,True,False,True,False,False,False,False,False,False,False,False,False,True,False,False,False,True,-0.5391662584750891,-0.903036353160755,-0.42164245835933756,-0.4911735278257753,Middle-Aged,0.4444444444444444,Low
38,0,1206,9,2,2,1,71,3,1,4,4771,14293,2,0,19,3,4,2,10,0,4,5,2,0,3,False,True,True,False,True,False,False,False,False,False,False,False,False,False,True,False,False,False,False,0.11784484953130571,-0.3655655733547611,-0.16451140099023315,-0.32789331844000197,Middle-Aged,0.45454545454545453,Medium
49,0,1064,2,1,2,1,42,3,5,4,16581,13738,3,0,15,3,4,0,28,3,3,5,4,4,3,True,False,True,False,True,False,False,False,False,False,False,False,False,True,False,False,False,True,False,1.3223652142096962,2.3482137808601977,2.1496681153317065,-0.32789331844000197,Senior,0.1724137931034483,High
42,0,419,12,4,2,1,77,3,2,4,5087,2900,3,1,12,3,3,2,14,4,3,0,0,0,0,False,True,False,True,False,True,False,False,False,False,False,False,False,False,False,True,False,False,False,0.5558522548689022,-0.2929530182377478,0.34975071374797573,-1.1442943653688686,Middle-Aged,0.0,Medium
27,1,1337,22,3,1,0,58,2,1,2,2863,19555,1,0,12,3,1,0,1,2,3,1,0,0,0,True,False,False,False,False,False,False,False,False,True,False,False,False,False,False,False,False,True,False,-1.0866755151470848,-0.8039983428587527,-1.3216011591512031,-0.9810141559830953,Young,0.5,Low
35,0,682,18,4,2,1,71,3,2,1,5561,15975,0,0,16,3,4,1,6,2,1,5,3,0,4,False,True,False,True,False,False,True,False,False,False,False,False,False,False,False,True,False,True,False,-0.2106607044718917,-0.18403418556222784,-0.678773515728442,-0.32789331844000197,Middle-Aged,0.7142857142857143,Medium
28,0,1103,16,3,3,1,49,3,1,3,2144,2122,1,0,14,3,3,0,5,3,2,5,3,1,4,False,False,True,False,False,False,True,False,False,False,False,False,False,False,True,False,False,False,True,-0.9771736638126857,-0.9692148844066406,-0.8073390444129942,-0.32789331844000197,Young,0.8333333333333334,Low
31,0,976,3,2,3,1,48,3,1,1,3065,3995,1,1,13,3,4,1,4,3,4,4,2,2,3,False,False,True,False,False,False,True,False,False,False,False,False,False,False,True,False,False,False,False,-0.6486681098094882,-0.7575814563599025,-0.9359045730975464,-0.4911735278257753,Middle-Aged,0.8,Low
36,0,1351,9,4,1,1,66,4,1,2,2810,9238,1,0,22,4,2,0,5,3,3,5,4,0,2,False,False,True,False,True,False,False,False,False,False,True,False,False,False,False,False,False,True,False,-0.10115885313749257,-0.8161770309005303,-0.8073390444129942,-0.32789331844000197,Middle-Aged,0.8333333333333334,Low
34,0,937,1,3,1,1,32,3,3,4,9888,6770,1,0,21,4,1,0,14,3,2,14,8,2,1,False,True,False,True,False,True,False,False,False,False,False,False,False,False,False,True,False,False,True,-0.3201625558062908,0.8102522890938372,0.34975071374797573,1.141628566031958,Middle-Aged,0.9333333333333333,High
34,0,1239,13,4,4,1,39,3,3,3,8628,22914,1,0,18,3,3,1,9,2,2,8,7,1,1,False,True,False,True,False,False,True,False,False,False,False,False,False,False,False,True,False,False,False,-0.3201625558062908,0.520721214893088,-0.2930769296747854,0.16194730971731802,Middle-Aged,0.8,High
26,0,157,1,3,3,1,95,3,1,1,2867,20006,0,0,13,3,4,0,8,6,2,7,7,7,6,False,True,True,False,False,False,True,False,False,False,True,False,False,False,False,False,False,False,True,-1.1961773664814839,-0.8030791965914488,-0.42164245835933756,-0.0013328996684553085,Young,0.7777777777777778,Low
29,0,136,1,3,1,1,89,3,2,1,5373,6225,0,0,12,3,1,1,6,5,2,5,3,0,2,False,True,True,False,True,False,False,False,False,False,False,False,False,False,False,False,False,True,False,-0.8676718124782865,-0.22723406012551423,-0.678773515728442,-0.32789331844000197,Young,0.7142857142857143,Medium
32,0,1146,15,4,3,0,34,3,2,4,6667,16542,5,0,18,3,2,1,9,6,3,5,1,1,2,False,False,True,False,False,False,True,False,False,False,False,False,False,False,False,False,False,False,False,-0.5391662584750891,0.07010975734731871,-0.2930769296747854,-0.32789331844000197,Middle-Aged,0.5,High
31,0,1125,1,3,4,1,48,1,2,1,5003,5771,1,0,21,4,2,0,10,6,3,10,8,8,7,True,False,True,False,True,False,False,False,False,False,False,False,False,False,True,False,False,True,False,-0.6486681098094882,-0.31225508985113104,-0.16451140099023315,0.48850772848886465,Middle-Aged,0.9090909090909091,Medium
28,1,1404,17,3,3,1,32,2,1,4,2367,18779,5,0,12,3,1,1,6,2,2,4,1,0,3,False,True,True,False,False,False,False,False,True,False,True,False,False,False,False,False,False,False,False,-0.9771736638126857,-0.9179724800044445,-0.678773515728442,-0.4911735278257753,Young,0.5714285714285714,Low
38,0,1404,1,3,1,1,59,2,1,1,2858,11473,4,0,14,3,1,0,20,3,2,1,0,0,0,False,True,False,True,True,False,False,False,False,False,False,False,False,False,False,False,True,False,True,0.11784484953130571,-0.8051472756928827,1.121143885855289,-0.9810141559830953,Middle-Aged,0.047619047619047616,Low
35,0,1224,7,4,3,0,55,3,2,4,5204,13586,1,1,11,3,4,0,10,2,3,10,8,0,9,False,True,False,True,True,False,False,False,False,False,False,False,False,False,False,True,False,True,False,-0.2106607044718917,-0.2660679899191068,-0.16451140099023315,0.48850772848886465,Middle-Aged,0.9090909090909091,Medium
27,0,954,9,3,4,1,44,3,2,4,4105,5099,1,0,14,3,1,0,7,5,3,7,7,0,7,False,True,False,True,False,True,False,False,False,False,False,False,False,False,False,True,False,False,True,-1.0866755151470848,-0.5186034268608714,-0.5502079870438897,-0.0013328996684553085,Young,0.875,Medium
32,0,1373,5,4,4,1,56,2,2,4,9679,10138,8,0,24,4,2,0,8,1,3,1,0,0,0,False,True,True,False,True,False,False,False,False,False,False,False,True,False,False,False,False,False,True,-0.5391662584750891,0.762226896627205,-0.42164245835933756,-0.9810141559830953,Middle-Aged,0.1111111111111111,High
31,1,754,26,4,1,1,63,3,2,4,5617,21075,1,1,11,3,3,0,10,4,3,10,7,0,8,True,False,False,True,False,True,False,False,False,False,False,False,False,False,False,True,False,True,False,-0.6486681098094882,-0.1711661378199723,-0.16451140099023315,0.48850772848886465,Middle-Aged,0.9090909090909091,Medium
53,1,1168,24,4,1,1,66,3,3,1,10448,5843,6,1,13,3,2,0,15,2,2,2,2,2,2,False,True,False,True,True,False,False,False,False,False,False,False,False,False,False,True,False,False,True,1.7603726195472926,0.9389327665163923,0.4783162424325279,-0.8177339465973219,Senior,0.125,High
54,0,155,9,2,1,0,67,3,2,3,2897,22474,3,0,11,3,3,2,9,6,2,4,3,2,3,False,True,True,False,True,False,False,False,False,False,False,False,False,False,True,False,False,True,False,1.869874470881692,-0.796185599586669,-0.2930769296747854,-0.4911735278257753,Senior,0.4,Low
33,0,1303,7,2,4,1,36,3,2,3,5968,18079,1,0,20,4,3,3,9,2,3,9,7,2,8,True,False,True,False,True,False,False,False,False,False,False,False,False,False,False,False,False,False,False,-0.42966440714069,-0.09051105286404931,-0.2930769296747854,0.32522751910309133,Middle-Aged,0.9,Medium
43,0,574,11,3,1,1,30,3,3,3,7510,16873,1,0,17,3,2,1,10,1,3,10,9,0,9,False,True,True,False,True,False,False,False,False,False,False,False,False,False,False,False,False,True,False,0.6653541062033014,0.2638198331816295,-0.16451140099023315,0.48850772848886465,Middle-Aged,0.9090909090909091,High
38,0,1444,1,4,4,1,88,3,1,2,2991,5224,0,1,11,3,2,1,7,2,3,6,2,1,2,True,False,False,False,False,False,False,True,False,True,False,False,False,False,False,False,False,True,False,0.11784484953130571,-0.7745856623050259,-0.5502079870438897,-0.16461310905422863,Middle-Aged,0.75,Low
55,0,189,26,4,3,1,71,4,5,2,16581,25811,4,1,18,3,1,1,35,0,3,10,9,1,4,False,True,False,False,False,False,False,False,False,False,False,True,False,False,False,False,False,True,False,1.979376322216091,2.3482137808601977,3.049626816123572,0.48850772848886465,Senior,0.2777777777777778,High
31,0,1276,2,1,4,0,59,1,1,4,1129,17536,1,1,11,3,3,3,1,4,3,1,0,0,0,False,True,True,False,False,False,True,False,False,False,True,False,False,False,False,False,False,False,False,-0.6486681098094882,-1.202448249735022,-1.3216011591512031,-0.9810141559830953,Middle-Aged,0.5,Low
39,0,119,15,4,2,1,77,3,4,1,13341,25098,0,0,12,3,1,0,21,3,3,20,8,11,10,False,True,False,True,False,True,False,False,False,False,False,False,False,False,False,True,False,False,True,0.22734670086570485,1.6037053043439857,1.2497094145398413,2.1213098223465976,Middle-Aged,0.9090909090909091,High
42,0,335,23,2,4,1,37,2,2,3,4332,14811,1,0,12,3,4,0,20,2,3,20,9,3,7,False,False,True,False,True,False,False,False,False,False,False,False,False,False,True,False,False,False,True,0.5558522548689022,-0.46644187619137134,1.121143885855289,2.1213098223465976,Middle-Aged,0.9523809523809523,Medium
31,0,697,10,3,3,0,40,3,3,3,11031,26862,4,0,20,4,3,1,13,2,4,11,7,4,8,False,False,True,False,False,False,True,False,False,False,False,False,False,True,False,False,False,True,False,-0.6486681098094882,1.0728983349759453,0.2211851850634235,0.651787937874638,Middle-Aged,0.7857142857142857,High
54,0,157,10,3,3,0,77,3,2,1,4440,25198,6,1,19,3,4,0,9,3,3,5,2,1,4,False,True,True,False,False,False,True,False,False,False,False,False,True,False,False,False,False,False,True,1.869874470881692,-0.4416249269741642,-0.2930769296747854,-0.32789331844000197,Senior,0.5,Medium
24,0,771,1,2,2,1,45,2,2,3,4617,14120,1,0,12,3,2,0,4,2,2,4,3,1,2,False,True,True,False,True,False,False,False,False,False,False,False,False,False,False,False,False,False,True,-1.4151810691502822,-0.4009527046459638,-0.9359045730975464,-0.4911735278257753,Young,0.8,Medium
23,0,571,12,2,4,1,78,3,1,4,2647,13672,1,0,13,3,3,0,5,6,4,5,2,1,4,False,True,True,False,False,False,False,True,False,False,True,False,False,False,False,False,False,False,True,-1.5246829204846812,-0.853632241293167,-0.8073390444129942,-0.32789331844000197,Young,0.8333333333333334,Low
40,0,692,11,3,4,0,73,3,2,3,6323,26849,1,0,11,3,1,1,10,2,4,10,9,9,4,True,False,True,False,False,False,False,False,True,False,True,False,False,False,False,False,False,True,False,0.33684855220010396,-0.008936821640822348,-0.16451140099023315,0.48850772848886465,Middle-Aged,0.9090909090909091,Medium
40,0,444,2,2,2,0,92,3,2,2,5677,4258,3,0,14,3,3,1,15,4,3,11,8,5,10,False,True,False,True,False,True,False,False,False,False,False,False,False,False,False,True,False,True,False,0.33684855220010396,-0.1573789438104128,0.4783162424325279,0.651787937874638,Middle-Aged,0.6875,Medium
25,0,309,2,3,3,0,82,3,1,2,2187,19655,4,0,14,3,3,0,6,3,3,2,0,1,2,False,True,False,False,False,False,False,False,False,True,False,False,False,False,False,False,False,True,False,-1.3056792178158831,-0.959334062033123,-0.678773515728442,-0.8177339465973219,Young,0.2857142857142857,Low
30,0,911,1,2,4,1,76,3,1,2,3748,4077,1,0,13,3,3,0,12,6,2,12,8,1,7,False,True,True,False,False,False,True,False,False,False,True,False,False,False,False,False,False,True,False,-0.7581699611438873,-0.6006372312177504,0.09261965637887129,0.8150681472604113,Young,0.9230769230769231,Medium
25,0,977,2,1,4,1,57,3,1,3,3977,7298,6,1,19,3,3,1,7,2,2,2,2,0,2,False,True,True,False,False,False,False,True,False,False,True,False,False,False,False,False,False,False,False,-1.3056792178158831,-0.5480161074145983,-0.5502079870438897,-0.8177339465973219,Young,0.25,Medium
47,0,1180,25,3,1,1,84,3,3,3,8633,13084,2,0,23,4,2,0,25,3,3,17,14,12,11,False,True,True,False,False,False,True,False,False,False,False,False,False,False,False,False,False,False,True,1.103361511540898,0.5218701477272178,1.76397152927805,1.6314691941892778,Senior,0.6538461538461539,High
33,0,1313,1,2,2,1,59,2,1,3,2008,20439,1,0,12,3,3,3,1,2,2,1,1,0,0,False,False,True,False,False,False,True,False,False,False,True,False,False,False,False,False,False,False,False,-0.42966440714069,-1.0004658574949754,-1.3216011591512031,-0.9810141559830953,Middle-Aged,0.5,Low
38,0,1321,1,4,4,1,86,3,2,2,4440,7636,0,0,15,3,1,2,16,3,3,15,13,5,8,False,True,False,True,True,False,False,False,False,False,False,False,False,False,False,True,False,True,False,0.11784484953130571,-0.4416249269741642,0.6068817711170802,1.3049087754177313,Middle-Aged,0.8823529411764706,Medium
31,0,1154,2,2,1,1,54,3,1,3,3067,6393,0,0,19,3,3,1,3,1,3,2,2,1,2,False,True,False,True,True,False,False,False,False,False,False,False,False,False,False,False,True,True,False,-0.6486681098094882,-0.7571218832262505,-1.0644701017820986,-0.8177339465973219,Middle-Aged,0.5,Low
38,0,508,6,4,1,1,72,2,2,3,5321,14284,2,0,11,3,4,1,10,1,3,8,3,7,7,True,False,True,False,True,False,False,False,False,False,False,False,True,False,False,False,False,True,False,0.11784484953130571,-0.2391829616004658,-0.16451140099023315,0.16194730971731802,Middle-Aged,0.7272727272727273,Medium
42,0,557,18,4,4,1,35,3,2,1,5410,11189,6,1,17,3,3,1,9,3,2,4,3,1,2,False,True,True,False,True,False,False,False,False,False,False,False,False,False,True,False,False,False,False,0.5558522548689022,-0.21873195715295254,-0.2930769296747854,-0.4911735278257753,Middle-Aged,0.4,Medium
41,0,642,1,3,4,1,76,3,1,4,2782,21412,3,0,22,4,1,1,12,3,3,5,3,1,0,False,True,True,False,True,False,False,False,False,False,False,False,False,False,True,False,False,True,False,0.4463504035345031,-0.8226110547716581,0.09261965637887129,-0.32789331844000197,Middle-Aged,0.38461538461538464,Low
47,0,1162,1,1,3,0,98,3,3,2,11957,17231,0,0,18,3,1,2,14,3,1,13,8,5,12,False,False,True,False,False,False,True,False,False,False,False,False,False,True,False,False,False,True,False,1.103361511540898,1.2856806958568134,0.34975071374797573,0.9783483566461847,Senior,0.8666666666666667,High
35,0,1490,11,4,4,1,43,3,1,3,2660,20232,7,1,11,3,3,1,5,3,3,2,2,2,2,False,True,True,False,False,False,True,False,False,False,True,False,False,False,False,False,False,True,False,-0.2106607044718917,-0.850645015924429,-0.8073390444129942,-0.8177339465973219,Middle-Aged,0.3333333333333333,Low
22,0,581,1,2,4,1,63,3,1,3,3375,17624,0,0,12,3,4,0,4,2,4,3,2,1,2,False,True,True,False,True,False,False,False,False,False,False,False,False,False,True,False,False,False,True,-1.6341847718190805,-0.6863476206438451,-0.9359045730975464,-0.6544537372115486,Young,0.6,Low
35,0,1395,9,4,2,1,48,3,2,3,5098,18698,1,0,19,3,2,0,10,5,3,10,7,0,8,False,True,True,False,False,False,True,False,False,False,False,False,False,False,True,False,False,False,True,-0.2106607044718917,-0.2904253660026619,-0.16451140099023315,0.48850772848886465,Middle-Aged,0.9090909090909091,Medium
33,0,501,15,2,2,0,95,3,2,4,4878,21653,0,1,13,3,1,1,10,6,3,9,7,8,1,False,True,True,False,False,False,True,False,False,False,False,False,False,False,False,False,False,True,False,-0.42966440714069,-0.34097841070438,-0.16451140099023315,0.32522751910309133,Middle-Aged,0.8181818181818182,Medium
32,0,267,29,4,3,0,49,2,1,2,2837,15919,1,0,13,3,3,0,6,3,3,6,2,4,1,False,True,True,False,True,False,False,False,False,False,True,False,False,False,False,False,False,False,True,-0.5391662584750891,-0.8099727935962285,-0.678773515728442,-0.16461310905422863,Middle-Aged,0.8571428571428571,Low
40,0,543,1,4,1,1,83,3,1,4,2406,4060,8,0,19,3,3,2,8,3,2,1,0,0,0,False,True,True,False,True,False,False,False,False,False,True,False,False,False,False,False,False,True,False,0.33684855220010396,-0.9090108038982309,-0.42164245835933756,-0.9810141559830953,Middle-Aged,0.1111111111111111,Low
32,0,234,1,4,2,1,68,2,1,2,2269,18024,0,0,14,3,2,1,3,2,3,2,2,2,2,False,True,False,True,False,False,True,False,False,False,False,False,False,False,False,False,True,True,False,-0.5391662584750891,-0.9404915635533917,-1.0644701017820986,-0.8177339465973219,Middle-Aged,0.5,Low
39,0,116,24,1,1,1,52,3,2,4,4108,5340,7,0,13,3,1,0,18,2,3,7,7,1,7,False,True,True,False,True,False,False,False,False,False,False,False,False,False,True,False,False,False,True,0.22734670086570485,-0.5179140671603935,0.8640128284861845,-0.0013328996684553085,Middle-Aged,0.3684210526315789,Medium
38,0,201,10,3,2,0,99,1,3,3,13206,3376,3,0,12,3,1,1,20,3,3,18,16,1,11,False,True,True,False,False,False,True,False,False,False,False,False,False,True,False,False,False,True,False,0.11784484953130571,1.5726841178224769,1.121143885855289,1.794749403575051,Middle-Aged,0.8571428571428571,High
32,0,801,1,4,3,0,48,3,3,4,10422,24032,1,0,19,3,3,2,14,3,3,14,10,5,7,False,True,False,True,False,True,False,False,False,False,False,False,False,False,False,True,False,True,False,-0.5391662584750891,0.9329583157789166,0.34975071374797573,1.141628566031958,Middle-Aged,0.9333333333333333,High
37,0,161,10,3,3,0,42,4,3,4,13744,15471,1,1,25,4,1,1,16,2,3,16,11,6,8,False,True,True,False,True,False,False,False,False,False,False,False,False,True,False,False,False,True,False,0.008342998196906572,1.6963092907748603,0.6068817711170802,1.4681889848035046,Middle-Aged,0.9411764705882353,High
25,0,1382,8,2,1,0,85,3,2,3,4907,13684,0,1,22,4,2,1,6,3,2,5,3,0,4,False,True,False,True,False,False,False,True,False,False,False,False,False,False,False,True,False,False,False,-1.3056792178158831,-0.33431460026642623,-0.678773515728442,-0.32789331844000197,Young,0.7142857142857143,Medium
52,0,585,29,4,1,1,40,3,1,4,3482,19788,2,0,15,3,2,2,16,3,2,9,8,0,0,False,False,False,True,True,False,False,False,False,False,False,False,False,False,False,False,True,False,False,1.6508707682128936,-0.6617604579934641,0.6068817711170802,0.32522751910309133,Senior,0.5294117647058824,Low
44,0,1037,1,3,2,1,42,3,1,4,2436,13422,6,1,12,3,3,0,6,2,3,4,3,1,2,False,True,True,False,False,False,True,False,False,False,False,False,False,False,True,False,False,False,True,0.7748559575377005,-0.9021172068934511,-0.678773515728442,-0.4911735278257753,Middle-Aged,0.5714285714285714,Low
21,0,501,5,1,3,1,58,3,1,1,2380,25479,1,1,11,3,4,0,2,6,3,2,2,1,2,False,True,False,True,False,False,True,False,False,False,False,False,False,False,False,False,True,False,True,-1.7436866231534796,-0.9149852546357067,-1.193035630466651,-0.8177339465973219,Young,0.6666666666666666,Low
39,0,105,9,3,4,1,87,3,5,4,16581,15302,2,0,13,3,3,0,21,3,2,6,0,1,3,False,False,True,False,True,False,False,False,False,False,False,True,False,False,False,False,False,False,True,0.22734670086570485,2.3482137808601977,1.2497094145398413,-0.16461310905422863,Middle-Aged,0.2727272727272727,High
23,1,638,9,3,4,1,33,3,1,1,1790,26956,1,0,19,3,1,1,1,3,2,1,0,1,0,True,False,False,True,False,True,False,False,False,False,False,False,False,False,False,False,True,True,False,-1.5246829204846812,-1.0505593290630415,-1.3216011591512031,-0.9810141559830953,Young,0.5,Low
36,0,557,3,3,1,0,94,2,3,4,7644,12695,0,0,19,3,3,2,10,2,3,9,7,3,4,False,True,False,True,False,False,True,False,False,False,False,False,False,False,False,True,False,True,False,-0.10115885313749257,0.2946112331363124,-0.16451140099023315,0.32522751910309133,Middle-Aged,0.8181818181818182,High
36,0,688,4,2,4,0,97,3,2,2,5131,9192,7,0,13,3,2,3,18,3,3,4,2,0,2,True,False,True,False,True,False,False,False,False,False,False,False,True,False,False,False,False,False,False,-0.10115885313749257,-0.2828424092974042,0.8640128284861845,-0.4911735278257753,Middle-Aged,0.21052631578947367,Medium
56,0,667,1,4,3,1,57,3,2,3,6306,26236,1,0,21,4,1,1,13,2,2,13,12,1,9,False,False,True,False,True,False,False,False,False,False,False,False,False,False,False,False,False,False,False,2.08887817355049,-0.012843193276864201,0.2211851850634235,0.9783483566461847,Senior,0.9285714285714286,Medium
29,1,1092,1,4,1,1,36,3,1,4,4787,26124,9,1,14,3,2,3,4,3,4,2,2,2,2,False,True,True,False,False,False,True,False,False,False,False,False,False,False,True,False,False,True,False,-0.8676718124782865,-0.3618889882855452,-0.9359045730975464,-0.8177339465973219,Young,0.4,Medium
42,0,300,2,3,1,1,56,3,5,3,16581,17312,5,0,11,3,1,0,24,2,2,22,6,4,14,False,True,True,False,True,False,False,False,False,False,False,True,False,False,False,False,False,True,False,0.5558522548689022,2.3482137808601977,1.6354060005934978,2.4478702411181446,Middle-Aged,0.88,High
56,1,310,7,2,4,1,72,3,1,3,2339,3666,8,0,11,3,4,1,14,4,1,10,9,9,8,False,True,True,False,False,False,False,False,True,False,True,False,False,False,False,False,False,True,False,2.08887817355049,-0.9244065038755723,0.34975071374797573,0.48850772848886465,Senior,0.6666666666666666,Low
41,0,582,28,4,1,0,60,2,4,2,13570,5640,0,0,23,4,3,1,21,3,3,20,7,0,10,False,True,True,False,True,False,False,False,False,False,False,False,True,False,False,False,False,True,False,0.4463504035345031,1.6563264281471377,1.2497094145398413,2.1213098223465976,Middle-Aged,0.9090909090909091,High
34,0,704,28,3,4,0,95,2,2,3,6712,8978,1,0,21,4,4,2,8,2,3,8,7,1,7,False,True,False,True,False,True,False,False,False,False,False,False,False,False,False,True,False,True,False,-0.3201625558062908,0.08045015285448832,-0.42164245835933756,0.16194730971731802,Middle-Aged,0.8888888888888888,High
36,0,301,15,4,4,1,88,1,2,4,5406,10436,1,0,24,4,1,1,15,4,2,15,12,11,11,False,False,False,True,False,True,False,False,False,False,False,False,False,False,False,True,False,False,False,-0.10115885313749257,-0.2196511034202565,0.4783162424325279,1.3049087754177313,Middle-Aged,0.9375,Medium
41,0,930,3,3,3,1,57,2,2,2,8938,12227,2,0,11,3,3,1,14,5,3,5,4,0,4,False,True,False,True,True,False,False,False,False,False,False,False,False,False,False,True,False,False,False,0.4463504035345031,0.5919550506091453,0.34975071374797573,-0.32789331844000197,Middle-Aged,0.3333333333333333,High
32,0,529,2,3,4,1,78,3,1,1,2439,11288,1,0,14,3,4,0,4,4,3,4,2,1,2,False,True,True,False,False,False,False,False,True,False,False,False,False,False,True,False,False,False,True,-0.5391662584750891,-0.9014278471929731,-0.9359045730975464,-0.4911735278257753,Middle-Aged,0.8,Low
35,0,1146,26,4,3,0,31,3,3,4,8837,16642,1,1,16,3,3,0,9,2,3,9,0,1,7,False,True,False,False,True,False,False,False,False,True,False,False,False,False,False,False,False,False,True,-0.2106607044718917,0.5687466073597202,-0.2930769296747854,0.32522751910309133,Middle-Aged,0.9,High
38,0,345,10,2,1,0,100,3,2,4,5343,5982,1,0,11,3,3,1,10,1,3,10,7,1,9,False,True,False,True,True,False,False,False,False,False,False,False,False,False,False,True,False,True,False,0.11784484953130571,-0.23412765713029396,-0.16451140099023315,0.48850772848886465,Middle-Aged,0.9090909090909091,Medium
50,1,878,1,4,2,1,94,3,2,3,6728,14255,7,0,12,3,4,2,12,3,3,6,3,0,1,True,False,False,True,True,False,False,False,False,False,False,False,False,False,False,True,False,False,False,1.4318670655440953,0.08412673792370419,0.09261965637887129,-0.16461310905422863,Senior,0.46153846153846156,High
36,0,1120,11,4,2,0,100,2,2,4,6652,14369,4,0,13,3,1,1,8,2,2,6,3,0,0,False,True,False,True,False,True,False,False,False,False,False,False,False,False,False,True,False,True,False,-0.10115885313749257,0.06666295884492884,-0.42164245835933756,-0.16461310905422863,Middle-Aged,0.6666666666666666,High
45,0,374,20,3,4,0,50,3,2,3,4850,23333,8,0,15,3,3,0,8,3,3,5,3,0,1,False,True,False,True,True,False,False,False,False,False,False,False,False,False,False,True,False,False,True,0.8843578088720997,-0.34741243457550774,-0.42164245835933756,-0.32789331844000197,Middle-Aged,0.5555555555555556,Medium
40,0,1322,2,4,3,1,52,2,1,3,2809,2725,2,0,14,3,4,0,8,2,3,2,2,2,2,False,True,True,False,True,False,False,False,False,False,False,False,False,False,True,False,False,False,True,0.33684855220010396,-0.8164068174673563,-0.42164245835933756,-0.8177339465973219,Middle-Aged,0.2222222222222222,Low
35,0,1199,18,4,3,1,80,3,2,3,5689,24594,1,1,14,3,4,2,10,2,4,10,2,0,2,True,False,True,False,True,False,False,False,False,False,False,False,False,False,False,False,False,True,False,-0.2106607044718917,-0.15462150500850091,-0.16451140099023315,0.48850772848886465,Middle-Aged,0.9090909090909091,Medium
40,0,1194,2,4,3,0,98,3,1,3,2001,12549,2,0,14,3,2,3,20,2,3,5,3,0,2,False,True,True,False,False,False,True,False,False,False,False,False,False,False,True,False,False,True,False,0.33684855220010396,-1.0020743634627574,1.121143885855289,-0.32789331844000197,Middle-Aged,0.23809523809523808,Low
35,0,287,1,4,3,0,62,1,1,4,2977,8952,1,0,12,3,4,1,4,5,3,4,3,1,1,False,True,True,False,True,False,False,False,False,False,False,False,False,False,True,False,False,True,False,-0.2106607044718917,-0.7778026742405897,-0.9359045730975464,-0.4911735278257753,Middle-Aged,0.8,Low
29,0,1378,13,2,4,1,46,2,2,2,4025,23679,4,1,13,3,1,1,10,2,3,4,3,0,3,False,True,True,False,False,False,False,True,False,False,True,False,False,False,False,False,False,True,False,-0.8676718124782865,-0.5369863522069507,-0.16451140099023315,-0.4911735278257753,Young,0.36363636363636365,Medium
29,0,468,28,4,4,0,73,2,1,1,3785,8489,1,0,14,3,2,0,5,3,1,5,4,0,4,False,True,True,False,False,False,True,False,False,False,False,False,False,False,True,False,False,False,True,-0.8676718124782865,-0.5921351282451887,-0.8073390444129942,-0.32789331844000197,Young,0.8333333333333334,Medium
50,1,410,28,3,4,1,39,2,3,1,10854,16586,4,1,13,3,2,1,20,3,3,3,2,2,0,False,True,False,True,False,True,False,False,False,False,False,False,False,False,False,True,False,False,False,1.4318670655440953,1.032226112647745,1.121143885855289,-0.6544537372115486,Senior,0.14285714285714285,High
39,0,722,24,1,2,0,60,2,4,4,12031,8828,0,0,11,3,1,1,21,2,2,20,9,9,6,False,True,False,True,False,True,False,False,False,False,False,False,False,False,False,True,False,True,False,0.22734670086570485,1.3026849018019369,1.2497094145398413,2.1213098223465976,Middle-Aged,0.9090909090909091,High
31,0,325,5,3,2,1,74,3,2,1,9936,3787,0,0,19,3,2,0,10,2,3,9,4,1,7,False,False,True,False,False,False,True,False,False,False,False,False,True,False,False,False,False,False,True,-0.6486681098094882,0.8212820443014848,-0.16451140099023315,0.32522751910309133,Middle-Aged,0.8181818181818182,High
26,0,1167,5,3,4,0,30,2,1,3,2966,21378,0,0,18,3,4,0,5,2,3,4,2,0,0,False,True,False,True,False,False,False,True,False,False,False,False,False,False,False,False,True,False,True,-1.1961773664814839,-0.7803303264756757,-0.8073390444129942,-0.4911735278257753,Young,0.6666666666666666,Low
36,0,884,23,2,3,1,41,4,2,4,2571,12290,4,0,17,3,3,1,17,3,3,5,2,0,3,True,False,True,False,False,False,True,False,False,False,True,False,False,False,False,False,False,True,False,-0.10115885313749257,-0.8710960203719422,0.7354472998016324,-0.32789331844000197,Middle-Aged,0.2777777777777778,Low
39,0,613,6,1,4,1,42,2,3,1,9991,21457,4,0,15,3,1,1,9,5,3,7,7,1,7,False,True,True,False,False,False,True,False,False,False,False,False,False,False,False,False,False,True,False,0.22734670086570485,0.8339203054769143,-0.2930769296747854,-0.0013328996684553085,Middle-Aged,0.7,High
27,0,155,4,3,2,1,87,4,2,2,6142,5174,1,1,20,4,2,1,6,0,3,6,2,0,3,False,True,True,False,True,False,False,False,False,False,False,False,True,False,False,False,False,True,False,-1.0866755151470848,-0.0505281902363268,-0.678773515728442,-0.16461310905422863,Young,0.8571428571428571,Medium
49,0,1023,2,3,4,1,63,2,2,2,5390,13243,2,0,14,3,4,0,17,3,2,9,6,0,8,True,False,False,True,False,False,True,False,False,False,False,False,False,False,False,True,False,True,False,1.3223652142096962,-0.22332768848947238,0.7354472998016324,0.32522751910309133,Senior,0.5,Medium
34,0,628,8,3,2,1,82,4,2,3,4404,10228,2,0,12,3,1,0,6,3,4,4,3,1,2,False,True,True,False,False,False,True,False,False,False,True,False,False,False,False,False,False,True,False,-0.3201625558062908,-0.44989724337989995,-0.678773515728442,-0.4911735278257753,Middle-Aged,0.5714285714285714,Medium
